This is pdfTeX, Version 3.141592653-2.6-1.40.27 (TeX Live 2025) (preloaded format=pdflatex 2025.10.27)  25 MAY 2026 10:20
entering extended mode
 \write18 enabled.
 %&-line parsing enabled.
**cas-sc-template.tex
(./cas-sc-template.tex
LaTeX2e <2025-06-01> patch level 1
L3 programming layer <2025-05-26>
(./cas-sc.cls
Document Class: cas-sc 2021/05/11, 2.3: Formatting class for CAS single column articles
\c@blind=\count275
\@bls=\dimen148
(/usr/local/texlive/2025/texmf-dist/tex/latex/base/article.cls
Document Class: article 2025/01/22 v1.4n Standard LaTeX document class
(/usr/local/texlive/2025/texmf-dist/tex/latex/base/fleqn.clo
File: fleqn.clo 2016/12/29 v1.2b Standard LaTeX option (flush left equations)
\mathindent=\skip49
Applying: [2015/01/01] Make \[ robust on input line 50.
LaTeX Info: Redefining \[ on input line 51.
Already applied: [0000/00/00] Make \[ robust on input line 62.
Applying: [2015/01/01] Make \] robust on input line 74.
LaTeX Info: Redefining \] on input line 75.
Already applied: [0000/00/00] Make \] robust on input line 83.
) (/usr/local/texlive/2025/texmf-dist/tex/latex/base/size10.clo
File: size10.clo 2025/01/22 v1.4n Standard LaTeX file (size option)
)
\c@part=\count276
\c@section=\count277
\c@subsection=\count278
\c@subsubsection=\count279
\c@paragraph=\count280
\c@subparagraph=\count281
\c@figure=\count282
\c@table=\count283
\abovecaptionskip=\skip50
\belowcaptionskip=\skip51
\bibindent=\dimen149
) (/usr/local/texlive/2025/texmf-dist/tex/latex/graphics/graphicx.sty
Package: graphicx 2024/12/31 v1.2e Enhanced LaTeX Graphics (DPC,SPQR)
(/usr/local/texlive/2025/texmf-dist/tex/latex/graphics/keyval.sty
Package: keyval 2022/05/29 v1.15 key=value parser (DPC)
\KV@toks@=\toks17
) (/usr/local/texlive/2025/texmf-dist/tex/latex/graphics/graphics.sty
Package: graphics 2024/08/06 v1.4g Standard LaTeX Graphics (DPC,SPQR)
(/usr/local/texlive/2025/texmf-dist/tex/latex/graphics/trig.sty
Package: trig 2023/12/02 v1.11 sin cos tan (DPC)
) (/usr/local/texlive/2025/texmf-dist/tex/latex/graphics-cfg/graphics.cfg
File: graphics.cfg 2016/06/04 v1.11 sample graphics configuration
)
Package graphics Info: Driver file: pdftex.def on input line 106.
(/usr/local/texlive/2025/texmf-dist/tex/latex/graphics-def/pdftex.def
File: pdftex.def 2024/04/13 v1.2c Graphics/color driver for pdftex
))
\Gin@req@height=\dimen150
\Gin@req@width=\dimen151
) (/usr/local/texlive/2025/texmf-dist/tex/latex/amsmath/amsmath.sty
Package: amsmath 2025/05/18 v2.17x AMS math features
\@mathmargin=\skip52
For additional information on amsmath, use the `?' option.
(/usr/local/texlive/2025/texmf-dist/tex/latex/amsmath/amstext.sty
Package: amstext 2024/11/17 v2.01 AMS text
(/usr/local/texlive/2025/texmf-dist/tex/latex/amsmath/amsgen.sty
File: amsgen.sty 1999/11/30 v2.0 generic functions
\@emptytoks=\toks18
\ex@=\dimen152
)) (/usr/local/texlive/2025/texmf-dist/tex/latex/amsmath/amsbsy.sty
Package: amsbsy 1999/11/29 v1.2d Bold Symbols
\pmbraise@=\dimen153
) (/usr/local/texlive/2025/texmf-dist/tex/latex/amsmath/amsopn.sty
Package: amsopn 2022/04/08 v2.04 operator names
)
\inf@bad=\count284
LaTeX Info: Redefining \frac on input line 233.
\uproot@=\count285
\leftroot@=\count286
LaTeX Info: Redefining \overline on input line 398.
LaTeX Info: Redefining \colon on input line 409.
\classnum@=\count287
\DOTSCASE@=\count288
LaTeX Info: Redefining \ldots on input line 495.
LaTeX Info: Redefining \dots on input line 498.
LaTeX Info: Redefining \cdots on input line 619.
\Mathstrutbox@=\box53
\strutbox@=\box54
LaTeX Info: Redefining \big on input line 721.
LaTeX Info: Redefining \Big on input line 722.
LaTeX Info: Redefining \bigg on input line 723.
LaTeX Info: Redefining \Bigg on input line 724.
\big@size=\dimen154
LaTeX Font Info:    Redeclaring font encoding OML on input line 742.
LaTeX Font Info:    Redeclaring font encoding OMS on input line 743.
\macc@depth=\count289
LaTeX Info: Redefining \bmod on input line 904.
LaTeX Info: Redefining \pmod on input line 909.
LaTeX Info: Redefining \smash on input line 939.
LaTeX Info: Redefining \relbar on input line 969.
LaTeX Info: Redefining \Relbar on input line 970.
\c@MaxMatrixCols=\count290
\dotsspace@=\muskip17
\c@parentequation=\count291
\dspbrk@lvl=\count292
\tag@help=\toks19
\row@=\count293
\column@=\count294
\maxfields@=\count295
\andhelp@=\toks20
\eqnshift@=\dimen155
\alignsep@=\dimen156
\tagshift@=\dimen157
\tagwidth@=\dimen158
\totwidth@=\dimen159
\lineht@=\dimen160
\@envbody=\toks21
\multlinegap=\skip53
\multlinetaggap=\skip54
\mathdisplay@stack=\toks22
LaTeX Info: Redefining \[ on input line 2949.
LaTeX Info: Redefining \] on input line 2950.
) (/usr/local/texlive/2025/texmf-dist/tex/latex/amsfonts/amsfonts.sty
Package: amsfonts 2013/01/14 v3.01 Basic AMSFonts support
\symAMSa=\mathgroup4
\symAMSb=\mathgroup5
LaTeX Font Info:    Redeclaring math symbol \hbar on input line 98.
LaTeX Font Info:    Overwriting math alphabet `\mathfrak' in version `bold'
(Font)                  U/euf/m/n --> U/euf/b/n on input line 106.
) (/usr/local/texlive/2025/texmf-dist/tex/latex/amsfonts/amssymb.sty
Package: amssymb 2013/01/14 v3.01 AMS font symbols
) (/usr/local/texlive/2025/texmf-dist/tex/latex/l3kernel/expl3.sty
Package: expl3 2025-05-26 L3 programming layer (loader) 
(/usr/local/texlive/2025/texmf-dist/tex/latex/l3backend/l3backend-pdftex.def
File: l3backend-pdftex.def 2025-04-14 L3 backend support: PDF output (pdfTeX)
\l__color_backend_stack_int=\count296
)) (/usr/local/texlive/2025/texmf-dist/tex/latex/l3packages/xparse/xparse.sty
Package: xparse 2024-08-16 L3 Experimental document command parser
) (/usr/local/texlive/2025/texmf-dist/tex/latex/etoolbox/etoolbox.sty
Package: etoolbox 2025/02/11 v2.5l e-TeX tools for LaTeX (JAW)
\etb@tempcnta=\count297
) (/usr/local/texlive/2025/texmf-dist/tex/latex/booktabs/booktabs.sty
Package: booktabs 2020/01/12 v1.61803398 Publication quality tables
\heavyrulewidth=\dimen161
\lightrulewidth=\dimen162
\cmidrulewidth=\dimen163
\belowrulesep=\dimen164
\belowbottomsep=\dimen165
\aboverulesep=\dimen166
\abovetopsep=\dimen167
\cmidrulesep=\dimen168
\cmidrulekern=\dimen169
\defaultaddspace=\dimen170
\@cmidla=\count298
\@cmidlb=\count299
\@aboverulesep=\dimen171
\@belowrulesep=\dimen172
\@thisruleclass=\count300
\@lastruleclass=\count301
\@thisrulewidth=\dimen173
) (/usr/local/texlive/2025/texmf-dist/tex/latex/makecell/makecell.sty
Package: makecell 2009/08/03 V0.1e Managing of Tab Column Heads and Cells
(/usr/local/texlive/2025/texmf-dist/tex/latex/tools/array.sty
Package: array 2025/06/08 v2.6j Tabular extension package (FMi)
\col@sep=\dimen174
\ar@mcellbox=\box55
\extrarowheight=\dimen175
\NC@list=\toks23
\extratabsurround=\skip55
\backup@length=\skip56
\ar@cellbox=\box56
)
\rotheadsize=\dimen176
\c@nlinenum=\count302
\TeXr@lab=\toks24
) (/usr/local/texlive/2025/texmf-dist/tex/latex/multirow/multirow.sty
Package: multirow 2024/11/12 v2.9 Span multiple rows of a table
\multirow@colwidth=\skip57
\multirow@cntb=\count303
\multirow@dima=\skip58
\bigstrutjot=\dimen177
) (/usr/local/texlive/2025/texmf-dist/tex/latex/colortbl/colortbl.sty
Package: colortbl 2024/10/29 v1.0k Color table columns (DPC)
(/usr/local/texlive/2025/texmf-dist/tex/latex/graphics/color.sty
Package: color 2025/01/14 v1.3e Standard LaTeX Color (DPC)
(/usr/local/texlive/2025/texmf-dist/tex/latex/graphics-cfg/color.cfg
File: color.cfg 2016/01/02 v1.6 sample color configuration
)
Package color Info: Driver file: pdftex.def on input line 149.
(/usr/local/texlive/2025/texmf-dist/tex/latex/graphics/mathcolor.ltx))
\everycr=\toks25
\minrowclearance=\skip59
\rownum=\count304
) (/usr/local/texlive/2025/texmf-dist/tex/latex/tools/dcolumn.sty
Package: dcolumn 2023/07/08 v1.06 decimal alignment package (DPC)
) (/usr/local/texlive/2025/texmf-dist/tex/latex/sttools/stfloats.sty
Package: stfloats 2017/03/27 v3.3 Improve float mechanism and baselineskip settings
\@dblbotnum=\count305
\c@dblbotnumber=\count306
) (/usr/local/texlive/2025/texmf-dist/tex/latex/tools/xspace.sty
Package: xspace 2014/10/28 v1.13 Space after command names (DPC,MH)
) (/usr/local/texlive/2025/texmf-dist/tex/generic/xstring/xstring.sty (/usr/local/texlive/2025/texmf-dist/tex/generic/xstring/xstring.tex
\xs_counta=\count307
\xs_countb=\count308
)
Package: xstring 2023/08/22 v1.86 String manipulations (CT)
) (/usr/local/texlive/2025/texmf-dist/tex/latex/footmisc/footmisc.sty
Package: footmisc 2025/05/09 v7.0b a miscellany of footnote facilities
\FN@temptoken=\toks26
\footnotemargin=\dimen178
Package footmisc Info: Declaring symbol style bringhurst on input line 549.
Package footmisc Info: Declaring symbol style chicago on input line 557.
Package footmisc Info: Declaring symbol style wiley on input line 566.
Package footmisc Info: Declaring symbol style lamport-robust on input line 577.
Package footmisc Info: Declaring symbol style lamport* on input line 597.
Package footmisc Info: Declaring symbol style lamport*-robust on input line 618.
) (/usr/local/texlive/2025/texmf-dist/tex/latex/xcolor/xcolor.sty
Package: xcolor 2024/09/29 v3.02 LaTeX color extensions (UK)
(/usr/local/texlive/2025/texmf-dist/tex/latex/graphics-cfg/color.cfg
File: color.cfg 2016/01/02 v1.6 sample color configuration
)
Package xcolor Info: Driver file: pdftex.def on input line 274.
LaTeX Info: Redefining \color on input line 762.
(/usr/local/texlive/2025/texmf-dist/tex/latex/graphics/mathcolor.ltx)
Package xcolor Info: Model `cmy' substituted by `cmy0' on input line 1349.
Package xcolor Info: Model `hsb' substituted by `rgb' on input line 1353.
Package xcolor Info: Model `RGB' extended on input line 1365.
Package xcolor Info: Model `HTML' substituted by `rgb' on input line 1367.
Package xcolor Info: Model `Hsb' substituted by `hsb' on input line 1368.
Package xcolor Info: Model `tHsb' substituted by `hsb' on input line 1369.
Package xcolor Info: Model `HSB' substituted by `hsb' on input line 1370.
Package xcolor Info: Model `Gray' substituted by `gray' on input line 1371.
Package xcolor Info: Model `wave' substituted by `hsb' on input line 1372.
) (/usr/local/texlive/2025/texmf-dist/tex/latex/xcolor/svgnam.def
File: svgnam.def 2024/09/29 v3.02 Predefined colors according to SVG 1.1 (UK)
) (/usr/local/texlive/2025/texmf-dist/tex/latex/graphics/dvipsnam.def
File: dvipsnam.def 2016/06/17 v3.0m Driver-dependent file (DPC,SPQR)
) (/usr/local/texlive/2025/texmf-dist/tex/latex/hyperref/hyperref.sty
Package: hyperref 2025-05-20 v7.01m Hypertext links for LaTeX
(/usr/local/texlive/2025/texmf-dist/tex/generic/iftex/iftex.sty
Package: iftex 2024/12/12 v1.0g TeX engine tests
) (/usr/local/texlive/2025/texmf-dist/tex/latex/kvsetkeys/kvsetkeys.sty
Package: kvsetkeys 2022-10-05 v1.19 Key value parser (HO)
) (/usr/local/texlive/2025/texmf-dist/tex/generic/kvdefinekeys/kvdefinekeys.sty
Package: kvdefinekeys 2019-12-19 v1.6 Define keys (HO)
) (/usr/local/texlive/2025/texmf-dist/tex/generic/pdfescape/pdfescape.sty
Package: pdfescape 2019/12/09 v1.15 Implements pdfTeX's escape features (HO)
(/usr/local/texlive/2025/texmf-dist/tex/generic/ltxcmds/ltxcmds.sty
Package: ltxcmds 2023-12-04 v1.26 LaTeX kernel commands for general use (HO)
) (/usr/local/texlive/2025/texmf-dist/tex/generic/pdftexcmds/pdftexcmds.sty
Package: pdftexcmds 2020-06-27 v0.33 Utility functions of pdfTeX for LuaTeX (HO)
(/usr/local/texlive/2025/texmf-dist/tex/generic/infwarerr/infwarerr.sty
Package: infwarerr 2019/12/03 v1.5 Providing info/warning/error messages (HO)
)
Package pdftexcmds Info: \pdf@primitive is available.
Package pdftexcmds Info: \pdf@ifprimitive is available.
Package pdftexcmds Info: \pdfdraftmode found.
)) (/usr/local/texlive/2025/texmf-dist/tex/latex/hycolor/hycolor.sty
Package: hycolor 2020-01-27 v1.10 Color options for hyperref/bookmark (HO)
) (/usr/local/texlive/2025/texmf-dist/tex/latex/hyperref/nameref.sty
Package: nameref 2023-11-26 v2.56 Cross-referencing by name of section
(/usr/local/texlive/2025/texmf-dist/tex/latex/refcount/refcount.sty
Package: refcount 2019/12/15 v3.6 Data extraction from label references (HO)
) (/usr/local/texlive/2025/texmf-dist/tex/generic/gettitlestring/gettitlestring.sty
Package: gettitlestring 2019/12/15 v1.6 Cleanup title references (HO)
(/usr/local/texlive/2025/texmf-dist/tex/latex/kvoptions/kvoptions.sty
Package: kvoptions 2022-06-15 v3.15 Key value format for package options (HO)
))
\c@section@level=\count309
) (/usr/local/texlive/2025/texmf-dist/tex/generic/stringenc/stringenc.sty
Package: stringenc 2019/11/29 v1.12 Convert strings between diff. encodings (HO)
)
\@linkdim=\dimen179
\Hy@linkcounter=\count310
\Hy@pagecounter=\count311
(/usr/local/texlive/2025/texmf-dist/tex/latex/hyperref/pd1enc.def
File: pd1enc.def 2025-05-20 v7.01m Hyperref: PDFDocEncoding definition (HO)
Now handling font encoding PD1 ...
... no UTF-8 mapping file for font encoding PD1
) (/usr/local/texlive/2025/texmf-dist/tex/generic/intcalc/intcalc.sty
Package: intcalc 2019/12/15 v1.3 Expandable calculations with integers (HO)
)
\Hy@SavedSpaceFactor=\count312
(/usr/local/texlive/2025/texmf-dist/tex/latex/hyperref/puenc.def
File: puenc.def 2025-05-20 v7.01m Hyperref: PDF Unicode definition (HO)
Now handling font encoding PU ...
... no UTF-8 mapping file for font encoding PU
)
Package hyperref Info: Option `colorlinks' set `true' on input line 4040.
Package hyperref Info: Hyper figures OFF on input line 4157.
Package hyperref Info: Link nesting OFF on input line 4162.
Package hyperref Info: Hyper index ON on input line 4165.
Package hyperref Info: Plain pages OFF on input line 4172.
Package hyperref Info: Backreferencing OFF on input line 4177.
Package hyperref Info: Implicit mode ON; LaTeX internals redefined.
Package hyperref Info: Bookmarks ON on input line 4424.
\c@Hy@tempcnt=\count313
(/usr/local/texlive/2025/texmf-dist/tex/latex/url/url.sty
\Urlmuskip=\muskip18
Package: url 2013/09/16  ver 3.4  Verb mode for urls, etc.
)
LaTeX Info: Redefining \url on input line 4763.
\XeTeXLinkMargin=\dimen180
(/usr/local/texlive/2025/texmf-dist/tex/generic/bitset/bitset.sty
Package: bitset 2019/12/09 v1.3 Handle bit-vector datatype (HO)
(/usr/local/texlive/2025/texmf-dist/tex/generic/bigintcalc/bigintcalc.sty
Package: bigintcalc 2019/12/15 v1.5 Expandable calculations on big integers (HO)
))
\Fld@menulength=\count314
\Field@Width=\dimen181
\Fld@charsize=\dimen182
Package hyperref Info: Hyper figures OFF on input line 6042.
Package hyperref Info: Link nesting OFF on input line 6047.
Package hyperref Info: Hyper index ON on input line 6050.
Package hyperref Info: backreferencing OFF on input line 6057.
Package hyperref Info: Link coloring ON on input line 6060.
Package hyperref Info: Link coloring with OCG OFF on input line 6067.
Package hyperref Info: PDF/A mode OFF on input line 6072.
(/usr/local/texlive/2025/texmf-dist/tex/latex/base/atbegshi-ltx.sty
Package: atbegshi-ltx 2021/01/10 v1.0c Emulation of the original atbegshi
package with kernel methods
)
\Hy@abspage=\count315
\c@Item=\count316
\c@Hfootnote=\count317
)
Package hyperref Info: Driver (autodetected): hpdftex.
(/usr/local/texlive/2025/texmf-dist/tex/latex/hyperref/hpdftex.def
File: hpdftex.def 2025-05-20 v7.01m Hyperref driver for pdfTeX
\Fld@listcount=\count318
\c@bookmark@seq@number=\count319
(/usr/local/texlive/2025/texmf-dist/tex/latex/rerunfilecheck/rerunfilecheck.sty
Package: rerunfilecheck 2022-07-10 v1.10 Rerun checks for auxiliary files (HO)
(/usr/local/texlive/2025/texmf-dist/tex/latex/base/atveryend-ltx.sty
Package: atveryend-ltx 2020/08/19 v1.0a Emulation of the original atveryend package
with kernel methods
) (/usr/local/texlive/2025/texmf-dist/tex/generic/uniquecounter/uniquecounter.sty
Package: uniquecounter 2019/12/15 v1.4 Provide unlimited unique counter (HO)
)
Package uniquecounter Info: New unique counter `rerunfilecheck' on input line 285.
)
\Hy@SectionHShift=\skip60
) (./cas-common.sty
\l_stm_title_before_dim=\dimen183
\l_stm_title_after_dim=\dimen184
\g_ead_int=\count320
\g_uad_int=\count321
\@eadauthor=\toks27
\g_stm_tnote_int=\count322
\g_stm_fnote_int=\count323
\g_stm_cor_int=\count324
\g_stm_au_int=\count325
\g_stm_aau_int=\count326
\l_autype_int=\count327
\l_stm_augroup_before_dim=\dimen185
\l_stm_augroup_after_dim=\dimen186
\l_stm_augroup_lskip_tl=\dimen187
\l_stm_augroup_rskip_tl=\dimen188
\g_stm_aff_int=\count328
\g_stm_aff_ext_int=\count329
\g_stm_aff_int_int=\count330
\g_stm_fn_aff_ext_int=\count331
\g_stm_fn_aff_int_int=\count332
\l_stm_aff_before_dim=\dimen189
\l_stm_aff_after_dim=\dimen190
\l_stm_aff_lskip_dim=\dimen191
\l_stm_aff_rskip_dim=\dimen192
\g_stm_augr_int=\count333
\g_stm_aaugr_int=\count334
(/usr/local/texlive/2025/texmf-dist/tex/latex/moreverb/moreverb.sty
Package: moreverb 2008/06/03 v2.3a `more' verbatim facilities
(/usr/local/texlive/2025/texmf-dist/tex/latex/tools/verbatim.sty
Package: verbatim 2024-01-22 v1.5x LaTeX2e package for verbatim enhancements
\every@verbatim=\toks28
\verbatim@line=\toks29
\verbatim@in@stream=\read2
)
\tab@position=\count335
\tab@size=\count336
\listing@line=\count337
)
\g_stm_abs_box=\box57
\casgrabsbox=\box58
\casauhlbox=\box59
\g_stm_key_box=\box60
\g_stm_jtype_int=\count338
\g_stm_blind_int=\count339
\c@au=\count340
\c@cnote=\count341
\c@tnote=\count342
\c@fnote=\count343
\c@aff=\count344
\g_stm_notes_box=\box61
\g_stm_front_box=\box62
\paraindent=\dimen193
\subparaindent=\dimen194
\FullWidth=\dimen195
\l_tbl_width_dim=\dimen196
\l_tbl_abovecap_skip=\skip61
\l_tbl_belowcap_skip=\skip62
\l_tbl_abovetbl_skip=\skip63
\l_tbl_belowtbl_skip=\skip64
\l_fig_width_dim=\dimen197
\cascaptionbox=\box63
\l_fig_abovecap_skip=\skip65
\l_fig_belowcap_skip=\skip66
\l_fig_abovefig_skip=\skip67
\l_fig_belowfig_skip=\skip68
(/usr/local/texlive/2025/texmf-dist/tex/latex/wrapfig/wrapfig.sty
\wrapoverhang=\dimen198
\WF@size=\dimen199
\c@WF@wrappedlines=\count345
\WF@box=\box64
\WF@everypar=\toks30
Package: wrapfig 2003/01/31  v 3.6
)
\l_wrap_figwidth_dim=\dimen256
\l_wrap_fighspace_dim=\dimen257
\l_wrap_figvspace_dim=\dimen258
\l_wrap_fighcorr_dim=\dimen259
\l_wrap_figvcorr_dim=\dimen260
\l_above_bio_dim=\dimen261
\l_wrap_figlcorr_int=\count346
\l_wrap_figlines_int=\count347
\l_bio_text_box=\box65
\c@ca_biography_ctr=\count348
\l_ca_temp_inta=\count349
\leftMargin=\dimen262
\@enLab=\toks31
\@sep=\skip69
\@@sep=\skip70
) (/usr/local/texlive/2025/texmf-dist/tex/latex/base/fontenc.sty
Package: fontenc 2024/12/21 v2.1c Standard LaTeX package
) (/usr/local/texlive/2025/texmf-dist/tex/latex/stix/stix.sty
Package: stix 2018/04/17 v1.1.3-latex STIX fonts support package
(/usr/local/texlive/2025/texmf-dist/tex/latex/base/textcomp.sty
Package: textcomp 2024/04/24 v2.1b Standard LaTeX package
LaTeX Font Info:    Changing ? sub-encoding to TS1/0 on input line 75.
)
LaTeX Encoding Info:    Text command \textpertenthousand (encoding T1) is not declared on input line 51.
LaTeX Encoding Info:    Redeclaring text command \textpertenthousand (encoding ?) on input line 52.
Now handling font encoding LS1 ...
... no UTF-8 mapping file for font encoding LS1
Now handling font encoding LS2 ...
... no UTF-8 mapping file for font encoding LS2
LaTeX Font Info:    Redeclaring symbol font `letters' on input line 76.
LaTeX Font Info:    Encoding `OML' has changed to `LS1' for symbol font
(Font)              `letters' in the math version `normal' on input line 76.
LaTeX Font Info:    Overwriting symbol font `letters' in version `normal'
(Font)                  OML/cmm/m/it --> LS1/stix/m/it on input line 76.
LaTeX Font Info:    Encoding `OML' has changed to `LS1' for symbol font
(Font)              `letters' in the math version `bold' on input line 76.
LaTeX Font Info:    Overwriting symbol font `letters' in version `bold'
(Font)                  OML/cmm/b/it --> LS1/stix/m/it on input line 76.
LaTeX Font Info:    Redeclaring symbol font `operators' on input line 77.
LaTeX Font Info:    Encoding `OT1' has changed to `LS1' for symbol font
(Font)              `operators' in the math version `normal' on input line 77.
LaTeX Font Info:    Overwriting symbol font `operators' in version `normal'
(Font)                  OT1/cmr/m/n --> LS1/stix/m/n on input line 77.
LaTeX Font Info:    Encoding `OT1' has changed to `LS1' for symbol font
(Font)              `operators' in the math version `bold' on input line 77.
LaTeX Font Info:    Overwriting symbol font `operators' in version `bold'
(Font)                  OT1/cmr/bx/n --> LS1/stix/m/n on input line 77.
\symbold-operators=\mathgroup6
LaTeX Font Info:    Redeclaring symbol font `symbols' on input line 79.
LaTeX Font Info:    Encoding `OMS' has changed to `LS1' for symbol font
(Font)              `symbols' in the math version `normal' on input line 79.
LaTeX Font Info:    Overwriting symbol font `symbols' in version `normal'
(Font)                  OMS/cmsy/m/n --> LS1/stixscr/m/n on input line 79.
LaTeX Font Info:    Encoding `OMS' has changed to `LS1' for symbol font
(Font)              `symbols' in the math version `bold' on input line 79.
LaTeX Font Info:    Overwriting symbol font `symbols' in version `bold'
(Font)                  OMS/cmsy/b/n --> LS1/stixscr/m/n on input line 79.
\symsymbols2=\mathgroup7
\symsymbols3=\mathgroup8
\symsymbols4=\mathgroup9
\symintegrals=\mathgroup10
LaTeX Font Info:    Redeclaring symbol font `largesymbols' on input line 84.
LaTeX Font Info:    Encoding `OMX' has changed to `LS2' for symbol font
(Font)              `largesymbols' in the math version `normal' on input line 84.
LaTeX Font Info:    Overwriting symbol font `largesymbols' in version `normal'
(Font)                  OMX/cmex/m/n --> LS2/stixex/m/n on input line 84.
LaTeX Font Info:    Encoding `OMX' has changed to `LS2' for symbol font
(Font)              `largesymbols' in the math version `bold' on input line 84.
LaTeX Font Info:    Overwriting symbol font `largesymbols' in version `bold'
(Font)                  OMX/cmex/m/n --> LS2/stixex/m/n on input line 84.
\symarrows1=\mathgroup11
\symarrows2=\mathgroup12
\symarrows3=\mathgroup13
LaTeX Font Info:    Overwriting symbol font `letters' in version `bold'
(Font)                  LS1/stix/m/it --> LS1/stix/b/it on input line 88.
LaTeX Font Info:    Overwriting symbol font `operators' in version `bold'
(Font)                  LS1/stix/m/n --> LS1/stix/b/n on input line 89.
LaTeX Font Info:    Overwriting symbol font `symbols' in version `bold'
(Font)                  LS1/stixscr/m/n --> LS1/stixscr/b/n on input line 90.
LaTeX Font Info:    Overwriting symbol font `symbols2' in version `bold'
(Font)                  LS1/stixfrak/m/n --> LS1/stixfrak/b/n on input line 91.
LaTeX Font Info:    Overwriting symbol font `symbols3' in version `bold'
(Font)                  LS1/stixbb/m/n --> LS1/stixbb/b/n on input line 92.
LaTeX Font Info:    Overwriting symbol font `symbols4' in version `bold'
(Font)                  LS1/stixbb/m/it --> LS1/stixbb/b/it on input line 93.
LaTeX Font Info:    Overwriting symbol font `integrals' in version `bold'
(Font)                  LS2/stixcal/m/n --> LS2/stixcal/b/n on input line 94.
LaTeX Font Info:    Overwriting symbol font `largesymbols' in version `bold'
(Font)                  LS2/stixex/m/n --> LS2/stixex/b/n on input line 95.
LaTeX Font Info:    Overwriting symbol font `arrows1' in version `bold'
(Font)                  LS1/stixsf/m/n --> LS1/stixsf/b/n on input line 96.
LaTeX Font Info:    Overwriting symbol font `arrows2' in version `bold'
(Font)                  LS1/stixsf/m/it --> LS1/stixsf/b/it on input line 97.
LaTeX Font Info:    Overwriting symbol font `arrows3' in version `bold'
(Font)                  LS2/stixtt/m/n --> LS2/stixtt/b/n on input line 98.
LaTeX Font Info:    Redeclaring math alphabet \mathit on input line 99.
LaTeX Font Info:    Redeclaring math alphabet \mathfrak on input line 102.
LaTeX Font Info:    Redeclaring math alphabet \mathsf on input line 106.
LaTeX Font Info:    Redeclaring math alphabet \mathtt on input line 108.
LaTeX Font Info:    Redeclaring math alphabet \mathbf on input line 109.
LaTeX Info: Redefining \yen on input line 456.
LaTeX Info: Redefining \circledR on input line 458.
LaTeX Info: Redefining \checkmark on input line 460.
LaTeX Info: Redefining \maltese on input line 461.
LaTeX Font Info:    Redeclaring math accent \grave on input line 698.
LaTeX Font Info:    Redeclaring math accent \acute on input line 699.
LaTeX Font Info:    Redeclaring math accent \hat on input line 700.
LaTeX Font Info:    Redeclaring math accent \tilde on input line 701.
LaTeX Font Info:    Redeclaring math accent \bar on input line 702.
LaTeX Font Info:    Redeclaring math accent \breve on input line 703.
LaTeX Font Info:    Redeclaring math accent \dot on input line 704.
LaTeX Font Info:    Redeclaring math accent \ddot on input line 705.
LaTeX Font Info:    Redeclaring math accent \mathring on input line 707.
LaTeX Font Info:    Redeclaring math accent \check on input line 708.
LaTeX Font Info:    Redeclaring math accent \vec on input line 716.
LaTeX Font Info:    Redeclaring math accent \widehat on input line 728.
LaTeX Font Info:    Redeclaring math accent \widetilde on input line 729.
LaTeX Info: Redefining \vdots on input line 1518.
LaTeX Info: Redefining \cdots on input line 1522.
LaTeX Font Info:    Redeclaring math symbol \mathsterling on input line 1978.
LaTeX Info: Redefining \not on input line 2144.
) (/usr/local/texlive/2025/texmf-dist/tex/latex/geometry/geometry.sty
Package: geometry 2020/01/02 v5.9 Page Geometry
(/usr/local/texlive/2025/texmf-dist/tex/generic/iftex/ifvtex.sty
Package: ifvtex 2019/10/25 v1.7 ifvtex legacy package. Use iftex instead.
)
\Gm@cnth=\count350
\Gm@cntv=\count351
\c@Gm@tempcnt=\count352
\Gm@bindingoffset=\dimen263
\Gm@wd@mp=\dimen264
\Gm@odd@mp=\dimen265
\Gm@even@mp=\dimen266
\Gm@layoutwidth=\dimen267
\Gm@layoutheight=\dimen268
\Gm@layouthoffset=\dimen269
\Gm@layoutvoffset=\dimen270
\Gm@dimlist=\toks32
)) (/usr/local/texlive/2025/texmf-dist/tex/latex/natbib/natbib.sty
Package: natbib 2010/09/13 8.31b (PWD, AO)
\bibhang=\skip71
\bibsep=\skip72
LaTeX Info: Redefining \cite on input line 694.
\c@NAT@ctr=\count353
) (/usr/local/texlive/2025/texmf-dist/tex/latex/float/float.sty
Package: float 2001/11/08 v1.3d Float enhancements (AL)
\c@float@type=\count354
\float@exts=\toks33
\float@box=\box66
\@float@everytoks=\toks34
\@floatcapt=\box67
)
LaTeX Font Info:    Trying to load font information for T1+stix on input line 45.
(/usr/local/texlive/2025/texmf-dist/tex/latex/stix/t1stix.fd
File: t1stix.fd 2015/04/17 v1.1.2-latex STIX T1 font definitions
) (./output.aux)
\openout1 = `output.aux'.

LaTeX Font Info:    Checking defaults for OML/cmm/m/it on input line 45.
LaTeX Font Info:    ... okay on input line 45.
LaTeX Font Info:    Checking defaults for OMS/cmsy/m/n on input line 45.
LaTeX Font Info:    ... okay on input line 45.
LaTeX Font Info:    Checking defaults for OT1/cmr/m/n on input line 45.
LaTeX Font Info:    ... okay on input line 45.
LaTeX Font Info:    Checking defaults for T1/cmr/m/n on input line 45.
LaTeX Font Info:    ... okay on input line 45.
LaTeX Font Info:    Checking defaults for TS1/cmr/m/n on input line 45.
LaTeX Font Info:    ... okay on input line 45.
LaTeX Font Info:    Checking defaults for OMX/cmex/m/n on input line 45.
LaTeX Font Info:    ... okay on input line 45.
LaTeX Font Info:    Checking defaults for U/cmr/m/n on input line 45.
LaTeX Font Info:    ... okay on input line 45.
LaTeX Font Info:    Checking defaults for PD1/pdf/m/n on input line 45.
LaTeX Font Info:    ... okay on input line 45.
LaTeX Font Info:    Checking defaults for PU/pdf/m/n on input line 45.
LaTeX Font Info:    ... okay on input line 45.
LaTeX Font Info:    Checking defaults for LS1/stix/m/n on input line 45.
LaTeX Font Info:    Trying to load font information for LS1+stix on input line 45.
(/usr/local/texlive/2025/texmf-dist/tex/latex/stix/ls1stix.fd
File: ls1stix.fd 2015/04/17 v1.1.2-latex STIX LS1 font definitions
)
LaTeX Font Info:    ... okay on input line 45.
LaTeX Font Info:    Checking defaults for LS2/stix/m/n on input line 45.
LaTeX Font Info:    Trying to load font information for LS2+stix on input line 45.
(/usr/local/texlive/2025/texmf-dist/tex/latex/stix/ls2stix.fd
File: ls2stix.fd 2015/04/17 v1.1.2-latex STIX LS2 font definitions
)
LaTeX Font Info:    ... okay on input line 45.
(/usr/local/texlive/2025/texmf-dist/tex/context/base/mkii/supp-pdf.mkii
[Loading MPS to PDF converter (version 2006.09.02).]
\scratchcounter=\count355
\scratchdimen=\dimen271
\scratchbox=\box68
\nofMPsegments=\count356
\nofMParguments=\count357
\everyMPshowfont=\toks35
\MPscratchCnt=\count358
\MPscratchDim=\dimen272
\MPnumerator=\count359
\makeMPintoPDFobject=\count360
\everyMPtoPDFconversion=\toks36
) (/usr/local/texlive/2025/texmf-dist/tex/latex/epstopdf-pkg/epstopdf-base.sty
Package: epstopdf-base 2020-01-24 v2.11 Base part for package epstopdf
Package epstopdf-base Info: Redefining graphics rule for `.eps' on input line 485.
(/usr/local/texlive/2025/texmf-dist/tex/latex/latexconfig/epstopdf-sys.cfg
File: epstopdf-sys.cfg 2010/07/13 v1.3 Configuration of (r)epstopdf for TeX Live
))
LaTeX Info: Command `\dddot' is already robust on input line 45.
LaTeX Info: Command `\ddddot' is already robust on input line 45.
Package hyperref Info: Link coloring ON on input line 45.
(./output.out) (./output.out)
\@outlinefile=\write3
\openout3 = `output.out'.

*geometry* driver: auto-detecting
*geometry* detected driver: pdftex
*geometry* verbose mode - [ preamble ] result:
* driver: pdftex
* paper: custom
* layout: <same size as paper>
* layoutoffset:(h,v)=(0.0pt,0.0pt)
* modes: 
* h-part:(L,W,R)=(38.98026pt, 468.3324pt, 38.98026pt)
* v-part:(T,H,B)=(54.06023pt, 637.34175pt, 54.06023pt)
* \paperwidth=546.29291pt
* \paperheight=745.4622pt
* \textwidth=468.3324pt
* \textheight=637.34175pt
* \oddsidemargin=-33.28973pt
* \evensidemargin=-33.28973pt
* \topmargin=-42.20976pt
* \headheight=12.0pt
* \headsep=12.0pt
* \topskip=10.0pt
* \footskip=12.0pt
* \marginparwidth=57.0pt
* \marginparsep=11.0pt
* \columnsep=10.0pt
* \skip\footins=9.0pt plus 4.0pt minus 2.0pt
* \hoffset=0.0pt
* \voffset=0.0pt
* \mag=1000
* \@twocolumnfalse
* \@twosidefalse
* \@mparswitchfalse
* \@reversemarginfalse
* (1in=72.27pt=25.4mm, 1cm=28.453pt)

(./content/00_abstract.tex
\verbatim@out=\write4
\openout4 = `output.abs'.

)
LaTeX Font Info:    Trying to load font information for TS1+stix on input line 190.
(/usr/local/texlive/2025/texmf-dist/tex/latex/stix/ts1stix.fd
File: ts1stix.fd 2015/04/17 v1.1.2-latex STIX TS1 font definitions
)

[0

{/usr/local/texlive/2025/texmf-var/fonts/map/pdftex/updmap/pdftex.map}{/usr/local/texlive/2025/texmf-dist/fonts/enc/dvips/stix/stix-t1.enc}{/usr/local/texlive/2025/texmf-dist/fonts/enc/dvips/stix/stix-ts1.enc}]
LaTeX Font Info:    Trying to load font information for LS1+stixscr on input line 202.
(/usr/local/texlive/2025/texmf-dist/tex/latex/stix/ls1stixscr.fd
File: ls1stixscr.fd 2015/04/17 v1.1.2-latex STIX script LS1 font definitions
)
LaTeX Font Info:    Trying to load font information for LS2+stixex on input line 202.
(/usr/local/texlive/2025/texmf-dist/tex/latex/stix/ls2stixex.fd
File: ls2stixex.fd 2015/04/17 v1.1.2-latex STIX extentions LS2 font definitions
)
LaTeX Font Info:    Trying to load font information for U+msa on input line 202.
(/usr/local/texlive/2025/texmf-dist/tex/latex/amsfonts/umsa.fd
File: umsa.fd 2013/01/14 v3.01 AMS symbols A
)
LaTeX Font Info:    Trying to load font information for U+msb on input line 202.
(/usr/local/texlive/2025/texmf-dist/tex/latex/amsfonts/umsb.fd
File: umsb.fd 2013/01/14 v3.01 AMS symbols B
)
LaTeX Font Info:    Trying to load font information for LS1+stixfrak on input line 202.
(/usr/local/texlive/2025/texmf-dist/tex/latex/stix/ls1stixfrak.fd
File: ls1stixfrak.fd 2015/04/17 v1.1.2-latex STIX fraktur LS1 font definitions
)
LaTeX Font Info:    Trying to load font information for LS1+stixbb on input line 202.
(/usr/local/texlive/2025/texmf-dist/tex/latex/stix/ls1stixbb.fd
File: ls1stixbb.fd 2015/04/17 v1.1.2-latex STIX blackboard LS1 font definitions
)
LaTeX Font Info:    Trying to load font information for LS2+stixcal on input line 202.
(/usr/local/texlive/2025/texmf-dist/tex/latex/stix/ls2stixcal.fd
File: ls2stixcal.fd 2015/04/17 v1.1.2-latex STIX calligraphic LS2 font definitions
)
LaTeX Font Info:    Trying to load font information for LS1+stixsf on input line 202.
(/usr/local/texlive/2025/texmf-dist/tex/latex/stix/ls1stixsf.fd
File: ls1stixsf.fd 2015/04/17 v1.1.2-latex STIX sans-serif LS1 font definitions
)
LaTeX Font Info:    Trying to load font information for LS2+stixtt on input line 202.
(/usr/local/texlive/2025/texmf-dist/tex/latex/stix/ls2stixtt.fd
File: ls2stixtt.fd 2015/04/17 v1.1.2-latex STIX typewriter LS2 font definitions
)
Overfull \hbox (117.0831pt too wide) detected at line 202
[]
 []

(./output.abs)

Package hyperref Warning: Ignoring empty anchor on input line 202.


Package hyperref Warning: Ignoring empty anchor on input line 202.

<thumbnails/cas-email.jpeg, id=12, 225.84375pt x 225.84375pt>
File: thumbnails/cas-email.jpeg Graphic file (type jpg)
<use thumbnails/cas-email.jpeg>
Package pdftex.def Info: thumbnails/cas-email.jpeg  used on input line 202.
(pdftex.def)             Requested size: 7.99838pt x 8.0pt.

Package hyperref Warning: Ignoring empty anchor on input line 202.

(./content/01_introduction.tex) (./content/02_choice_based_dynamic_rm.tex
Underfull \hbox (badness 10000) in paragraph at lines 3--4

 []



[1{/usr/local/texlive/2025/texmf-dist/fonts/enc/dvips/cm-super/cm-super-t1.enc} <./thumbnails/cas-email.jpeg>]

[2]

[3]) (./content/03_reinforcement_learning.tex) (./content/04_experimental_setup.tex) (./content/05_evaluation.tex

[4]) (./content/06_conclusion.tex) (./output.bbl) (./results/all_results_tables.tex (./results/small_classical_low_MNL/results_table.tex) (./results/small_classical_high_MNL/results_table.tex) (./results/small_model_informed_low_MNL/results_table.tex) (./results/small_model_informed_high_MNL/results_table.tex) (./results/small_classical_low_MMNL_2PT/results_table.tex) (./results/small_classical_high_MMNL_2PT/results_table.tex

[5]) (./results/small_model_informed_low_MMNL_2PT/results_table.tex) (./results/small_model_informed_high_MMNL_2PT/results_table.tex) (./results/small_classical_low_MMNL_5PT/results_table.tex) (./results/small_classical_high_MMNL_5PT/results_table.tex) (./results/small_model_informed_low_MMNL_5PT/results_table.tex) (./results/small_model_informed_high_MMNL_5PT/results_table.tex) (./results/small_classical_low_Probit/results_table.tex

! LaTeX Error: Too many unprocessed floats.

See the LaTeX manual or LaTeX Companion for explanation.
Type  H <return>  for immediate help.
 ...                                              
                                                  
l.22 \begin{table}[H]
                     
You've lost some text.  Try typing  <return>  to proceed.
If that doesn't work, type  X <return>  to quit.

! Undefined control sequence.
\@float@Hx ...ltovf \fi \global \setbox \@currbox 
                                                  \color@vbox \normalcolor \...
l.22 \begin{table}[H]
                     
The control sequence at the end of the top line
of your error message was never \def'ed. If you have
misspelled it (e.g., `\hobx'), type `I' and the correct
spelling (e.g., `I\hbox'). Otherwise just continue,
and I'll forget about whatever was undefined.

! Missing number, treated as zero.
<to be read again> 
                   \vbox 
l.22 \begin{table}[H]
                     
A number should have been here; I inserted `0'.
(If you can't figure out why I needed to see a number,
look up `weird error' in the index to The TeXbook.)

! Undefined control sequence.
\@largefloatcheck ->\ifdim \ht \@currbox 
                                         >\textheight \@tempdima -\textheigh...
l.46 \end{table}
                
The control sequence at the end of the top line
of your error message was never \def'ed. If you have
misspelled it (e.g., `\hobx'), type `I' and the correct
spelling (e.g., `I\hbox'). Otherwise just continue,
and I'll forget about whatever was undefined.

! Missing number, treated as zero.
<to be read again> 
                   >
l.46 \end{table}
                
A number should have been here; I inserted `0'.
(If you can't figure out why I needed to see a number,
look up `weird error' in the index to The TeXbook.)

! Undefined control sequence.
<argument> \@currbox 
                     
l.46 \end{table}
                
The control sequence at the end of the top line
of your error message was never \def'ed. If you have
misspelled it (e.g., `\hobx'), type `I' and the correct
spelling (e.g., `I\hbox'). Otherwise just continue,
and I'll forget about whatever was undefined.

! Argument of \@xnext has an extra }.
<inserted text> 
                \par 
l.46 \end{table}
                
I've run across a `}' that doesn't seem to match anything.
For example, `\def\a#1{...}' and `\a}' would produce
this error. If you simply proceed now, the `\par' that
I've just inserted will cause me to report a runaway
argument that might be the root of the problem. But if
your `}' was spurious, just type `2' and it will go away.

Runaway argument?
\@currbox \@currlist \ifnum \count \@currbox >\z@ \advance \@pageht \@pagedp \ETC.
! Paragraph ended before \@xnext was complete.
<to be read again> 
                   \par 
l.46 \end{table}
                
I suspect you've forgotten a `}', causing me to apply this
control sequence to too much text. How can we recover?
My plan is to forget the whole thing and hope for the best.

! Extra \else.
\end@float ...pdima \penalty \@floatpenalty \else 
                                                  \vadjust {\penalty -\@Miv ...
l.46 \end{table}
                
I'm ignoring this; it doesn't match any \if.

! You can't use `\vadjust' in vertical mode.
\end@float ...nalty \@floatpenalty \else \vadjust 
                                                  {\penalty -\@Miv \vbox {}\...
l.46 \end{table}
                
Sorry, but I'm not programmed to handle this case;
I'll just pretend that you didn't ask for it.
If you're in the wrong mode, you might be able to
return to the right one by typing `I}' or `I$' or `I\par'.

! Argument of \@xnext has an extra }.
<inserted text> 
                \par 
l.46 \end{table}
                
I've run across a `}' that doesn't seem to match anything.
For example, `\def\a#1{...}' and `\a}' would produce
this error. If you simply proceed now, the `\par' that
I've just inserted will cause me to report a runaway
argument that might be the root of the problem. But if
your `}' was spurious, just type `2' and it will go away.

Runaway argument?
\@currbox \@currlist \ifnum \count \@currbox >\z@ \advance \@pageht \@pagedp \ETC.
! Paragraph ended before \@xnext was complete.
<to be read again> 
                   \par 
l.46 \end{table}
                
I suspect you've forgotten a `}', causing me to apply this
control sequence to too much text. How can we recover?
My plan is to forget the whole thing and hope for the best.


! LaTeX Error: Too many unprocessed floats.

See the LaTeX manual or LaTeX Companion for explanation.
Type  H <return>  for immediate help.
 ...                                              
                                                  
l.47 \begin{table}[H]
                     
You've lost some text.  Try typing  <return>  to proceed.
If that doesn't work, type  X <return>  to quit.

! Undefined control sequence.
\@float@Hx ...ltovf \fi \global \setbox \@currbox 
                                                  \color@vbox \normalcolor \...
l.47 \begin{table}[H]
                     
The control sequence at the end of the top line
of your error message was never \def'ed. If you have
misspelled it (e.g., `\hobx'), type `I' and the correct
spelling (e.g., `I\hbox'). Otherwise just continue,
and I'll forget about whatever was undefined.

! Missing number, treated as zero.
<to be read again> 
                   \vbox 
l.47 \begin{table}[H]
                     
A number should have been here; I inserted `0'.
(If you can't figure out why I needed to see a number,
look up `weird error' in the index to The TeXbook.)

! Undefined control sequence.
\@largefloatcheck ->\ifdim \ht \@currbox 
                                         >\textheight \@tempdima -\textheigh...
l.71 \end{table}
                
The control sequence at the end of the top line
of your error message was never \def'ed. If you have
misspelled it (e.g., `\hobx'), type `I' and the correct
spelling (e.g., `I\hbox'). Otherwise just continue,
and I'll forget about whatever was undefined.

! Missing number, treated as zero.
<to be read again> 
                   >
l.71 \end{table}
                
A number should have been here; I inserted `0'.
(If you can't figure out why I needed to see a number,
look up `weird error' in the index to The TeXbook.)

! Undefined control sequence.
<argument> \@currbox 
                     
l.71 \end{table}
                
The control sequence at the end of the top line
of your error message was never \def'ed. If you have
misspelled it (e.g., `\hobx'), type `I' and the correct
spelling (e.g., `I\hbox'). Otherwise just continue,
and I'll forget about whatever was undefined.

! Missing number, treated as zero.
<to be read again> 
                   \@elt 
l.71 \end{table}
                
A number should have been here; I inserted `0'.
(If you can't figure out why I needed to see a number,
look up `weird error' in the index to The TeXbook.)

! Missing = inserted for \ifnum.
<to be read again> 
                   \@elt 
l.71 \end{table}
                
I was expecting to see `<', `=', or `>'. Didn't.

! Missing number, treated as zero.
<to be read again> 
                   \@elt 
l.71 \end{table}
                
A number should have been here; I inserted `0'.
(If you can't figure out why I needed to see a number,
look up `weird error' in the index to The TeXbook.)


! LaTeX Error: This may be a LaTeX bug.

See the LaTeX manual or LaTeX Companion for explanation.
Type  H <return>  for immediate help.
 ...                                              
                                                  
l.71 \end{table}
                
Call for help

! Undefined control sequence.
\@addmarginpar ...advance \@tempdima \ht \@marbox 
                                                  \ifdim \@tempdima >\z@ \@l...
l.71 \end{table}
                
The control sequence at the end of the top line
of your error message was never \def'ed. If you have
misspelled it (e.g., `\hobx'), type `I' and the correct
spelling (e.g., `I\hbox'). Otherwise just continue,
and I'll forget about whatever was undefined.

! Bad register code (-14861814).
\@addmarginpar ...e \space moved}\else \@tempdima 
                                                  \z@ \fi \global \@mparbott...
l.71 \end{table}
                
A register number must be between 0 and 32767.
I changed this one to zero.

! Missing number, treated as zero.
<to be read again> 
                   \global 
l.71 \end{table}
                
A number should have been here; I inserted `0'.
(If you can't figure out why I needed to see a number,
look up `weird error' in the index to The TeXbook.)

! Illegal unit of measure (pt inserted).
<to be read again> 
                   \global 
l.71 \end{table}
                
Dimensions can be in units of em, ex, in, pt, pc,
cm, mm, dd, cc, nd, nc, bp, or sp; but yours is a new one!
I'll assume that you meant to say pt, for printer's points.
To recover gracefully from this error, it's best to
delete the erroneous units; e.g., type `2' to delete
two letters. (See Chapter 27 of The TeXbook.)

! Undefined control sequence.
\@addmarginpar ...vance \@mparbottom \dp \@marbox 
                                                  \global \advance \@mparbot...
l.71 \end{table}
                
The control sequence at the end of the top line
of your error message was never \def'ed. If you have
misspelled it (e.g., `\hobx'), type `I' and the correct
spelling (e.g., `I\hbox'). Otherwise just continue,
and I'll forget about whatever was undefined.

! Missing number, treated as zero.
<to be read again> 
                   \global 
l.71 \end{table}
                
A number should have been here; I inserted `0'.
(If you can't figure out why I needed to see a number,
look up `weird error' in the index to The TeXbook.)

! Undefined control sequence.
\@addmarginpar ...dvance \@tempdima -\ht \@marbox 
                                                  \global \setbox \@marbox \...
l.71 \end{table}
                
The control sequence at the end of the top line
of your error message was never \def'ed. If you have
misspelled it (e.g., `\hobx'), type `I' and the correct
spelling (e.g., `I\hbox'). Otherwise just continue,
and I'll forget about whatever was undefined.

! Missing number, treated as zero.
<to be read again> 
                   \global 
l.71 \end{table}
                
A number should have been here; I inserted `0'.
(If you can't figure out why I needed to see a number,
look up `weird error' in the index to The TeXbook.)

! Undefined control sequence.
\@addmarginpar ...marbox \global \setbox \@marbox 
                                                  \vbox {\vskip \@tempdima \...
l.71 \end{table}
                
The control sequence at the end of the top line
of your error message was never \def'ed. If you have
misspelled it (e.g., `\hobx'), type `I' and the correct
spelling (e.g., `I\hbox'). Otherwise just continue,
and I'll forget about whatever was undefined.

! Missing number, treated as zero.
<to be read again> 
                   \vbox 
l.71 \end{table}
                
A number should have been here; I inserted `0'.
(If you can't figure out why I needed to see a number,
look up `weird error' in the index to The TeXbook.)

! Undefined control sequence.
\@addmarginpar ...\vskip \@tempdima \box \@marbox 
                                                  }\global \ht \@marbox \z@ ...
l.71 \end{table}
                
The control sequence at the end of the top line
of your error message was never \def'ed. If you have
misspelled it (e.g., `\hobx'), type `I' and the correct
spelling (e.g., `I\hbox'). Otherwise just continue,
and I'll forget about whatever was undefined.

! Missing number, treated as zero.
<to be read again> 
                   }
l.71 \end{table}
                
A number should have been here; I inserted `0'.
(If you can't figure out why I needed to see a number,
look up `weird error' in the index to The TeXbook.)

! Undefined control sequence.
\@addmarginpar ... \@marbox }\global \ht \@marbox 
                                                  \z@ \global \dp \@marbox \...
l.71 \end{table}
                
The control sequence at the end of the top line
of your error message was never \def'ed. If you have
misspelled it (e.g., `\hobx'), type `I' and the correct
spelling (e.g., `I\hbox'). Otherwise just continue,
and I'll forget about whatever was undefined.

! Missing number, treated as zero.
<to be read again> 
                   \global 
l.71 \end{table}
                
A number should have been here; I inserted `0'.
(If you can't figure out why I needed to see a number,
look up `weird error' in the index to The TeXbook.)

! Illegal unit of measure (pt inserted).
<to be read again> 
                   \global 
l.71 \end{table}
                
Dimensions can be in units of em, ex, in, pt, pc,
cm, mm, dd, cc, nd, nc, bp, or sp; but yours is a new one!
I'll assume that you meant to say pt, for printer's points.
To recover gracefully from this error, it's best to
delete the erroneous units; e.g., type `2' to delete
two letters. (See Chapter 27 of The TeXbook.)

! Undefined control sequence.
\@addmarginpar ...marbox \z@ \global \dp \@marbox 
                                                  \z@ \kern -\@pagedp \noint...
l.71 \end{table}
                
The control sequence at the end of the top line
of your error message was never \def'ed. If you have
misspelled it (e.g., `\hobx'), type `I' and the correct
spelling (e.g., `I\hbox'). Otherwise just continue,
and I'll forget about whatever was undefined.

! Missing number, treated as zero.
<to be read again> 
                   \kern 
l.71 \end{table}
                
A number should have been here; I inserted `0'.
(If you can't figure out why I needed to see a number,
look up `weird error' in the index to The TeXbook.)

! Illegal unit of measure (pt inserted).
<to be read again> 
                   \kern 
l.71 \end{table}
                
Dimensions can be in units of em, ex, in, pt, pc,
cm, mm, dd, cc, nd, nc, bp, or sp; but yours is a new one!
I'll assume that you meant to say pt, for printer's points.
To recover gracefully from this error, it's best to
delete the erroneous units; e.g., type `2' to delete
two letters. (See Chapter 27 of The TeXbook.)

! Undefined control sequence.
\@addmarginpar ...arginparwidth \fi \box \@marbox 
                                                  \hss }\nointerlineskip \hb...
l.71 \end{table}
                
The control sequence at the end of the top line
of your error message was never \def'ed. If you have
misspelled it (e.g., `\hobx'), type `I' and the correct
spelling (e.g., `I\hbox'). Otherwise just continue,
and I'll forget about whatever was undefined.

! Missing number, treated as zero.
<to be read again> 
                   \hss 
l.71 \end{table}
                
A number should have been here; I inserted `0'.
(If you can't figure out why I needed to see a number,
look up `weird error' in the index to The TeXbook.)


! LaTeX Error: Too many unprocessed floats.

See the LaTeX manual or LaTeX Companion for explanation.
Type  H <return>  for immediate help.
 ...                                              
                                                  
l.72 \begin{table}[H]
                     
You've lost some text.  Try typing  <return>  to proceed.
If that doesn't work, type  X <return>  to quit.

! Undefined control sequence.
\@float@Hx ...ltovf \fi \global \setbox \@currbox 
                                                  \color@vbox \normalcolor \...
l.72 \begin{table}[H]
                     
The control sequence at the end of the top line
of your error message was never \def'ed. If you have
misspelled it (e.g., `\hobx'), type `I' and the correct
spelling (e.g., `I\hbox'). Otherwise just continue,
and I'll forget about whatever was undefined.

! Missing number, treated as zero.
<to be read again> 
                   \vbox 
l.72 \begin{table}[H]
                     
A number should have been here; I inserted `0'.
(If you can't figure out why I needed to see a number,
look up `weird error' in the index to The TeXbook.)

! Undefined control sequence.
\@largefloatcheck ->\ifdim \ht \@currbox 
                                         >\textheight \@tempdima -\textheigh...
l.96 \end{table}
                
The control sequence at the end of the top line
of your error message was never \def'ed. If you have
misspelled it (e.g., `\hobx'), type `I' and the correct
spelling (e.g., `I\hbox'). Otherwise just continue,
and I'll forget about whatever was undefined.

! Missing number, treated as zero.
<to be read again> 
                   >
l.96 \end{table}
                
A number should have been here; I inserted `0'.
(If you can't figure out why I needed to see a number,
look up `weird error' in the index to The TeXbook.)

! Undefined control sequence.
<argument> \@currbox 
                     
l.96 \end{table}
                
The control sequence at the end of the top line
of your error message was never \def'ed. If you have
misspelled it (e.g., `\hobx'), type `I' and the correct
spelling (e.g., `I\hbox'). Otherwise just continue,
and I'll forget about whatever was undefined.

! Argument of \@xnext has an extra }.
<inserted text> 
                \par 
l.96 \end{table}
                
I've run across a `}' that doesn't seem to match anything.
For example, `\def\a#1{...}' and `\a}' would produce
this error. If you simply proceed now, the `\par' that
I've just inserted will cause me to report a runaway
argument that might be the root of the problem. But if
your `}' was spurious, just type `2' and it will go away.

Runaway argument?
\@currbox \@currlist \ifnum \count \@currbox >\z@ \advance \@pageht \@pagedp \ETC.
! Paragraph ended before \@xnext was complete.
<to be read again> 
                   \par 
l.96 \end{table}
                
I suspect you've forgotten a `}', causing me to apply this
control sequence to too much text. How can we recover?
My plan is to forget the whole thing and hope for the best.

! Extra \else.
\end@float ...pdima \penalty \@floatpenalty \else 
                                                  \vadjust {\penalty -\@Miv ...
l.96 \end{table}
                
I'm ignoring this; it doesn't match any \if.

! You can't use `\vadjust' in vertical mode.
\end@float ...nalty \@floatpenalty \else \vadjust 
                                                  {\penalty -\@Miv \vbox {}\...
l.96 \end{table}
                
Sorry, but I'm not programmed to handle this case;
I'll just pretend that you didn't ask for it.
If you're in the wrong mode, you might be able to
return to the right one by typing `I}' or `I$' or `I\par'.

! Argument of \@xnext has an extra }.
<inserted text> 
                \par 
l.96 \end{table}
                
I've run across a `}' that doesn't seem to match anything.
For example, `\def\a#1{...}' and `\a}' would produce
this error. If you simply proceed now, the `\par' that
I've just inserted will cause me to report a runaway
argument that might be the root of the problem. But if
your `}' was spurious, just type `2' and it will go away.

Runaway argument?
\@currbox \@currlist \ifnum \count \@currbox >\z@ \advance \@pageht \@pagedp \ETC.
! Paragraph ended before \@xnext was complete.
<to be read again> 
                   \par 
l.96 \end{table}
                
I suspect you've forgotten a `}', causing me to apply this
control sequence to too much text. How can we recover?
My plan is to forget the whole thing and hope for the best.


! LaTeX Error: Too many unprocessed floats.

See the LaTeX manual or LaTeX Companion for explanation.
Type  H <return>  for immediate help.
 ...                                              
                                                  
l.97 \begin{table}[H]
                     
You've lost some text.  Try typing  <return>  to proceed.
If that doesn't work, type  X <return>  to quit.

! Undefined control sequence.
\@float@Hx ...ltovf \fi \global \setbox \@currbox 
                                                  \color@vbox \normalcolor \...
l.97 \begin{table}[H]
                     
The control sequence at the end of the top line
of your error message was never \def'ed. If you have
misspelled it (e.g., `\hobx'), type `I' and the correct
spelling (e.g., `I\hbox'). Otherwise just continue,
and I'll forget about whatever was undefined.

! Missing number, treated as zero.
<to be read again> 
                   \vbox 
l.97 \begin{table}[H]
                     
A number should have been here; I inserted `0'.
(If you can't figure out why I needed to see a number,
look up `weird error' in the index to The TeXbook.)

! Undefined control sequence.
\@largefloatcheck ->\ifdim \ht \@currbox 
                                         >\textheight \@tempdima -\textheigh...
l.121 \end{table}
                 
The control sequence at the end of the top line
of your error message was never \def'ed. If you have
misspelled it (e.g., `\hobx'), type `I' and the correct
spelling (e.g., `I\hbox'). Otherwise just continue,
and I'll forget about whatever was undefined.

! Missing number, treated as zero.
<to be read again> 
                   >
l.121 \end{table}
                 
A number should have been here; I inserted `0'.
(If you can't figure out why I needed to see a number,
look up `weird error' in the index to The TeXbook.)

! Undefined control sequence.
<argument> \@currbox 
                     
l.121 \end{table}
                 
The control sequence at the end of the top line
of your error message was never \def'ed. If you have
misspelled it (e.g., `\hobx'), type `I' and the correct
spelling (e.g., `I\hbox'). Otherwise just continue,
and I'll forget about whatever was undefined.

! Missing number, treated as zero.
<to be read again> 
                   \@elt 
l.121 \end{table}
                 
A number should have been here; I inserted `0'.
(If you can't figure out why I needed to see a number,
look up `weird error' in the index to The TeXbook.)

! Missing = inserted for \ifnum.
<to be read again> 
                   \@elt 
l.121 \end{table}
                 
I was expecting to see `<', `=', or `>'. Didn't.

! Missing number, treated as zero.
<to be read again> 
                   \@elt 
l.121 \end{table}
                 
A number should have been here; I inserted `0'.
(If you can't figure out why I needed to see a number,
look up `weird error' in the index to The TeXbook.)


! LaTeX Error: This may be a LaTeX bug.

See the LaTeX manual or LaTeX Companion for explanation.
Type  H <return>  for immediate help.
 ...                                              
                                                  
l.121 \end{table}
                 
Call for help

! Undefined control sequence.
\@addmarginpar ...advance \@tempdima \ht \@marbox 
                                                  \ifdim \@tempdima >\z@ \@l...
l.121 \end{table}
                 
The control sequence at the end of the top line
of your error message was never \def'ed. If you have
misspelled it (e.g., `\hobx'), type `I' and the correct
spelling (e.g., `I\hbox'). Otherwise just continue,
and I'll forget about whatever was undefined.

! Bad register code (-1038370).
\@addmarginpar ...e \space moved}\else \@tempdima 
                                                  \z@ \fi \global \@mparbott...
l.121 \end{table}
                 
A register number must be between 0 and 32767.
I changed this one to zero.

! Missing number, treated as zero.
<to be read again> 
                   \global 
l.121 \end{table}
                 
A number should have been here; I inserted `0'.
(If you can't figure out why I needed to see a number,
look up `weird error' in the index to The TeXbook.)

! Illegal unit of measure (pt inserted).
<to be read again> 
                   \global 
l.121 \end{table}
                 
Dimensions can be in units of em, ex, in, pt, pc,
cm, mm, dd, cc, nd, nc, bp, or sp; but yours is a new one!
I'll assume that you meant to say pt, for printer's points.
To recover gracefully from this error, it's best to
delete the erroneous units; e.g., type `2' to delete
two letters. (See Chapter 27 of The TeXbook.)

! Undefined control sequence.
\@addmarginpar ...vance \@mparbottom \dp \@marbox 
                                                  \global \advance \@mparbot...
l.121 \end{table}
                 
The control sequence at the end of the top line
of your error message was never \def'ed. If you have
misspelled it (e.g., `\hobx'), type `I' and the correct
spelling (e.g., `I\hbox'). Otherwise just continue,
and I'll forget about whatever was undefined.

! Missing number, treated as zero.
<to be read again> 
                   \global 
l.121 \end{table}
                 
A number should have been here; I inserted `0'.
(If you can't figure out why I needed to see a number,
look up `weird error' in the index to The TeXbook.)

! Undefined control sequence.
\@addmarginpar ...dvance \@tempdima -\ht \@marbox 
                                                  \global \setbox \@marbox \...
l.121 \end{table}
                 
The control sequence at the end of the top line
of your error message was never \def'ed. If you have
misspelled it (e.g., `\hobx'), type `I' and the correct
spelling (e.g., `I\hbox'). Otherwise just continue,
and I'll forget about whatever was undefined.

! Missing number, treated as zero.
<to be read again> 
                   \global 
l.121 \end{table}
                 
A number should have been here; I inserted `0'.
(If you can't figure out why I needed to see a number,
look up `weird error' in the index to The TeXbook.)

! Undefined control sequence.
\@addmarginpar ...marbox \global \setbox \@marbox 
                                                  \vbox {\vskip \@tempdima \...
l.121 \end{table}
                 
The control sequence at the end of the top line
of your error message was never \def'ed. If you have
misspelled it (e.g., `\hobx'), type `I' and the correct
spelling (e.g., `I\hbox'). Otherwise just continue,
and I'll forget about whatever was undefined.

! Missing number, treated as zero.
<to be read again> 
                   \vbox 
l.121 \end{table}
                 
A number should have been here; I inserted `0'.
(If you can't figure out why I needed to see a number,
look up `weird error' in the index to The TeXbook.)

! Undefined control sequence.
\@addmarginpar ...\vskip \@tempdima \box \@marbox 
                                                  }\global \ht \@marbox \z@ ...
l.121 \end{table}
                 
The control sequence at the end of the top line
of your error message was never \def'ed. If you have
misspelled it (e.g., `\hobx'), type `I' and the correct
spelling (e.g., `I\hbox'). Otherwise just continue,
and I'll forget about whatever was undefined.

! Missing number, treated as zero.
<to be read again> 
                   }
l.121 \end{table}
                 
A number should have been here; I inserted `0'.
(If you can't figure out why I needed to see a number,
look up `weird error' in the index to The TeXbook.)

! Undefined control sequence.
\@addmarginpar ... \@marbox }\global \ht \@marbox 
                                                  \z@ \global \dp \@marbox \...
l.121 \end{table}
                 
The control sequence at the end of the top line
of your error message was never \def'ed. If you have
misspelled it (e.g., `\hobx'), type `I' and the correct
spelling (e.g., `I\hbox'). Otherwise just continue,
and I'll forget about whatever was undefined.

! Missing number, treated as zero.
<to be read again> 
                   \global 
l.121 \end{table}
                 
A number should have been here; I inserted `0'.
(If you can't figure out why I needed to see a number,
look up `weird error' in the index to The TeXbook.)

! Illegal unit of measure (pt inserted).
<to be read again> 
                   \global 
l.121 \end{table}
                 
Dimensions can be in units of em, ex, in, pt, pc,
cm, mm, dd, cc, nd, nc, bp, or sp; but yours is a new one!
I'll assume that you meant to say pt, for printer's points.
To recover gracefully from this error, it's best to
delete the erroneous units; e.g., type `2' to delete
two letters. (See Chapter 27 of The TeXbook.)

! Undefined control sequence.
\@addmarginpar ...marbox \z@ \global \dp \@marbox 
                                                  \z@ \kern -\@pagedp \noint...
l.121 \end{table}
                 
The control sequence at the end of the top line
of your error message was never \def'ed. If you have
misspelled it (e.g., `\hobx'), type `I' and the correct
spelling (e.g., `I\hbox'). Otherwise just continue,
and I'll forget about whatever was undefined.

! Missing number, treated as zero.
<to be read again> 
                   \kern 
l.121 \end{table}
                 
A number should have been here; I inserted `0'.
(If you can't figure out why I needed to see a number,
look up `weird error' in the index to The TeXbook.)

! Illegal unit of measure (pt inserted).
<to be read again> 
                   \kern 
l.121 \end{table}
                 
Dimensions can be in units of em, ex, in, pt, pc,
cm, mm, dd, cc, nd, nc, bp, or sp; but yours is a new one!
I'll assume that you meant to say pt, for printer's points.
To recover gracefully from this error, it's best to
delete the erroneous units; e.g., type `2' to delete
two letters. (See Chapter 27 of The TeXbook.)

! Undefined control sequence.
\@addmarginpar ...arginparwidth \fi \box \@marbox 
                                                  \hss }\nointerlineskip \hb...
l.121 \end{table}
                 
The control sequence at the end of the top line
of your error message was never \def'ed. If you have
misspelled it (e.g., `\hobx'), type `I' and the correct
spelling (e.g., `I\hbox'). Otherwise just continue,
and I'll forget about whatever was undefined.

! Missing number, treated as zero.
<to be read again> 
                   \hss 
l.121 \end{table}
                 
A number should have been here; I inserted `0'.
(If you can't figure out why I needed to see a number,
look up `weird error' in the index to The TeXbook.)

)

[6
pdfTeX warning (ext4): destination with the same identifier (name{table.1}) has been already used, duplicate ignored
<argument> ...shipout:D \box_use:N \l_shipout_box 
                                                  \__shipout_drop_firstpage_...
l.77 \paragraph
               {High Price Sensitivity}] (./results/small_classical_high_Probit/results_table.tex

! LaTeX Error: Too many unprocessed floats.

See the LaTeX manual or LaTeX Companion for explanation.
Type  H <return>  for immediate help.
 ...                                              
                                                  
l.47 \begin{table}[H]
                     
You've lost some text.  Try typing  <return>  to proceed.
If that doesn't work, type  X <return>  to quit.

! Undefined control sequence.
\@float@Hx ...ltovf \fi \global \setbox \@currbox 
                                                  \color@vbox \normalcolor \...
l.47 \begin{table}[H]
                     
The control sequence at the end of the top line
of your error message was never \def'ed. If you have
misspelled it (e.g., `\hobx'), type `I' and the correct
spelling (e.g., `I\hbox'). Otherwise just continue,
and I'll forget about whatever was undefined.

! Missing number, treated as zero.
<to be read again> 
                   \vbox 
l.47 \begin{table}[H]
                     
A number should have been here; I inserted `0'.
(If you can't figure out why I needed to see a number,
look up `weird error' in the index to The TeXbook.)

! Undefined control sequence.
\@largefloatcheck ->\ifdim \ht \@currbox 
                                         >\textheight \@tempdima -\textheigh...
l.71 \end{table}
                
The control sequence at the end of the top line
of your error message was never \def'ed. If you have
misspelled it (e.g., `\hobx'), type `I' and the correct
spelling (e.g., `I\hbox'). Otherwise just continue,
and I'll forget about whatever was undefined.

! Missing number, treated as zero.
<to be read again> 
                   >
l.71 \end{table}
                
A number should have been here; I inserted `0'.
(If you can't figure out why I needed to see a number,
look up `weird error' in the index to The TeXbook.)

! Undefined control sequence.
<argument> \@currbox 
                     
l.71 \end{table}
                
The control sequence at the end of the top line
of your error message was never \def'ed. If you have
misspelled it (e.g., `\hobx'), type `I' and the correct
spelling (e.g., `I\hbox'). Otherwise just continue,
and I'll forget about whatever was undefined.

! Argument of \@xnext has an extra }.
<inserted text> 
                \par 
l.71 \end{table}
                
I've run across a `}' that doesn't seem to match anything.
For example, `\def\a#1{...}' and `\a}' would produce
this error. If you simply proceed now, the `\par' that
I've just inserted will cause me to report a runaway
argument that might be the root of the problem. But if
your `}' was spurious, just type `2' and it will go away.

Runaway argument?
\@currbox \@currlist \ifnum \count \@currbox >\z@ \advance \@pageht \@pagedp \ETC.
! Paragraph ended before \@xnext was complete.
<to be read again> 
                   \par 
l.71 \end{table}
                
I suspect you've forgotten a `}', causing me to apply this
control sequence to too much text. How can we recover?
My plan is to forget the whole thing and hope for the best.

! Extra \else.
\end@float ...pdima \penalty \@floatpenalty \else 
                                                  \vadjust {\penalty -\@Miv ...
l.71 \end{table}
                
I'm ignoring this; it doesn't match any \if.

! You can't use `\vadjust' in vertical mode.
\end@float ...nalty \@floatpenalty \else \vadjust 
                                                  {\penalty -\@Miv \vbox {}\...
l.71 \end{table}
                
Sorry, but I'm not programmed to handle this case;
I'll just pretend that you didn't ask for it.
If you're in the wrong mode, you might be able to
return to the right one by typing `I}' or `I$' or `I\par'.

! Argument of \@xnext has an extra }.
<inserted text> 
                \par 
l.71 \end{table}
                
I've run across a `}' that doesn't seem to match anything.
For example, `\def\a#1{...}' and `\a}' would produce
this error. If you simply proceed now, the `\par' that
I've just inserted will cause me to report a runaway
argument that might be the root of the problem. But if
your `}' was spurious, just type `2' and it will go away.

Runaway argument?
\@currbox \@currlist \ifnum \count \@currbox >\z@ \advance \@pageht \@pagedp \ETC.
! Paragraph ended before \@xnext was complete.
<to be read again> 
                   \par 
l.71 \end{table}
                
I suspect you've forgotten a `}', causing me to apply this
control sequence to too much text. How can we recover?
My plan is to forget the whole thing and hope for the best.


! LaTeX Error: Too many unprocessed floats.

See the LaTeX manual or LaTeX Companion for explanation.
Type  H <return>  for immediate help.
 ...                                              
                                                  
l.72 \begin{table}[H]
                     
You've lost some text.  Try typing  <return>  to proceed.
If that doesn't work, type  X <return>  to quit.

! Undefined control sequence.
\@float@Hx ...ltovf \fi \global \setbox \@currbox 
                                                  \color@vbox \normalcolor \...
l.72 \begin{table}[H]
                     
The control sequence at the end of the top line
of your error message was never \def'ed. If you have
misspelled it (e.g., `\hobx'), type `I' and the correct
spelling (e.g., `I\hbox'). Otherwise just continue,
and I'll forget about whatever was undefined.

! Missing number, treated as zero.
<to be read again> 
                   \vbox 
l.72 \begin{table}[H]
                     
A number should have been here; I inserted `0'.
(If you can't figure out why I needed to see a number,
look up `weird error' in the index to The TeXbook.)

! Undefined control sequence.
\@largefloatcheck ->\ifdim \ht \@currbox 
                                         >\textheight \@tempdima -\textheigh...
l.96 \end{table}
                
The control sequence at the end of the top line
of your error message was never \def'ed. If you have
misspelled it (e.g., `\hobx'), type `I' and the correct
spelling (e.g., `I\hbox'). Otherwise just continue,
and I'll forget about whatever was undefined.

! Missing number, treated as zero.
<to be read again> 
                   >
l.96 \end{table}
                
A number should have been here; I inserted `0'.
(If you can't figure out why I needed to see a number,
look up `weird error' in the index to The TeXbook.)

! Undefined control sequence.
<argument> \@currbox 
                     
l.96 \end{table}
                
The control sequence at the end of the top line
of your error message was never \def'ed. If you have
misspelled it (e.g., `\hobx'), type `I' and the correct
spelling (e.g., `I\hbox'). Otherwise just continue,
and I'll forget about whatever was undefined.

! Missing number, treated as zero.
<to be read again> 
                   \@elt 
l.96 \end{table}
                
A number should have been here; I inserted `0'.
(If you can't figure out why I needed to see a number,
look up `weird error' in the index to The TeXbook.)

! Missing = inserted for \ifnum.
<to be read again> 
                   \@elt 
l.96 \end{table}
                
I was expecting to see `<', `=', or `>'. Didn't.

! Missing number, treated as zero.
<to be read again> 
                   \@elt 
l.96 \end{table}
                
A number should have been here; I inserted `0'.
(If you can't figure out why I needed to see a number,
look up `weird error' in the index to The TeXbook.)


! LaTeX Error: This may be a LaTeX bug.

See the LaTeX manual or LaTeX Companion for explanation.
Type  H <return>  for immediate help.
 ...                                              
                                                  
l.96 \end{table}
                
Call for help

! Undefined control sequence.
\@addmarginpar ...advance \@tempdima \ht \@marbox 
                                                  \ifdim \@tempdima >\z@ \@l...
l.96 \end{table}
                
The control sequence at the end of the top line
of your error message was never \def'ed. If you have
misspelled it (e.g., `\hobx'), type `I' and the correct
spelling (e.g., `I\hbox'). Otherwise just continue,
and I'll forget about whatever was undefined.

! Bad register code (-2245295).
\@addmarginpar ...e \space moved}\else \@tempdima 
                                                  \z@ \fi \global \@mparbott...
l.96 \end{table}
                
A register number must be between 0 and 32767.
I changed this one to zero.

! Missing number, treated as zero.
<to be read again> 
                   \global 
l.96 \end{table}
                
A number should have been here; I inserted `0'.
(If you can't figure out why I needed to see a number,
look up `weird error' in the index to The TeXbook.)

! Illegal unit of measure (pt inserted).
<to be read again> 
                   \global 
l.96 \end{table}
                
Dimensions can be in units of em, ex, in, pt, pc,
cm, mm, dd, cc, nd, nc, bp, or sp; but yours is a new one!
I'll assume that you meant to say pt, for printer's points.
To recover gracefully from this error, it's best to
delete the erroneous units; e.g., type `2' to delete
two letters. (See Chapter 27 of The TeXbook.)

! Undefined control sequence.
\@addmarginpar ...vance \@mparbottom \dp \@marbox 
                                                  \global \advance \@mparbot...
l.96 \end{table}
                
The control sequence at the end of the top line
of your error message was never \def'ed. If you have
misspelled it (e.g., `\hobx'), type `I' and the correct
spelling (e.g., `I\hbox'). Otherwise just continue,
and I'll forget about whatever was undefined.

! Missing number, treated as zero.
<to be read again> 
                   \global 
l.96 \end{table}
                
A number should have been here; I inserted `0'.
(If you can't figure out why I needed to see a number,
look up `weird error' in the index to The TeXbook.)

! Undefined control sequence.
\@addmarginpar ...dvance \@tempdima -\ht \@marbox 
                                                  \global \setbox \@marbox \...
l.96 \end{table}
                
The control sequence at the end of the top line
of your error message was never \def'ed. If you have
misspelled it (e.g., `\hobx'), type `I' and the correct
spelling (e.g., `I\hbox'). Otherwise just continue,
and I'll forget about whatever was undefined.

! Missing number, treated as zero.
<to be read again> 
                   \global 
l.96 \end{table}
                
A number should have been here; I inserted `0'.
(If you can't figure out why I needed to see a number,
look up `weird error' in the index to The TeXbook.)

! Undefined control sequence.
\@addmarginpar ...marbox \global \setbox \@marbox 
                                                  \vbox {\vskip \@tempdima \...
l.96 \end{table}
                
The control sequence at the end of the top line
of your error message was never \def'ed. If you have
misspelled it (e.g., `\hobx'), type `I' and the correct
spelling (e.g., `I\hbox'). Otherwise just continue,
and I'll forget about whatever was undefined.

! Missing number, treated as zero.
<to be read again> 
                   \vbox 
l.96 \end{table}
                
A number should have been here; I inserted `0'.
(If you can't figure out why I needed to see a number,
look up `weird error' in the index to The TeXbook.)

! Undefined control sequence.
\@addmarginpar ...\vskip \@tempdima \box \@marbox 
                                                  }\global \ht \@marbox \z@ ...
l.96 \end{table}
                
The control sequence at the end of the top line
of your error message was never \def'ed. If you have
misspelled it (e.g., `\hobx'), type `I' and the correct
spelling (e.g., `I\hbox'). Otherwise just continue,
and I'll forget about whatever was undefined.

! Missing number, treated as zero.
<to be read again> 
                   }
l.96 \end{table}
                
A number should have been here; I inserted `0'.
(If you can't figure out why I needed to see a number,
look up `weird error' in the index to The TeXbook.)

! Undefined control sequence.
\@addmarginpar ... \@marbox }\global \ht \@marbox 
                                                  \z@ \global \dp \@marbox \...
l.96 \end{table}
                
The control sequence at the end of the top line
of your error message was never \def'ed. If you have
misspelled it (e.g., `\hobx'), type `I' and the correct
spelling (e.g., `I\hbox'). Otherwise just continue,
and I'll forget about whatever was undefined.

! Missing number, treated as zero.
<to be read again> 
                   \global 
l.96 \end{table}
                
A number should have been here; I inserted `0'.
(If you can't figure out why I needed to see a number,
look up `weird error' in the index to The TeXbook.)

! Illegal unit of measure (pt inserted).
<to be read again> 
                   \global 
l.96 \end{table}
                
Dimensions can be in units of em, ex, in, pt, pc,
cm, mm, dd, cc, nd, nc, bp, or sp; but yours is a new one!
I'll assume that you meant to say pt, for printer's points.
To recover gracefully from this error, it's best to
delete the erroneous units; e.g., type `2' to delete
two letters. (See Chapter 27 of The TeXbook.)

! Undefined control sequence.
\@addmarginpar ...marbox \z@ \global \dp \@marbox 
                                                  \z@ \kern -\@pagedp \noint...
l.96 \end{table}
                
The control sequence at the end of the top line
of your error message was never \def'ed. If you have
misspelled it (e.g., `\hobx'), type `I' and the correct
spelling (e.g., `I\hbox'). Otherwise just continue,
and I'll forget about whatever was undefined.

! Missing number, treated as zero.
<to be read again> 
                   \kern 
l.96 \end{table}
                
A number should have been here; I inserted `0'.
(If you can't figure out why I needed to see a number,
look up `weird error' in the index to The TeXbook.)

! Illegal unit of measure (pt inserted).
<to be read again> 
                   \kern 
l.96 \end{table}
                
Dimensions can be in units of em, ex, in, pt, pc,
cm, mm, dd, cc, nd, nc, bp, or sp; but yours is a new one!
I'll assume that you meant to say pt, for printer's points.
To recover gracefully from this error, it's best to
delete the erroneous units; e.g., type `2' to delete
two letters. (See Chapter 27 of The TeXbook.)

! Undefined control sequence.
\@addmarginpar ...arginparwidth \fi \box \@marbox 
                                                  \hss }\nointerlineskip \hb...
l.96 \end{table}
                
The control sequence at the end of the top line
of your error message was never \def'ed. If you have
misspelled it (e.g., `\hobx'), type `I' and the correct
spelling (e.g., `I\hbox'). Otherwise just continue,
and I'll forget about whatever was undefined.

! Missing number, treated as zero.
<to be read again> 
                   \hss 
l.96 \end{table}
                
A number should have been here; I inserted `0'.
(If you can't figure out why I needed to see a number,
look up `weird error' in the index to The TeXbook.)


! LaTeX Error: Too many unprocessed floats.

See the LaTeX manual or LaTeX Companion for explanation.
Type  H <return>  for immediate help.
 ...                                              
                                                  
l.97 \begin{table}[H]
                     
You've lost some text.  Try typing  <return>  to proceed.
If that doesn't work, type  X <return>  to quit.

! Undefined control sequence.
\@float@Hx ...ltovf \fi \global \setbox \@currbox 
                                                  \color@vbox \normalcolor \...
l.97 \begin{table}[H]
                     
The control sequence at the end of the top line
of your error message was never \def'ed. If you have
misspelled it (e.g., `\hobx'), type `I' and the correct
spelling (e.g., `I\hbox'). Otherwise just continue,
and I'll forget about whatever was undefined.

! Missing number, treated as zero.
<to be read again> 
                   \vbox 
l.97 \begin{table}[H]
                     
A number should have been here; I inserted `0'.
(If you can't figure out why I needed to see a number,
look up `weird error' in the index to The TeXbook.)

! Undefined control sequence.
\@largefloatcheck ->\ifdim \ht \@currbox 
                                         >\textheight \@tempdima -\textheigh...
l.121 \end{table}
                 
The control sequence at the end of the top line
of your error message was never \def'ed. If you have
misspelled it (e.g., `\hobx'), type `I' and the correct
spelling (e.g., `I\hbox'). Otherwise just continue,
and I'll forget about whatever was undefined.

! Missing number, treated as zero.
<to be read again> 
                   >
l.121 \end{table}
                 
A number should have been here; I inserted `0'.
(If you can't figure out why I needed to see a number,
look up `weird error' in the index to The TeXbook.)

! Undefined control sequence.
<argument> \@currbox 
                     
l.121 \end{table}
                 
The control sequence at the end of the top line
of your error message was never \def'ed. If you have
misspelled it (e.g., `\hobx'), type `I' and the correct
spelling (e.g., `I\hbox'). Otherwise just continue,
and I'll forget about whatever was undefined.

! Argument of \@xnext has an extra }.
<inserted text> 
                \par 
l.121 \end{table}
                 
I've run across a `}' that doesn't seem to match anything.
For example, `\def\a#1{...}' and `\a}' would produce
this error. If you simply proceed now, the `\par' that
I've just inserted will cause me to report a runaway
argument that might be the root of the problem. But if
your `}' was spurious, just type `2' and it will go away.

Runaway argument?
\@currbox \@currlist \ifnum \count \@currbox >\z@ \advance \@pageht \@pagedp \ETC.
! Paragraph ended before \@xnext was complete.
<to be read again> 
                   \par 
l.121 \end{table}
                 
I suspect you've forgotten a `}', causing me to apply this
control sequence to too much text. How can we recover?
My plan is to forget the whole thing and hope for the best.

! Extra \else.
\end@float ...pdima \penalty \@floatpenalty \else 
                                                  \vadjust {\penalty -\@Miv ...
l.121 \end{table}
                 
I'm ignoring this; it doesn't match any \if.

! You can't use `\vadjust' in vertical mode.
\end@float ...nalty \@floatpenalty \else \vadjust 
                                                  {\penalty -\@Miv \vbox {}\...
l.121 \end{table}
                 
Sorry, but I'm not programmed to handle this case;
I'll just pretend that you didn't ask for it.
If you're in the wrong mode, you might be able to
return to the right one by typing `I}' or `I$' or `I\par'.

! Argument of \@xnext has an extra }.
<inserted text> 
                \par 
l.121 \end{table}
                 
I've run across a `}' that doesn't seem to match anything.
For example, `\def\a#1{...}' and `\a}' would produce
this error. If you simply proceed now, the `\par' that
I've just inserted will cause me to report a runaway
argument that might be the root of the problem. But if
your `}' was spurious, just type `2' and it will go away.

Runaway argument?
\@currbox \@currlist \ifnum \count \@currbox >\z@ \advance \@pageht \@pagedp \ETC.
! Paragraph ended before \@xnext was complete.
<to be read again> 
                   \par 
l.121 \end{table}
                 
I suspect you've forgotten a `}', causing me to apply this
control sequence to too much text. How can we recover?
My plan is to forget the whole thing and hope for the best.

) (./results/small_model_informed_low_Probit/results_table.tex

! LaTeX Error: Too many unprocessed floats.

See the LaTeX manual or LaTeX Companion for explanation.
Type  H <return>  for immediate help.
 ...                                              
                                                  
l.1 \begin{table}[H]
                    
You've lost some text.  Try typing  <return>  to proceed.
If that doesn't work, type  X <return>  to quit.

! Undefined control sequence.
\@float@Hx ...ltovf \fi \global \setbox \@currbox 
                                                  \color@vbox \normalcolor \...
l.1 \begin{table}[H]
                    
The control sequence at the end of the top line
of your error message was never \def'ed. If you have
misspelled it (e.g., `\hobx'), type `I' and the correct
spelling (e.g., `I\hbox'). Otherwise just continue,
and I'll forget about whatever was undefined.

! Missing number, treated as zero.
<to be read again> 
                   \vbox 
l.1 \begin{table}[H]
                    
A number should have been here; I inserted `0'.
(If you can't figure out why I needed to see a number,
look up `weird error' in the index to The TeXbook.)

! Undefined control sequence.
\@largefloatcheck ->\ifdim \ht \@currbox 
                                         >\textheight \@tempdima -\textheigh...
l.21 \end{table}
                
The control sequence at the end of the top line
of your error message was never \def'ed. If you have
misspelled it (e.g., `\hobx'), type `I' and the correct
spelling (e.g., `I\hbox'). Otherwise just continue,
and I'll forget about whatever was undefined.

! Missing number, treated as zero.
<to be read again> 
                   >
l.21 \end{table}
                
A number should have been here; I inserted `0'.
(If you can't figure out why I needed to see a number,
look up `weird error' in the index to The TeXbook.)

! Undefined control sequence.
<argument> \@currbox 
                     
l.21 \end{table}
                
The control sequence at the end of the top line
of your error message was never \def'ed. If you have
misspelled it (e.g., `\hobx'), type `I' and the correct
spelling (e.g., `I\hbox'). Otherwise just continue,
and I'll forget about whatever was undefined.

! Missing number, treated as zero.
<to be read again> 
                   \@elt 
l.21 \end{table}
                
A number should have been here; I inserted `0'.
(If you can't figure out why I needed to see a number,
look up `weird error' in the index to The TeXbook.)

! Missing = inserted for \ifnum.
<to be read again> 
                   \@elt 
l.21 \end{table}
                
I was expecting to see `<', `=', or `>'. Didn't.

! Missing number, treated as zero.
<to be read again> 
                   \@elt 
l.21 \end{table}
                
A number should have been here; I inserted `0'.
(If you can't figure out why I needed to see a number,
look up `weird error' in the index to The TeXbook.)


! LaTeX Error: This may be a LaTeX bug.

See the LaTeX manual or LaTeX Companion for explanation.
Type  H <return>  for immediate help.
 ...                                              
                                                  
l.21 \end{table}
                
Call for help

! Undefined control sequence.
\@addmarginpar ...advance \@tempdima \ht \@marbox 
                                                  \ifdim \@tempdima >\z@ \@l...
l.21 \end{table}
                
The control sequence at the end of the top line
of your error message was never \def'ed. If you have
misspelled it (e.g., `\hobx'), type `I' and the correct
spelling (e.g., `I\hbox'). Otherwise just continue,
and I'll forget about whatever was undefined.

! Missing number, treated as zero.
<to be read again> 
                   \protect 
l.21 \end{table}
                
A number should have been here; I inserted `0'.
(If you can't figure out why I needed to see a number,
look up `weird error' in the index to The TeXbook.)


LaTeX Warning: Marginpar on page 7 moved.

! Undefined control sequence.
\@addmarginpar ...vance \@mparbottom \dp \@marbox 
                                                  \global \advance \@mparbot...
l.21 \end{table}
                
The control sequence at the end of the top line
of your error message was never \def'ed. If you have
misspelled it (e.g., `\hobx'), type `I' and the correct
spelling (e.g., `I\hbox'). Otherwise just continue,
and I'll forget about whatever was undefined.

! Missing number, treated as zero.
<to be read again> 
                   \global 
l.21 \end{table}
                
A number should have been here; I inserted `0'.
(If you can't figure out why I needed to see a number,
look up `weird error' in the index to The TeXbook.)

! Undefined control sequence.
\@addmarginpar ...dvance \@tempdima -\ht \@marbox 
                                                  \global \setbox \@marbox \...
l.21 \end{table}
                
The control sequence at the end of the top line
of your error message was never \def'ed. If you have
misspelled it (e.g., `\hobx'), type `I' and the correct
spelling (e.g., `I\hbox'). Otherwise just continue,
and I'll forget about whatever was undefined.

! Missing number, treated as zero.
<to be read again> 
                   \global 
l.21 \end{table}
                
A number should have been here; I inserted `0'.
(If you can't figure out why I needed to see a number,
look up `weird error' in the index to The TeXbook.)

! Undefined control sequence.
\@addmarginpar ...marbox \global \setbox \@marbox 
                                                  \vbox {\vskip \@tempdima \...
l.21 \end{table}
                
The control sequence at the end of the top line
of your error message was never \def'ed. If you have
misspelled it (e.g., `\hobx'), type `I' and the correct
spelling (e.g., `I\hbox'). Otherwise just continue,
and I'll forget about whatever was undefined.

! Missing number, treated as zero.
<to be read again> 
                   \vbox 
l.21 \end{table}
                
A number should have been here; I inserted `0'.
(If you can't figure out why I needed to see a number,
look up `weird error' in the index to The TeXbook.)

! Undefined control sequence.
\@addmarginpar ...\vskip \@tempdima \box \@marbox 
                                                  }\global \ht \@marbox \z@ ...
l.21 \end{table}
                
The control sequence at the end of the top line
of your error message was never \def'ed. If you have
misspelled it (e.g., `\hobx'), type `I' and the correct
spelling (e.g., `I\hbox'). Otherwise just continue,
and I'll forget about whatever was undefined.

! Missing number, treated as zero.
<to be read again> 
                   }
l.21 \end{table}
                
A number should have been here; I inserted `0'.
(If you can't figure out why I needed to see a number,
look up `weird error' in the index to The TeXbook.)

! Undefined control sequence.
\@addmarginpar ... \@marbox }\global \ht \@marbox 
                                                  \z@ \global \dp \@marbox \...
l.21 \end{table}
                
The control sequence at the end of the top line
of your error message was never \def'ed. If you have
misspelled it (e.g., `\hobx'), type `I' and the correct
spelling (e.g., `I\hbox'). Otherwise just continue,
and I'll forget about whatever was undefined.

! Missing number, treated as zero.
<to be read again> 
                   \global 
l.21 \end{table}
                
A number should have been here; I inserted `0'.
(If you can't figure out why I needed to see a number,
look up `weird error' in the index to The TeXbook.)

! Illegal unit of measure (pt inserted).
<to be read again> 
                   \global 
l.21 \end{table}
                
Dimensions can be in units of em, ex, in, pt, pc,
cm, mm, dd, cc, nd, nc, bp, or sp; but yours is a new one!
I'll assume that you meant to say pt, for printer's points.
To recover gracefully from this error, it's best to
delete the erroneous units; e.g., type `2' to delete
two letters. (See Chapter 27 of The TeXbook.)

! Undefined control sequence.
\@addmarginpar ...marbox \z@ \global \dp \@marbox 
                                                  \z@ \kern -\@pagedp \noint...
l.21 \end{table}
                
The control sequence at the end of the top line
of your error message was never \def'ed. If you have
misspelled it (e.g., `\hobx'), type `I' and the correct
spelling (e.g., `I\hbox'). Otherwise just continue,
and I'll forget about whatever was undefined.

! Missing number, treated as zero.
<to be read again> 
                   \kern 
l.21 \end{table}
                
A number should have been here; I inserted `0'.
(If you can't figure out why I needed to see a number,
look up `weird error' in the index to The TeXbook.)

! Illegal unit of measure (pt inserted).
<to be read again> 
                   \kern 
l.21 \end{table}
                
Dimensions can be in units of em, ex, in, pt, pc,
cm, mm, dd, cc, nd, nc, bp, or sp; but yours is a new one!
I'll assume that you meant to say pt, for printer's points.
To recover gracefully from this error, it's best to
delete the erroneous units; e.g., type `2' to delete
two letters. (See Chapter 27 of The TeXbook.)

! Undefined control sequence.
\@addmarginpar ...arginparwidth \fi \box \@marbox 
                                                  \hss }\nointerlineskip \hb...
l.21 \end{table}
                
The control sequence at the end of the top line
of your error message was never \def'ed. If you have
misspelled it (e.g., `\hobx'), type `I' and the correct
spelling (e.g., `I\hbox'). Otherwise just continue,
and I'll forget about whatever was undefined.

! Missing number, treated as zero.
<to be read again> 
                   \hss 
l.21 \end{table}
                
A number should have been here; I inserted `0'.
(If you can't figure out why I needed to see a number,
look up `weird error' in the index to The TeXbook.)


! LaTeX Error: Too many unprocessed floats.

See the LaTeX manual or LaTeX Companion for explanation.
Type  H <return>  for immediate help.
 ...                                              
                                                  
l.22 \begin{table}[H]
                     
You've lost some text.  Try typing  <return>  to proceed.
If that doesn't work, type  X <return>  to quit.

! Undefined control sequence.
\@float@Hx ...ltovf \fi \global \setbox \@currbox 
                                                  \color@vbox \normalcolor \...
l.22 \begin{table}[H]
                     
The control sequence at the end of the top line
of your error message was never \def'ed. If you have
misspelled it (e.g., `\hobx'), type `I' and the correct
spelling (e.g., `I\hbox'). Otherwise just continue,
and I'll forget about whatever was undefined.

! Missing number, treated as zero.
<to be read again> 
                   \vbox 
l.22 \begin{table}[H]
                     
A number should have been here; I inserted `0'.
(If you can't figure out why I needed to see a number,
look up `weird error' in the index to The TeXbook.)

! Undefined control sequence.
\@largefloatcheck ->\ifdim \ht \@currbox 
                                         >\textheight \@tempdima -\textheigh...
l.47 \end{table}
                
The control sequence at the end of the top line
of your error message was never \def'ed. If you have
misspelled it (e.g., `\hobx'), type `I' and the correct
spelling (e.g., `I\hbox'). Otherwise just continue,
and I'll forget about whatever was undefined.

! Missing number, treated as zero.
<to be read again> 
                   >
l.47 \end{table}
                
A number should have been here; I inserted `0'.
(If you can't figure out why I needed to see a number,
look up `weird error' in the index to The TeXbook.)

! Undefined control sequence.
<argument> \@currbox 
                     
l.47 \end{table}
                
The control sequence at the end of the top line
of your error message was never \def'ed. If you have
misspelled it (e.g., `\hobx'), type `I' and the correct
spelling (e.g., `I\hbox'). Otherwise just continue,
and I'll forget about whatever was undefined.

! Argument of \@xnext has an extra }.
<inserted text> 
                \par 
l.47 \end{table}
                
I've run across a `}' that doesn't seem to match anything.
For example, `\def\a#1{...}' and `\a}' would produce
this error. If you simply proceed now, the `\par' that
I've just inserted will cause me to report a runaway
argument that might be the root of the problem. But if
your `}' was spurious, just type `2' and it will go away.

Runaway argument?
\@currbox \@currlist \ifnum \count \@currbox >\z@ \advance \@pageht \@pagedp \ETC.
! Paragraph ended before \@xnext was complete.
<to be read again> 
                   \par 
l.47 \end{table}
                
I suspect you've forgotten a `}', causing me to apply this
control sequence to too much text. How can we recover?
My plan is to forget the whole thing and hope for the best.

! Extra \else.
\end@float ...pdima \penalty \@floatpenalty \else 
                                                  \vadjust {\penalty -\@Miv ...
l.47 \end{table}
                
I'm ignoring this; it doesn't match any \if.

! You can't use `\vadjust' in vertical mode.
\end@float ...nalty \@floatpenalty \else \vadjust 
                                                  {\penalty -\@Miv \vbox {}\...
l.47 \end{table}
                
Sorry, but I'm not programmed to handle this case;
I'll just pretend that you didn't ask for it.
If you're in the wrong mode, you might be able to
return to the right one by typing `I}' or `I$' or `I\par'.

! Argument of \@xnext has an extra }.
<inserted text> 
                \par 
l.47 \end{table}
                
I've run across a `}' that doesn't seem to match anything.
For example, `\def\a#1{...}' and `\a}' would produce
this error. If you simply proceed now, the `\par' that
I've just inserted will cause me to report a runaway
argument that might be the root of the problem. But if
your `}' was spurious, just type `2' and it will go away.

Runaway argument?
\@currbox \@currlist \ifnum \count \@currbox >\z@ \advance \@pageht \@pagedp \ETC.
! Paragraph ended before \@xnext was complete.
<to be read again> 
                   \par 
l.47 \end{table}
                
I suspect you've forgotten a `}', causing me to apply this
control sequence to too much text. How can we recover?
My plan is to forget the whole thing and hope for the best.


! LaTeX Error: Too many unprocessed floats.

See the LaTeX manual or LaTeX Companion for explanation.
Type  H <return>  for immediate help.
 ...                                              
                                                  
l.48 \begin{table}[H]
                     
You've lost some text.  Try typing  <return>  to proceed.
If that doesn't work, type  X <return>  to quit.

! Undefined control sequence.
\@float@Hx ...ltovf \fi \global \setbox \@currbox 
                                                  \color@vbox \normalcolor \...
l.48 \begin{table}[H]
                     
The control sequence at the end of the top line
of your error message was never \def'ed. If you have
misspelled it (e.g., `\hobx'), type `I' and the correct
spelling (e.g., `I\hbox'). Otherwise just continue,
and I'll forget about whatever was undefined.

! Missing number, treated as zero.
<to be read again> 
                   \vbox 
l.48 \begin{table}[H]
                     
A number should have been here; I inserted `0'.
(If you can't figure out why I needed to see a number,
look up `weird error' in the index to The TeXbook.)

! Undefined control sequence.
\@largefloatcheck ->\ifdim \ht \@currbox 
                                         >\textheight \@tempdima -\textheigh...
l.73 \end{table}
                
The control sequence at the end of the top line
of your error message was never \def'ed. If you have
misspelled it (e.g., `\hobx'), type `I' and the correct
spelling (e.g., `I\hbox'). Otherwise just continue,
and I'll forget about whatever was undefined.

! Missing number, treated as zero.
<to be read again> 
                   >
l.73 \end{table}
                
A number should have been here; I inserted `0'.
(If you can't figure out why I needed to see a number,
look up `weird error' in the index to The TeXbook.)

! Undefined control sequence.
<argument> \@currbox 
                     
l.73 \end{table}
                
The control sequence at the end of the top line
of your error message was never \def'ed. If you have
misspelled it (e.g., `\hobx'), type `I' and the correct
spelling (e.g., `I\hbox'). Otherwise just continue,
and I'll forget about whatever was undefined.

! Missing number, treated as zero.
<to be read again> 
                   \@elt 
l.73 \end{table}
                
A number should have been here; I inserted `0'.
(If you can't figure out why I needed to see a number,
look up `weird error' in the index to The TeXbook.)

! Missing = inserted for \ifnum.
<to be read again> 
                   \@elt 
l.73 \end{table}
                
I was expecting to see `<', `=', or `>'. Didn't.

! Missing number, treated as zero.
<to be read again> 
                   \@elt 
l.73 \end{table}
                
A number should have been here; I inserted `0'.
(If you can't figure out why I needed to see a number,
look up `weird error' in the index to The TeXbook.)


! LaTeX Error: This may be a LaTeX bug.

See the LaTeX manual or LaTeX Companion for explanation.
Type  H <return>  for immediate help.
 ...                                              
                                                  
l.73 \end{table}
                
Call for help

! Undefined control sequence.
\@addmarginpar ...advance \@tempdima \ht \@marbox 
                                                  \ifdim \@tempdima >\z@ \@l...
l.73 \end{table}
                
The control sequence at the end of the top line
of your error message was never \def'ed. If you have
misspelled it (e.g., `\hobx'), type `I' and the correct
spelling (e.g., `I\hbox'). Otherwise just continue,
and I'll forget about whatever was undefined.

! Missing number, treated as zero.
<to be read again> 
                   \protect 
l.73 \end{table}
                
A number should have been here; I inserted `0'.
(If you can't figure out why I needed to see a number,
look up `weird error' in the index to The TeXbook.)


LaTeX Warning: Marginpar on page 7 moved.

! Undefined control sequence.
\@addmarginpar ...vance \@mparbottom \dp \@marbox 
                                                  \global \advance \@mparbot...
l.73 \end{table}
                
The control sequence at the end of the top line
of your error message was never \def'ed. If you have
misspelled it (e.g., `\hobx'), type `I' and the correct
spelling (e.g., `I\hbox'). Otherwise just continue,
and I'll forget about whatever was undefined.

! Missing number, treated as zero.
<to be read again> 
                   \global 
l.73 \end{table}
                
A number should have been here; I inserted `0'.
(If you can't figure out why I needed to see a number,
look up `weird error' in the index to The TeXbook.)

! Undefined control sequence.
\@addmarginpar ...dvance \@tempdima -\ht \@marbox 
                                                  \global \setbox \@marbox \...
l.73 \end{table}
                
The control sequence at the end of the top line
of your error message was never \def'ed. If you have
misspelled it (e.g., `\hobx'), type `I' and the correct
spelling (e.g., `I\hbox'). Otherwise just continue,
and I'll forget about whatever was undefined.

! Missing number, treated as zero.
<to be read again> 
                   \global 
l.73 \end{table}
                
A number should have been here; I inserted `0'.
(If you can't figure out why I needed to see a number,
look up `weird error' in the index to The TeXbook.)

! Undefined control sequence.
\@addmarginpar ...marbox \global \setbox \@marbox 
                                                  \vbox {\vskip \@tempdima \...
l.73 \end{table}
                
The control sequence at the end of the top line
of your error message was never \def'ed. If you have
misspelled it (e.g., `\hobx'), type `I' and the correct
spelling (e.g., `I\hbox'). Otherwise just continue,
and I'll forget about whatever was undefined.

! Missing number, treated as zero.
<to be read again> 
                   \vbox 
l.73 \end{table}
                
A number should have been here; I inserted `0'.
(If you can't figure out why I needed to see a number,
look up `weird error' in the index to The TeXbook.)

! Undefined control sequence.
\@addmarginpar ...\vskip \@tempdima \box \@marbox 
                                                  }\global \ht \@marbox \z@ ...
l.73 \end{table}
                
The control sequence at the end of the top line
of your error message was never \def'ed. If you have
misspelled it (e.g., `\hobx'), type `I' and the correct
spelling (e.g., `I\hbox'). Otherwise just continue,
and I'll forget about whatever was undefined.

! Missing number, treated as zero.
<to be read again> 
                   }
l.73 \end{table}
                
A number should have been here; I inserted `0'.
(If you can't figure out why I needed to see a number,
look up `weird error' in the index to The TeXbook.)

! Undefined control sequence.
\@addmarginpar ... \@marbox }\global \ht \@marbox 
                                                  \z@ \global \dp \@marbox \...
l.73 \end{table}
                
The control sequence at the end of the top line
of your error message was never \def'ed. If you have
misspelled it (e.g., `\hobx'), type `I' and the correct
spelling (e.g., `I\hbox'). Otherwise just continue,
and I'll forget about whatever was undefined.

! Missing number, treated as zero.
<to be read again> 
                   \global 
l.73 \end{table}
                
A number should have been here; I inserted `0'.
(If you can't figure out why I needed to see a number,
look up `weird error' in the index to The TeXbook.)

! Illegal unit of measure (pt inserted).
<to be read again> 
                   \global 
l.73 \end{table}
                
Dimensions can be in units of em, ex, in, pt, pc,
cm, mm, dd, cc, nd, nc, bp, or sp; but yours is a new one!
I'll assume that you meant to say pt, for printer's points.
To recover gracefully from this error, it's best to
delete the erroneous units; e.g., type `2' to delete
two letters. (See Chapter 27 of The TeXbook.)

! Undefined control sequence.
\@addmarginpar ...marbox \z@ \global \dp \@marbox 
                                                  \z@ \kern -\@pagedp \noint...
l.73 \end{table}
                
The control sequence at the end of the top line
of your error message was never \def'ed. If you have
misspelled it (e.g., `\hobx'), type `I' and the correct
spelling (e.g., `I\hbox'). Otherwise just continue,
and I'll forget about whatever was undefined.

! Missing number, treated as zero.
<to be read again> 
                   \kern 
l.73 \end{table}
                
A number should have been here; I inserted `0'.
(If you can't figure out why I needed to see a number,
look up `weird error' in the index to The TeXbook.)

! Illegal unit of measure (pt inserted).
<to be read again> 
                   \kern 
l.73 \end{table}
                
Dimensions can be in units of em, ex, in, pt, pc,
cm, mm, dd, cc, nd, nc, bp, or sp; but yours is a new one!
I'll assume that you meant to say pt, for printer's points.
To recover gracefully from this error, it's best to
delete the erroneous units; e.g., type `2' to delete
two letters. (See Chapter 27 of The TeXbook.)

! Undefined control sequence.
\@addmarginpar ...arginparwidth \fi \box \@marbox 
                                                  \hss }\nointerlineskip \hb...
l.73 \end{table}
                
The control sequence at the end of the top line
of your error message was never \def'ed. If you have
misspelled it (e.g., `\hobx'), type `I' and the correct
spelling (e.g., `I\hbox'). Otherwise just continue,
and I'll forget about whatever was undefined.

! Missing number, treated as zero.
<to be read again> 
                   \hss 
l.73 \end{table}
                
A number should have been here; I inserted `0'.
(If you can't figure out why I needed to see a number,
look up `weird error' in the index to The TeXbook.)


! LaTeX Error: Too many unprocessed floats.

See the LaTeX manual or LaTeX Companion for explanation.
Type  H <return>  for immediate help.
 ...                                              
                                                  
l.74 \begin{table}[H]
                     
You've lost some text.  Try typing  <return>  to proceed.
If that doesn't work, type  X <return>  to quit.

! Undefined control sequence.
\@float@Hx ...ltovf \fi \global \setbox \@currbox 
                                                  \color@vbox \normalcolor \...
l.74 \begin{table}[H]
                     
The control sequence at the end of the top line
of your error message was never \def'ed. If you have
misspelled it (e.g., `\hobx'), type `I' and the correct
spelling (e.g., `I\hbox'). Otherwise just continue,
and I'll forget about whatever was undefined.

! Missing number, treated as zero.
<to be read again> 
                   \vbox 
l.74 \begin{table}[H]
                     
A number should have been here; I inserted `0'.
(If you can't figure out why I needed to see a number,
look up `weird error' in the index to The TeXbook.)

! Undefined control sequence.
\@largefloatcheck ->\ifdim \ht \@currbox 
                                         >\textheight \@tempdima -\textheigh...
l.99 \end{table}
                
The control sequence at the end of the top line
of your error message was never \def'ed. If you have
misspelled it (e.g., `\hobx'), type `I' and the correct
spelling (e.g., `I\hbox'). Otherwise just continue,
and I'll forget about whatever was undefined.

! Missing number, treated as zero.
<to be read again> 
                   >
l.99 \end{table}
                
A number should have been here; I inserted `0'.
(If you can't figure out why I needed to see a number,
look up `weird error' in the index to The TeXbook.)

! Undefined control sequence.
<argument> \@currbox 
                     
l.99 \end{table}
                
The control sequence at the end of the top line
of your error message was never \def'ed. If you have
misspelled it (e.g., `\hobx'), type `I' and the correct
spelling (e.g., `I\hbox'). Otherwise just continue,
and I'll forget about whatever was undefined.

! Argument of \@xnext has an extra }.
<inserted text> 
                \par 
l.99 \end{table}
                
I've run across a `}' that doesn't seem to match anything.
For example, `\def\a#1{...}' and `\a}' would produce
this error. If you simply proceed now, the `\par' that
I've just inserted will cause me to report a runaway
argument that might be the root of the problem. But if
your `}' was spurious, just type `2' and it will go away.

Runaway argument?
\@currbox \@currlist \ifnum \count \@currbox >\z@ \advance \@pageht \@pagedp \ETC.
! Paragraph ended before \@xnext was complete.
<to be read again> 
                   \par 
l.99 \end{table}
                
I suspect you've forgotten a `}', causing me to apply this
control sequence to too much text. How can we recover?
My plan is to forget the whole thing and hope for the best.

! Extra \else.
\end@float ...pdima \penalty \@floatpenalty \else 
                                                  \vadjust {\penalty -\@Miv ...
l.99 \end{table}
                
I'm ignoring this; it doesn't match any \if.

! You can't use `\vadjust' in vertical mode.
\end@float ...nalty \@floatpenalty \else \vadjust 
                                                  {\penalty -\@Miv \vbox {}\...
l.99 \end{table}
                
Sorry, but I'm not programmed to handle this case;
I'll just pretend that you didn't ask for it.
If you're in the wrong mode, you might be able to
return to the right one by typing `I}' or `I$' or `I\par'.

! Argument of \@xnext has an extra }.
<inserted text> 
                \par 
l.99 \end{table}
                
I've run across a `}' that doesn't seem to match anything.
For example, `\def\a#1{...}' and `\a}' would produce
this error. If you simply proceed now, the `\par' that
I've just inserted will cause me to report a runaway
argument that might be the root of the problem. But if
your `}' was spurious, just type `2' and it will go away.

Runaway argument?
\@currbox \@currlist \ifnum \count \@currbox >\z@ \advance \@pageht \@pagedp \ETC.
! Paragraph ended before \@xnext was complete.
<to be read again> 
                   \par 
l.99 \end{table}
                
I suspect you've forgotten a `}', causing me to apply this
control sequence to too much text. How can we recover?
My plan is to forget the whole thing and hope for the best.

) (./results/small_model_informed_high_Probit/results_table.tex

! LaTeX Error: Too many unprocessed floats.

See the LaTeX manual or LaTeX Companion for explanation.
Type  H <return>  for immediate help.
 ...                                              
                                                  
l.1 \begin{table}[H]
                    
You've lost some text.  Try typing  <return>  to proceed.
If that doesn't work, type  X <return>  to quit.

! Undefined control sequence.
\@float@Hx ...ltovf \fi \global \setbox \@currbox 
                                                  \color@vbox \normalcolor \...
l.1 \begin{table}[H]
                    
The control sequence at the end of the top line
of your error message was never \def'ed. If you have
misspelled it (e.g., `\hobx'), type `I' and the correct
spelling (e.g., `I\hbox'). Otherwise just continue,
and I'll forget about whatever was undefined.

! Missing number, treated as zero.
<to be read again> 
                   \vbox 
l.1 \begin{table}[H]
                    
A number should have been here; I inserted `0'.
(If you can't figure out why I needed to see a number,
look up `weird error' in the index to The TeXbook.)

! Undefined control sequence.
\@largefloatcheck ->\ifdim \ht \@currbox 
                                         >\textheight \@tempdima -\textheigh...
l.21 \end{table}
                
The control sequence at the end of the top line
of your error message was never \def'ed. If you have
misspelled it (e.g., `\hobx'), type `I' and the correct
spelling (e.g., `I\hbox'). Otherwise just continue,
and I'll forget about whatever was undefined.

! Missing number, treated as zero.
<to be read again> 
                   >
l.21 \end{table}
                
A number should have been here; I inserted `0'.
(If you can't figure out why I needed to see a number,
look up `weird error' in the index to The TeXbook.)

! Undefined control sequence.
<argument> \@currbox 
                     
l.21 \end{table}
                
The control sequence at the end of the top line
of your error message was never \def'ed. If you have
misspelled it (e.g., `\hobx'), type `I' and the correct
spelling (e.g., `I\hbox'). Otherwise just continue,
and I'll forget about whatever was undefined.

! Missing number, treated as zero.
<to be read again> 
                   \@elt 
l.21 \end{table}
                
A number should have been here; I inserted `0'.
(If you can't figure out why I needed to see a number,
look up `weird error' in the index to The TeXbook.)

! Missing = inserted for \ifnum.
<to be read again> 
                   \@elt 
l.21 \end{table}
                
I was expecting to see `<', `=', or `>'. Didn't.

! Missing number, treated as zero.
<to be read again> 
                   \@elt 
l.21 \end{table}
                
A number should have been here; I inserted `0'.
(If you can't figure out why I needed to see a number,
look up `weird error' in the index to The TeXbook.)


! LaTeX Error: This may be a LaTeX bug.

See the LaTeX manual or LaTeX Companion for explanation.
Type  H <return>  for immediate help.
 ...                                              
                                                  
l.21 \end{table}
                
Call for help

! Undefined control sequence.
\@addmarginpar ...advance \@tempdima \ht \@marbox 
                                                  \ifdim \@tempdima >\z@ \@l...
l.21 \end{table}
                
The control sequence at the end of the top line
of your error message was never \def'ed. If you have
misspelled it (e.g., `\hobx'), type `I' and the correct
spelling (e.g., `I\hbox'). Otherwise just continue,
and I'll forget about whatever was undefined.

! Missing number, treated as zero.
<to be read again> 
                   \protect 
l.21 \end{table}
                
A number should have been here; I inserted `0'.
(If you can't figure out why I needed to see a number,
look up `weird error' in the index to The TeXbook.)


LaTeX Warning: Marginpar on page 7 moved.

! Undefined control sequence.
\@addmarginpar ...vance \@mparbottom \dp \@marbox 
                                                  \global \advance \@mparbot...
l.21 \end{table}
                
The control sequence at the end of the top line
of your error message was never \def'ed. If you have
misspelled it (e.g., `\hobx'), type `I' and the correct
spelling (e.g., `I\hbox'). Otherwise just continue,
and I'll forget about whatever was undefined.

! Missing number, treated as zero.
<to be read again> 
                   \global 
l.21 \end{table}
                
A number should have been here; I inserted `0'.
(If you can't figure out why I needed to see a number,
look up `weird error' in the index to The TeXbook.)

! Undefined control sequence.
\@addmarginpar ...dvance \@tempdima -\ht \@marbox 
                                                  \global \setbox \@marbox \...
l.21 \end{table}
                
The control sequence at the end of the top line
of your error message was never \def'ed. If you have
misspelled it (e.g., `\hobx'), type `I' and the correct
spelling (e.g., `I\hbox'). Otherwise just continue,
and I'll forget about whatever was undefined.

! Missing number, treated as zero.
<to be read again> 
                   \global 
l.21 \end{table}
                
A number should have been here; I inserted `0'.
(If you can't figure out why I needed to see a number,
look up `weird error' in the index to The TeXbook.)

! Undefined control sequence.
\@addmarginpar ...marbox \global \setbox \@marbox 
                                                  \vbox {\vskip \@tempdima \...
l.21 \end{table}
                
The control sequence at the end of the top line
of your error message was never \def'ed. If you have
misspelled it (e.g., `\hobx'), type `I' and the correct
spelling (e.g., `I\hbox'). Otherwise just continue,
and I'll forget about whatever was undefined.

! Missing number, treated as zero.
<to be read again> 
                   \vbox 
l.21 \end{table}
                
A number should have been here; I inserted `0'.
(If you can't figure out why I needed to see a number,
look up `weird error' in the index to The TeXbook.)

! Undefined control sequence.
\@addmarginpar ...\vskip \@tempdima \box \@marbox 
                                                  }\global \ht \@marbox \z@ ...
l.21 \end{table}
                
The control sequence at the end of the top line
of your error message was never \def'ed. If you have
misspelled it (e.g., `\hobx'), type `I' and the correct
spelling (e.g., `I\hbox'). Otherwise just continue,
and I'll forget about whatever was undefined.

! Missing number, treated as zero.
<to be read again> 
                   }
l.21 \end{table}
                
A number should have been here; I inserted `0'.
(If you can't figure out why I needed to see a number,
look up `weird error' in the index to The TeXbook.)

! Undefined control sequence.
\@addmarginpar ... \@marbox }\global \ht \@marbox 
                                                  \z@ \global \dp \@marbox \...
l.21 \end{table}
                
The control sequence at the end of the top line
of your error message was never \def'ed. If you have
misspelled it (e.g., `\hobx'), type `I' and the correct
spelling (e.g., `I\hbox'). Otherwise just continue,
and I'll forget about whatever was undefined.

! Missing number, treated as zero.
<to be read again> 
                   \global 
l.21 \end{table}
                
A number should have been here; I inserted `0'.
(If you can't figure out why I needed to see a number,
look up `weird error' in the index to The TeXbook.)

! Illegal unit of measure (pt inserted).
<to be read again> 
                   \global 
l.21 \end{table}
                
Dimensions can be in units of em, ex, in, pt, pc,
cm, mm, dd, cc, nd, nc, bp, or sp; but yours is a new one!
I'll assume that you meant to say pt, for printer's points.
To recover gracefully from this error, it's best to
delete the erroneous units; e.g., type `2' to delete
two letters. (See Chapter 27 of The TeXbook.)

! Undefined control sequence.
\@addmarginpar ...marbox \z@ \global \dp \@marbox 
                                                  \z@ \kern -\@pagedp \noint...
l.21 \end{table}
                
The control sequence at the end of the top line
of your error message was never \def'ed. If you have
misspelled it (e.g., `\hobx'), type `I' and the correct
spelling (e.g., `I\hbox'). Otherwise just continue,
and I'll forget about whatever was undefined.

! Missing number, treated as zero.
<to be read again> 
                   \kern 
l.21 \end{table}
                
A number should have been here; I inserted `0'.
(If you can't figure out why I needed to see a number,
look up `weird error' in the index to The TeXbook.)

! Illegal unit of measure (pt inserted).
<to be read again> 
                   \kern 
l.21 \end{table}
                
Dimensions can be in units of em, ex, in, pt, pc,
cm, mm, dd, cc, nd, nc, bp, or sp; but yours is a new one!
I'll assume that you meant to say pt, for printer's points.
To recover gracefully from this error, it's best to
delete the erroneous units; e.g., type `2' to delete
two letters. (See Chapter 27 of The TeXbook.)

! Undefined control sequence.
\@addmarginpar ...arginparwidth \fi \box \@marbox 
                                                  \hss }\nointerlineskip \hb...
l.21 \end{table}
                
The control sequence at the end of the top line
of your error message was never \def'ed. If you have
misspelled it (e.g., `\hobx'), type `I' and the correct
spelling (e.g., `I\hbox'). Otherwise just continue,
and I'll forget about whatever was undefined.

! Missing number, treated as zero.
<to be read again> 
                   \hss 
l.21 \end{table}
                
A number should have been here; I inserted `0'.
(If you can't figure out why I needed to see a number,
look up `weird error' in the index to The TeXbook.)


! LaTeX Error: Too many unprocessed floats.

See the LaTeX manual or LaTeX Companion for explanation.
Type  H <return>  for immediate help.
 ...                                              
                                                  
l.22 \begin{table}[H]
                     
You've lost some text.  Try typing  <return>  to proceed.
If that doesn't work, type  X <return>  to quit.

! Undefined control sequence.
\@float@Hx ...ltovf \fi \global \setbox \@currbox 
                                                  \color@vbox \normalcolor \...
l.22 \begin{table}[H]
                     
The control sequence at the end of the top line
of your error message was never \def'ed. If you have
misspelled it (e.g., `\hobx'), type `I' and the correct
spelling (e.g., `I\hbox'). Otherwise just continue,
and I'll forget about whatever was undefined.

! Missing number, treated as zero.
<to be read again> 
                   \vbox 
l.22 \begin{table}[H]
                     
A number should have been here; I inserted `0'.
(If you can't figure out why I needed to see a number,
look up `weird error' in the index to The TeXbook.)

! Undefined control sequence.
\@largefloatcheck ->\ifdim \ht \@currbox 
                                         >\textheight \@tempdima -\textheigh...
l.47 \end{table}
                
The control sequence at the end of the top line
of your error message was never \def'ed. If you have
misspelled it (e.g., `\hobx'), type `I' and the correct
spelling (e.g., `I\hbox'). Otherwise just continue,
and I'll forget about whatever was undefined.

! Missing number, treated as zero.
<to be read again> 
                   >
l.47 \end{table}
                
A number should have been here; I inserted `0'.
(If you can't figure out why I needed to see a number,
look up `weird error' in the index to The TeXbook.)

! Undefined control sequence.
<argument> \@currbox 
                     
l.47 \end{table}
                
The control sequence at the end of the top line
of your error message was never \def'ed. If you have
misspelled it (e.g., `\hobx'), type `I' and the correct
spelling (e.g., `I\hbox'). Otherwise just continue,
and I'll forget about whatever was undefined.

! Argument of \@xnext has an extra }.
<inserted text> 
                \par 
l.47 \end{table}
                
I've run across a `}' that doesn't seem to match anything.
For example, `\def\a#1{...}' and `\a}' would produce
this error. If you simply proceed now, the `\par' that
I've just inserted will cause me to report a runaway
argument that might be the root of the problem. But if
your `}' was spurious, just type `2' and it will go away.

Runaway argument?
\@currbox \@currlist \ifnum \count \@currbox >\z@ \advance \@pageht \@pagedp \ETC.
! Paragraph ended before \@xnext was complete.
<to be read again> 
                   \par 
l.47 \end{table}
                
I suspect you've forgotten a `}', causing me to apply this
control sequence to too much text. How can we recover?
My plan is to forget the whole thing and hope for the best.

! Extra \else.
\end@float ...pdima \penalty \@floatpenalty \else 
                                                  \vadjust {\penalty -\@Miv ...
l.47 \end{table}
                
I'm ignoring this; it doesn't match any \if.

! You can't use `\vadjust' in vertical mode.
\end@float ...nalty \@floatpenalty \else \vadjust 
                                                  {\penalty -\@Miv \vbox {}\...
l.47 \end{table}
                
Sorry, but I'm not programmed to handle this case;
I'll just pretend that you didn't ask for it.
If you're in the wrong mode, you might be able to
return to the right one by typing `I}' or `I$' or `I\par'.

! Argument of \@xnext has an extra }.
<inserted text> 
                \par 
l.47 \end{table}
                
I've run across a `}' that doesn't seem to match anything.
For example, `\def\a#1{...}' and `\a}' would produce
this error. If you simply proceed now, the `\par' that
I've just inserted will cause me to report a runaway
argument that might be the root of the problem. But if
your `}' was spurious, just type `2' and it will go away.

Runaway argument?
\@currbox \@currlist \ifnum \count \@currbox >\z@ \advance \@pageht \@pagedp \ETC.
! Paragraph ended before \@xnext was complete.
<to be read again> 
                   \par 
l.47 \end{table}
                
I suspect you've forgotten a `}', causing me to apply this
control sequence to too much text. How can we recover?
My plan is to forget the whole thing and hope for the best.


! LaTeX Error: Too many unprocessed floats.

See the LaTeX manual or LaTeX Companion for explanation.
Type  H <return>  for immediate help.
 ...                                              
                                                  
l.48 \begin{table}[H]
                     
You've lost some text.  Try typing  <return>  to proceed.
If that doesn't work, type  X <return>  to quit.

! Undefined control sequence.
\@float@Hx ...ltovf \fi \global \setbox \@currbox 
                                                  \color@vbox \normalcolor \...
l.48 \begin{table}[H]
                     
The control sequence at the end of the top line
of your error message was never \def'ed. If you have
misspelled it (e.g., `\hobx'), type `I' and the correct
spelling (e.g., `I\hbox'). Otherwise just continue,
and I'll forget about whatever was undefined.

! Missing number, treated as zero.
<to be read again> 
                   \vbox 
l.48 \begin{table}[H]
                     
A number should have been here; I inserted `0'.
(If you can't figure out why I needed to see a number,
look up `weird error' in the index to The TeXbook.)

! Undefined control sequence.
\@largefloatcheck ->\ifdim \ht \@currbox 
                                         >\textheight \@tempdima -\textheigh...
l.73 \end{table}
                
The control sequence at the end of the top line
of your error message was never \def'ed. If you have
misspelled it (e.g., `\hobx'), type `I' and the correct
spelling (e.g., `I\hbox'). Otherwise just continue,
and I'll forget about whatever was undefined.

! Missing number, treated as zero.
<to be read again> 
                   >
l.73 \end{table}
                
A number should have been here; I inserted `0'.
(If you can't figure out why I needed to see a number,
look up `weird error' in the index to The TeXbook.)

! Undefined control sequence.
<argument> \@currbox 
                     
l.73 \end{table}
                
The control sequence at the end of the top line
of your error message was never \def'ed. If you have
misspelled it (e.g., `\hobx'), type `I' and the correct
spelling (e.g., `I\hbox'). Otherwise just continue,
and I'll forget about whatever was undefined.

! Missing number, treated as zero.
<to be read again> 
                   \@elt 
l.73 \end{table}
                
A number should have been here; I inserted `0'.
(If you can't figure out why I needed to see a number,
look up `weird error' in the index to The TeXbook.)

! Missing = inserted for \ifnum.
<to be read again> 
                   \@elt 
l.73 \end{table}
                
I was expecting to see `<', `=', or `>'. Didn't.

! Missing number, treated as zero.
<to be read again> 
                   \@elt 
l.73 \end{table}
                
A number should have been here; I inserted `0'.
(If you can't figure out why I needed to see a number,
look up `weird error' in the index to The TeXbook.)


! LaTeX Error: This may be a LaTeX bug.

See the LaTeX manual or LaTeX Companion for explanation.
Type  H <return>  for immediate help.
 ...                                              
                                                  
l.73 \end{table}
                
Call for help

! Undefined control sequence.
\@addmarginpar ...advance \@tempdima \ht \@marbox 
                                                  \ifdim \@tempdima >\z@ \@l...
l.73 \end{table}
                
The control sequence at the end of the top line
of your error message was never \def'ed. If you have
misspelled it (e.g., `\hobx'), type `I' and the correct
spelling (e.g., `I\hbox'). Otherwise just continue,
and I'll forget about whatever was undefined.

! Missing number, treated as zero.
<to be read again> 
                   \protect 
l.73 \end{table}
                
A number should have been here; I inserted `0'.
(If you can't figure out why I needed to see a number,
look up `weird error' in the index to The TeXbook.)


LaTeX Warning: Marginpar on page 7 moved.

! Undefined control sequence.
\@addmarginpar ...vance \@mparbottom \dp \@marbox 
                                                  \global \advance \@mparbot...
l.73 \end{table}
                
The control sequence at the end of the top line
of your error message was never \def'ed. If you have
misspelled it (e.g., `\hobx'), type `I' and the correct
spelling (e.g., `I\hbox'). Otherwise just continue,
and I'll forget about whatever was undefined.

! Missing number, treated as zero.
<to be read again> 
                   \global 
l.73 \end{table}
                
A number should have been here; I inserted `0'.
(If you can't figure out why I needed to see a number,
look up `weird error' in the index to The TeXbook.)

! Undefined control sequence.
\@addmarginpar ...dvance \@tempdima -\ht \@marbox 
                                                  \global \setbox \@marbox \...
l.73 \end{table}
                
The control sequence at the end of the top line
of your error message was never \def'ed. If you have
misspelled it (e.g., `\hobx'), type `I' and the correct
spelling (e.g., `I\hbox'). Otherwise just continue,
and I'll forget about whatever was undefined.

! Missing number, treated as zero.
<to be read again> 
                   \global 
l.73 \end{table}
                
A number should have been here; I inserted `0'.
(If you can't figure out why I needed to see a number,
look up `weird error' in the index to The TeXbook.)

! Undefined control sequence.
\@addmarginpar ...marbox \global \setbox \@marbox 
                                                  \vbox {\vskip \@tempdima \...
l.73 \end{table}
                
The control sequence at the end of the top line
of your error message was never \def'ed. If you have
misspelled it (e.g., `\hobx'), type `I' and the correct
spelling (e.g., `I\hbox'). Otherwise just continue,
and I'll forget about whatever was undefined.

! Missing number, treated as zero.
<to be read again> 
                   \vbox 
l.73 \end{table}
                
A number should have been here; I inserted `0'.
(If you can't figure out why I needed to see a number,
look up `weird error' in the index to The TeXbook.)

! Undefined control sequence.
\@addmarginpar ...\vskip \@tempdima \box \@marbox 
                                                  }\global \ht \@marbox \z@ ...
l.73 \end{table}
                
The control sequence at the end of the top line
of your error message was never \def'ed. If you have
misspelled it (e.g., `\hobx'), type `I' and the correct
spelling (e.g., `I\hbox'). Otherwise just continue,
and I'll forget about whatever was undefined.

! Missing number, treated as zero.
<to be read again> 
                   }
l.73 \end{table}
                
A number should have been here; I inserted `0'.
(If you can't figure out why I needed to see a number,
look up `weird error' in the index to The TeXbook.)

! Undefined control sequence.
\@addmarginpar ... \@marbox }\global \ht \@marbox 
                                                  \z@ \global \dp \@marbox \...
l.73 \end{table}
                
The control sequence at the end of the top line
of your error message was never \def'ed. If you have
misspelled it (e.g., `\hobx'), type `I' and the correct
spelling (e.g., `I\hbox'). Otherwise just continue,
and I'll forget about whatever was undefined.

! Missing number, treated as zero.
<to be read again> 
                   \global 
l.73 \end{table}
                
A number should have been here; I inserted `0'.
(If you can't figure out why I needed to see a number,
look up `weird error' in the index to The TeXbook.)

! Illegal unit of measure (pt inserted).
<to be read again> 
                   \global 
l.73 \end{table}
                
Dimensions can be in units of em, ex, in, pt, pc,
cm, mm, dd, cc, nd, nc, bp, or sp; but yours is a new one!
I'll assume that you meant to say pt, for printer's points.
To recover gracefully from this error, it's best to
delete the erroneous units; e.g., type `2' to delete
two letters. (See Chapter 27 of The TeXbook.)

! Undefined control sequence.
\@addmarginpar ...marbox \z@ \global \dp \@marbox 
                                                  \z@ \kern -\@pagedp \noint...
l.73 \end{table}
                
The control sequence at the end of the top line
of your error message was never \def'ed. If you have
misspelled it (e.g., `\hobx'), type `I' and the correct
spelling (e.g., `I\hbox'). Otherwise just continue,
and I'll forget about whatever was undefined.

! Missing number, treated as zero.
<to be read again> 
                   \kern 
l.73 \end{table}
                
A number should have been here; I inserted `0'.
(If you can't figure out why I needed to see a number,
look up `weird error' in the index to The TeXbook.)

! Illegal unit of measure (pt inserted).
<to be read again> 
                   \kern 
l.73 \end{table}
                
Dimensions can be in units of em, ex, in, pt, pc,
cm, mm, dd, cc, nd, nc, bp, or sp; but yours is a new one!
I'll assume that you meant to say pt, for printer's points.
To recover gracefully from this error, it's best to
delete the erroneous units; e.g., type `2' to delete
two letters. (See Chapter 27 of The TeXbook.)

! Undefined control sequence.
\@addmarginpar ...arginparwidth \fi \box \@marbox 
                                                  \hss }\nointerlineskip \hb...
l.73 \end{table}
                
The control sequence at the end of the top line
of your error message was never \def'ed. If you have
misspelled it (e.g., `\hobx'), type `I' and the correct
spelling (e.g., `I\hbox'). Otherwise just continue,
and I'll forget about whatever was undefined.

! Missing number, treated as zero.
<to be read again> 
                   \hss 
l.73 \end{table}
                
A number should have been here; I inserted `0'.
(If you can't figure out why I needed to see a number,
look up `weird error' in the index to The TeXbook.)


! LaTeX Error: Too many unprocessed floats.

See the LaTeX manual or LaTeX Companion for explanation.
Type  H <return>  for immediate help.
 ...                                              
                                                  
l.74 \begin{table}[H]
                     
You've lost some text.  Try typing  <return>  to proceed.
If that doesn't work, type  X <return>  to quit.

! Undefined control sequence.
\@float@Hx ...ltovf \fi \global \setbox \@currbox 
                                                  \color@vbox \normalcolor \...
l.74 \begin{table}[H]
                     
The control sequence at the end of the top line
of your error message was never \def'ed. If you have
misspelled it (e.g., `\hobx'), type `I' and the correct
spelling (e.g., `I\hbox'). Otherwise just continue,
and I'll forget about whatever was undefined.

! Missing number, treated as zero.
<to be read again> 
                   \vbox 
l.74 \begin{table}[H]
                     
A number should have been here; I inserted `0'.
(If you can't figure out why I needed to see a number,
look up `weird error' in the index to The TeXbook.)

! Undefined control sequence.
\@largefloatcheck ->\ifdim \ht \@currbox 
                                         >\textheight \@tempdima -\textheigh...
l.99 \end{table}
                
The control sequence at the end of the top line
of your error message was never \def'ed. If you have
misspelled it (e.g., `\hobx'), type `I' and the correct
spelling (e.g., `I\hbox'). Otherwise just continue,
and I'll forget about whatever was undefined.

! Missing number, treated as zero.
<to be read again> 
                   >
l.99 \end{table}
                
A number should have been here; I inserted `0'.
(If you can't figure out why I needed to see a number,
look up `weird error' in the index to The TeXbook.)

! Undefined control sequence.
<argument> \@currbox 
                     
l.99 \end{table}
                
The control sequence at the end of the top line
of your error message was never \def'ed. If you have
misspelled it (e.g., `\hobx'), type `I' and the correct
spelling (e.g., `I\hbox'). Otherwise just continue,
and I'll forget about whatever was undefined.

! Argument of \@xnext has an extra }.
<inserted text> 
                \par 
l.99 \end{table}
                
I've run across a `}' that doesn't seem to match anything.
For example, `\def\a#1{...}' and `\a}' would produce
this error. If you simply proceed now, the `\par' that
I've just inserted will cause me to report a runaway
argument that might be the root of the problem. But if
your `}' was spurious, just type `2' and it will go away.

Runaway argument?
\@currbox \@currlist \ifnum \count \@currbox >\z@ \advance \@pageht \@pagedp \ETC.
! Paragraph ended before \@xnext was complete.
<to be read again> 
                   \par 
l.99 \end{table}
                
I suspect you've forgotten a `}', causing me to apply this
control sequence to too much text. How can we recover?
My plan is to forget the whole thing and hope for the best.

! Extra \else.
\end@float ...pdima \penalty \@floatpenalty \else 
                                                  \vadjust {\penalty -\@Miv ...
l.99 \end{table}
                
I'm ignoring this; it doesn't match any \if.

! You can't use `\vadjust' in vertical mode.
\end@float ...nalty \@floatpenalty \else \vadjust 
                                                  {\penalty -\@Miv \vbox {}\...
l.99 \end{table}
                
Sorry, but I'm not programmed to handle this case;
I'll just pretend that you didn't ask for it.
If you're in the wrong mode, you might be able to
return to the right one by typing `I}' or `I$' or `I\par'.

! Argument of \@xnext has an extra }.
<inserted text> 
                \par 
l.99 \end{table}
                
I've run across a `}' that doesn't seem to match anything.
For example, `\def\a#1{...}' and `\a}' would produce
this error. If you simply proceed now, the `\par' that
I've just inserted will cause me to report a runaway
argument that might be the root of the problem. But if
your `}' was spurious, just type `2' and it will go away.

Runaway argument?
\@currbox \@currlist \ifnum \count \@currbox >\z@ \advance \@pageht \@pagedp \ETC.
! Paragraph ended before \@xnext was complete.
<to be read again> 
                   \par 
l.99 \end{table}
                
I suspect you've forgotten a `}', causing me to apply this
control sequence to too much text. How can we recover?
My plan is to forget the whole thing and hope for the best.

) (./results/small_classical_low_MNLrefPrice/results_table.tex

! LaTeX Error: Too many unprocessed floats.

See the LaTeX manual or LaTeX Companion for explanation.
Type  H <return>  for immediate help.
 ...                                              
                                                  
l.1 \begin{table}[H]
                    
You've lost some text.  Try typing  <return>  to proceed.
If that doesn't work, type  X <return>  to quit.

! Undefined control sequence.
\@float@Hx ...ltovf \fi \global \setbox \@currbox 
                                                  \color@vbox \normalcolor \...
l.1 \begin{table}[H]
                    
The control sequence at the end of the top line
of your error message was never \def'ed. If you have
misspelled it (e.g., `\hobx'), type `I' and the correct
spelling (e.g., `I\hbox'). Otherwise just continue,
and I'll forget about whatever was undefined.

! Missing number, treated as zero.
<to be read again> 
                   \vbox 
l.1 \begin{table}[H]
                    
A number should have been here; I inserted `0'.
(If you can't figure out why I needed to see a number,
look up `weird error' in the index to The TeXbook.)

! Undefined control sequence.
\@largefloatcheck ->\ifdim \ht \@currbox 
                                         >\textheight \@tempdima -\textheigh...
l.21 \end{table}
                
The control sequence at the end of the top line
of your error message was never \def'ed. If you have
misspelled it (e.g., `\hobx'), type `I' and the correct
spelling (e.g., `I\hbox'). Otherwise just continue,
and I'll forget about whatever was undefined.

! Missing number, treated as zero.
<to be read again> 
                   >
l.21 \end{table}
                
A number should have been here; I inserted `0'.
(If you can't figure out why I needed to see a number,
look up `weird error' in the index to The TeXbook.)

! Undefined control sequence.
<argument> \@currbox 
                     
l.21 \end{table}
                
The control sequence at the end of the top line
of your error message was never \def'ed. If you have
misspelled it (e.g., `\hobx'), type `I' and the correct
spelling (e.g., `I\hbox'). Otherwise just continue,
and I'll forget about whatever was undefined.

! Missing number, treated as zero.
<to be read again> 
                   \@elt 
l.21 \end{table}
                
A number should have been here; I inserted `0'.
(If you can't figure out why I needed to see a number,
look up `weird error' in the index to The TeXbook.)

! Missing = inserted for \ifnum.
<to be read again> 
                   \@elt 
l.21 \end{table}
                
I was expecting to see `<', `=', or `>'. Didn't.

! Missing number, treated as zero.
<to be read again> 
                   \@elt 
l.21 \end{table}
                
A number should have been here; I inserted `0'.
(If you can't figure out why I needed to see a number,
look up `weird error' in the index to The TeXbook.)


! LaTeX Error: This may be a LaTeX bug.

See the LaTeX manual or LaTeX Companion for explanation.
Type  H <return>  for immediate help.
 ...                                              
                                                  
l.21 \end{table}
                
Call for help

! Undefined control sequence.
\@addmarginpar ...advance \@tempdima \ht \@marbox 
                                                  \ifdim \@tempdima >\z@ \@l...
l.21 \end{table}
                
The control sequence at the end of the top line
of your error message was never \def'ed. If you have
misspelled it (e.g., `\hobx'), type `I' and the correct
spelling (e.g., `I\hbox'). Otherwise just continue,
and I'll forget about whatever was undefined.

! Missing number, treated as zero.
<to be read again> 
                   \protect 
l.21 \end{table}
                
A number should have been here; I inserted `0'.
(If you can't figure out why I needed to see a number,
look up `weird error' in the index to The TeXbook.)


LaTeX Warning: Marginpar on page 7 moved.

! Undefined control sequence.
\@addmarginpar ...vance \@mparbottom \dp \@marbox 
                                                  \global \advance \@mparbot...
l.21 \end{table}
                
The control sequence at the end of the top line
of your error message was never \def'ed. If you have
misspelled it (e.g., `\hobx'), type `I' and the correct
spelling (e.g., `I\hbox'). Otherwise just continue,
and I'll forget about whatever was undefined.

! Missing number, treated as zero.
<to be read again> 
                   \global 
l.21 \end{table}
                
A number should have been here; I inserted `0'.
(If you can't figure out why I needed to see a number,
look up `weird error' in the index to The TeXbook.)

! Undefined control sequence.
\@addmarginpar ...dvance \@tempdima -\ht \@marbox 
                                                  \global \setbox \@marbox \...
l.21 \end{table}
                
The control sequence at the end of the top line
of your error message was never \def'ed. If you have
misspelled it (e.g., `\hobx'), type `I' and the correct
spelling (e.g., `I\hbox'). Otherwise just continue,
and I'll forget about whatever was undefined.

! Missing number, treated as zero.
<to be read again> 
                   \global 
l.21 \end{table}
                
A number should have been here; I inserted `0'.
(If you can't figure out why I needed to see a number,
look up `weird error' in the index to The TeXbook.)

! Undefined control sequence.
\@addmarginpar ...marbox \global \setbox \@marbox 
                                                  \vbox {\vskip \@tempdima \...
l.21 \end{table}
                
The control sequence at the end of the top line
of your error message was never \def'ed. If you have
misspelled it (e.g., `\hobx'), type `I' and the correct
spelling (e.g., `I\hbox'). Otherwise just continue,
and I'll forget about whatever was undefined.

! Missing number, treated as zero.
<to be read again> 
                   \vbox 
l.21 \end{table}
                
A number should have been here; I inserted `0'.
(If you can't figure out why I needed to see a number,
look up `weird error' in the index to The TeXbook.)

! Undefined control sequence.
\@addmarginpar ...\vskip \@tempdima \box \@marbox 
                                                  }\global \ht \@marbox \z@ ...
l.21 \end{table}
                
The control sequence at the end of the top line
of your error message was never \def'ed. If you have
misspelled it (e.g., `\hobx'), type `I' and the correct
spelling (e.g., `I\hbox'). Otherwise just continue,
and I'll forget about whatever was undefined.

! Missing number, treated as zero.
<to be read again> 
                   }
l.21 \end{table}
                
A number should have been here; I inserted `0'.
(If you can't figure out why I needed to see a number,
look up `weird error' in the index to The TeXbook.)

! Undefined control sequence.
\@addmarginpar ... \@marbox }\global \ht \@marbox 
                                                  \z@ \global \dp \@marbox \...
l.21 \end{table}
                
The control sequence at the end of the top line
of your error message was never \def'ed. If you have
misspelled it (e.g., `\hobx'), type `I' and the correct
spelling (e.g., `I\hbox'). Otherwise just continue,
and I'll forget about whatever was undefined.

! Missing number, treated as zero.
<to be read again> 
                   \global 
l.21 \end{table}
                
A number should have been here; I inserted `0'.
(If you can't figure out why I needed to see a number,
look up `weird error' in the index to The TeXbook.)

! Illegal unit of measure (pt inserted).
<to be read again> 
                   \global 
l.21 \end{table}
                
Dimensions can be in units of em, ex, in, pt, pc,
cm, mm, dd, cc, nd, nc, bp, or sp; but yours is a new one!
I'll assume that you meant to say pt, for printer's points.
To recover gracefully from this error, it's best to
delete the erroneous units; e.g., type `2' to delete
two letters. (See Chapter 27 of The TeXbook.)

! Undefined control sequence.
\@addmarginpar ...marbox \z@ \global \dp \@marbox 
                                                  \z@ \kern -\@pagedp \noint...
l.21 \end{table}
                
The control sequence at the end of the top line
of your error message was never \def'ed. If you have
misspelled it (e.g., `\hobx'), type `I' and the correct
spelling (e.g., `I\hbox'). Otherwise just continue,
and I'll forget about whatever was undefined.

! Missing number, treated as zero.
<to be read again> 
                   \kern 
l.21 \end{table}
                
A number should have been here; I inserted `0'.
(If you can't figure out why I needed to see a number,
look up `weird error' in the index to The TeXbook.)

! Illegal unit of measure (pt inserted).
<to be read again> 
                   \kern 
l.21 \end{table}
                
Dimensions can be in units of em, ex, in, pt, pc,
cm, mm, dd, cc, nd, nc, bp, or sp; but yours is a new one!
I'll assume that you meant to say pt, for printer's points.
To recover gracefully from this error, it's best to
delete the erroneous units; e.g., type `2' to delete
two letters. (See Chapter 27 of The TeXbook.)

! Undefined control sequence.
\@addmarginpar ...arginparwidth \fi \box \@marbox 
                                                  \hss }\nointerlineskip \hb...
l.21 \end{table}
                
The control sequence at the end of the top line
of your error message was never \def'ed. If you have
misspelled it (e.g., `\hobx'), type `I' and the correct
spelling (e.g., `I\hbox'). Otherwise just continue,
and I'll forget about whatever was undefined.

! Missing number, treated as zero.
<to be read again> 
                   \hss 
l.21 \end{table}
                
A number should have been here; I inserted `0'.
(If you can't figure out why I needed to see a number,
look up `weird error' in the index to The TeXbook.)


! LaTeX Error: Too many unprocessed floats.

See the LaTeX manual or LaTeX Companion for explanation.
Type  H <return>  for immediate help.
 ...                                              
                                                  
l.22 \begin{table}[H]
                     
You've lost some text.  Try typing  <return>  to proceed.
If that doesn't work, type  X <return>  to quit.

! Undefined control sequence.
\@float@Hx ...ltovf \fi \global \setbox \@currbox 
                                                  \color@vbox \normalcolor \...
l.22 \begin{table}[H]
                     
The control sequence at the end of the top line
of your error message was never \def'ed. If you have
misspelled it (e.g., `\hobx'), type `I' and the correct
spelling (e.g., `I\hbox'). Otherwise just continue,
and I'll forget about whatever was undefined.

! Missing number, treated as zero.
<to be read again> 
                   \vbox 
l.22 \begin{table}[H]
                     
A number should have been here; I inserted `0'.
(If you can't figure out why I needed to see a number,
look up `weird error' in the index to The TeXbook.)

! Undefined control sequence.
\@largefloatcheck ->\ifdim \ht \@currbox 
                                         >\textheight \@tempdima -\textheigh...
l.46 \end{table}
                
The control sequence at the end of the top line
of your error message was never \def'ed. If you have
misspelled it (e.g., `\hobx'), type `I' and the correct
spelling (e.g., `I\hbox'). Otherwise just continue,
and I'll forget about whatever was undefined.

! Missing number, treated as zero.
<to be read again> 
                   >
l.46 \end{table}
                
A number should have been here; I inserted `0'.
(If you can't figure out why I needed to see a number,
look up `weird error' in the index to The TeXbook.)

! Undefined control sequence.
<argument> \@currbox 
                     
l.46 \end{table}
                
The control sequence at the end of the top line
of your error message was never \def'ed. If you have
misspelled it (e.g., `\hobx'), type `I' and the correct
spelling (e.g., `I\hbox'). Otherwise just continue,
and I'll forget about whatever was undefined.

! Argument of \@xnext has an extra }.
<inserted text> 
                \par 
l.46 \end{table}
                
I've run across a `}' that doesn't seem to match anything.
For example, `\def\a#1{...}' and `\a}' would produce
this error. If you simply proceed now, the `\par' that
I've just inserted will cause me to report a runaway
argument that might be the root of the problem. But if
your `}' was spurious, just type `2' and it will go away.

Runaway argument?
\@currbox \@currlist \ifnum \count \@currbox >\z@ \advance \@pageht \@pagedp \ETC.
! Paragraph ended before \@xnext was complete.
<to be read again> 
                   \par 
l.46 \end{table}
                
I suspect you've forgotten a `}', causing me to apply this
control sequence to too much text. How can we recover?
My plan is to forget the whole thing and hope for the best.

! Extra \else.
\end@float ...pdima \penalty \@floatpenalty \else 
                                                  \vadjust {\penalty -\@Miv ...
l.46 \end{table}
                
I'm ignoring this; it doesn't match any \if.

! You can't use `\vadjust' in vertical mode.
\end@float ...nalty \@floatpenalty \else \vadjust 
                                                  {\penalty -\@Miv \vbox {}\...
l.46 \end{table}
                
Sorry, but I'm not programmed to handle this case;
I'll just pretend that you didn't ask for it.
If you're in the wrong mode, you might be able to
return to the right one by typing `I}' or `I$' or `I\par'.

! Argument of \@xnext has an extra }.
<inserted text> 
                \par 
l.46 \end{table}
                
I've run across a `}' that doesn't seem to match anything.
For example, `\def\a#1{...}' and `\a}' would produce
this error. If you simply proceed now, the `\par' that
I've just inserted will cause me to report a runaway
argument that might be the root of the problem. But if
your `}' was spurious, just type `2' and it will go away.

Runaway argument?
\@currbox \@currlist \ifnum \count \@currbox >\z@ \advance \@pageht \@pagedp \ETC.
! Paragraph ended before \@xnext was complete.
<to be read again> 
                   \par 
l.46 \end{table}
                
I suspect you've forgotten a `}', causing me to apply this
control sequence to too much text. How can we recover?
My plan is to forget the whole thing and hope for the best.


! LaTeX Error: Too many unprocessed floats.

See the LaTeX manual or LaTeX Companion for explanation.
Type  H <return>  for immediate help.
 ...                                              
                                                  
l.47 \begin{table}[H]
                     
You've lost some text.  Try typing  <return>  to proceed.
If that doesn't work, type  X <return>  to quit.

! Undefined control sequence.
\@float@Hx ...ltovf \fi \global \setbox \@currbox 
                                                  \color@vbox \normalcolor \...
l.47 \begin{table}[H]
                     
The control sequence at the end of the top line
of your error message was never \def'ed. If you have
misspelled it (e.g., `\hobx'), type `I' and the correct
spelling (e.g., `I\hbox'). Otherwise just continue,
and I'll forget about whatever was undefined.

! Missing number, treated as zero.
<to be read again> 
                   \vbox 
l.47 \begin{table}[H]
                     
A number should have been here; I inserted `0'.
(If you can't figure out why I needed to see a number,
look up `weird error' in the index to The TeXbook.)

! Undefined control sequence.
\@largefloatcheck ->\ifdim \ht \@currbox 
                                         >\textheight \@tempdima -\textheigh...
l.71 \end{table}
                
The control sequence at the end of the top line
of your error message was never \def'ed. If you have
misspelled it (e.g., `\hobx'), type `I' and the correct
spelling (e.g., `I\hbox'). Otherwise just continue,
and I'll forget about whatever was undefined.

! Missing number, treated as zero.
<to be read again> 
                   >
l.71 \end{table}
                
A number should have been here; I inserted `0'.
(If you can't figure out why I needed to see a number,
look up `weird error' in the index to The TeXbook.)

! Undefined control sequence.
<argument> \@currbox 
                     
l.71 \end{table}
                
The control sequence at the end of the top line
of your error message was never \def'ed. If you have
misspelled it (e.g., `\hobx'), type `I' and the correct
spelling (e.g., `I\hbox'). Otherwise just continue,
and I'll forget about whatever was undefined.

! Missing number, treated as zero.
<to be read again> 
                   \@elt 
l.71 \end{table}
                
A number should have been here; I inserted `0'.
(If you can't figure out why I needed to see a number,
look up `weird error' in the index to The TeXbook.)

! Missing = inserted for \ifnum.
<to be read again> 
                   \@elt 
l.71 \end{table}
                
I was expecting to see `<', `=', or `>'. Didn't.

! Missing number, treated as zero.
<to be read again> 
                   \@elt 
l.71 \end{table}
                
A number should have been here; I inserted `0'.
(If you can't figure out why I needed to see a number,
look up `weird error' in the index to The TeXbook.)


! LaTeX Error: This may be a LaTeX bug.

See the LaTeX manual or LaTeX Companion for explanation.
Type  H <return>  for immediate help.
 ...                                              
                                                  
l.71 \end{table}
                
Call for help

! Undefined control sequence.
\@addmarginpar ...advance \@tempdima \ht \@marbox 
                                                  \ifdim \@tempdima >\z@ \@l...
l.71 \end{table}
                
The control sequence at the end of the top line
of your error message was never \def'ed. If you have
misspelled it (e.g., `\hobx'), type `I' and the correct
spelling (e.g., `I\hbox'). Otherwise just continue,
and I'll forget about whatever was undefined.

! Missing number, treated as zero.
<to be read again> 
                   \protect 
l.71 \end{table}
                
A number should have been here; I inserted `0'.
(If you can't figure out why I needed to see a number,
look up `weird error' in the index to The TeXbook.)


LaTeX Warning: Marginpar on page 7 moved.

! Undefined control sequence.
\@addmarginpar ...vance \@mparbottom \dp \@marbox 
                                                  \global \advance \@mparbot...
l.71 \end{table}
                
The control sequence at the end of the top line
of your error message was never \def'ed. If you have
misspelled it (e.g., `\hobx'), type `I' and the correct
spelling (e.g., `I\hbox'). Otherwise just continue,
and I'll forget about whatever was undefined.

! Missing number, treated as zero.
<to be read again> 
                   \global 
l.71 \end{table}
                
A number should have been here; I inserted `0'.
(If you can't figure out why I needed to see a number,
look up `weird error' in the index to The TeXbook.)

! Undefined control sequence.
\@addmarginpar ...dvance \@tempdima -\ht \@marbox 
                                                  \global \setbox \@marbox \...
l.71 \end{table}
                
The control sequence at the end of the top line
of your error message was never \def'ed. If you have
misspelled it (e.g., `\hobx'), type `I' and the correct
spelling (e.g., `I\hbox'). Otherwise just continue,
and I'll forget about whatever was undefined.

! Missing number, treated as zero.
<to be read again> 
                   \global 
l.71 \end{table}
                
A number should have been here; I inserted `0'.
(If you can't figure out why I needed to see a number,
look up `weird error' in the index to The TeXbook.)

! Undefined control sequence.
\@addmarginpar ...marbox \global \setbox \@marbox 
                                                  \vbox {\vskip \@tempdima \...
l.71 \end{table}
                
The control sequence at the end of the top line
of your error message was never \def'ed. If you have
misspelled it (e.g., `\hobx'), type `I' and the correct
spelling (e.g., `I\hbox'). Otherwise just continue,
and I'll forget about whatever was undefined.

! Missing number, treated as zero.
<to be read again> 
                   \vbox 
l.71 \end{table}
                
A number should have been here; I inserted `0'.
(If you can't figure out why I needed to see a number,
look up `weird error' in the index to The TeXbook.)

! Undefined control sequence.
\@addmarginpar ...\vskip \@tempdima \box \@marbox 
                                                  }\global \ht \@marbox \z@ ...
l.71 \end{table}
                
The control sequence at the end of the top line
of your error message was never \def'ed. If you have
misspelled it (e.g., `\hobx'), type `I' and the correct
spelling (e.g., `I\hbox'). Otherwise just continue,
and I'll forget about whatever was undefined.

! Missing number, treated as zero.
<to be read again> 
                   }
l.71 \end{table}
                
A number should have been here; I inserted `0'.
(If you can't figure out why I needed to see a number,
look up `weird error' in the index to The TeXbook.)

! Undefined control sequence.
\@addmarginpar ... \@marbox }\global \ht \@marbox 
                                                  \z@ \global \dp \@marbox \...
l.71 \end{table}
                
The control sequence at the end of the top line
of your error message was never \def'ed. If you have
misspelled it (e.g., `\hobx'), type `I' and the correct
spelling (e.g., `I\hbox'). Otherwise just continue,
and I'll forget about whatever was undefined.

! Missing number, treated as zero.
<to be read again> 
                   \global 
l.71 \end{table}
                
A number should have been here; I inserted `0'.
(If you can't figure out why I needed to see a number,
look up `weird error' in the index to The TeXbook.)

! Illegal unit of measure (pt inserted).
<to be read again> 
                   \global 
l.71 \end{table}
                
Dimensions can be in units of em, ex, in, pt, pc,
cm, mm, dd, cc, nd, nc, bp, or sp; but yours is a new one!
I'll assume that you meant to say pt, for printer's points.
To recover gracefully from this error, it's best to
delete the erroneous units; e.g., type `2' to delete
two letters. (See Chapter 27 of The TeXbook.)

! Undefined control sequence.
\@addmarginpar ...marbox \z@ \global \dp \@marbox 
                                                  \z@ \kern -\@pagedp \noint...
l.71 \end{table}
                
The control sequence at the end of the top line
of your error message was never \def'ed. If you have
misspelled it (e.g., `\hobx'), type `I' and the correct
spelling (e.g., `I\hbox'). Otherwise just continue,
and I'll forget about whatever was undefined.

! Missing number, treated as zero.
<to be read again> 
                   \kern 
l.71 \end{table}
                
A number should have been here; I inserted `0'.
(If you can't figure out why I needed to see a number,
look up `weird error' in the index to The TeXbook.)

! Illegal unit of measure (pt inserted).
<to be read again> 
                   \kern 
l.71 \end{table}
                
Dimensions can be in units of em, ex, in, pt, pc,
cm, mm, dd, cc, nd, nc, bp, or sp; but yours is a new one!
I'll assume that you meant to say pt, for printer's points.
To recover gracefully from this error, it's best to
delete the erroneous units; e.g., type `2' to delete
two letters. (See Chapter 27 of The TeXbook.)

! Undefined control sequence.
\@addmarginpar ...arginparwidth \fi \box \@marbox 
                                                  \hss }\nointerlineskip \hb...
l.71 \end{table}
                
The control sequence at the end of the top line
of your error message was never \def'ed. If you have
misspelled it (e.g., `\hobx'), type `I' and the correct
spelling (e.g., `I\hbox'). Otherwise just continue,
and I'll forget about whatever was undefined.

! Missing number, treated as zero.
<to be read again> 
                   \hss 
l.71 \end{table}
                
A number should have been here; I inserted `0'.
(If you can't figure out why I needed to see a number,
look up `weird error' in the index to The TeXbook.)


! LaTeX Error: Too many unprocessed floats.

See the LaTeX manual or LaTeX Companion for explanation.
Type  H <return>  for immediate help.
 ...                                              
                                                  
l.72 \begin{table}[H]
                     
You've lost some text.  Try typing  <return>  to proceed.
If that doesn't work, type  X <return>  to quit.

! Undefined control sequence.
\@float@Hx ...ltovf \fi \global \setbox \@currbox 
                                                  \color@vbox \normalcolor \...
l.72 \begin{table}[H]
                     
The control sequence at the end of the top line
of your error message was never \def'ed. If you have
misspelled it (e.g., `\hobx'), type `I' and the correct
spelling (e.g., `I\hbox'). Otherwise just continue,
and I'll forget about whatever was undefined.

! Missing number, treated as zero.
<to be read again> 
                   \vbox 
l.72 \begin{table}[H]
                     
A number should have been here; I inserted `0'.
(If you can't figure out why I needed to see a number,
look up `weird error' in the index to The TeXbook.)

! Undefined control sequence.
\@largefloatcheck ->\ifdim \ht \@currbox 
                                         >\textheight \@tempdima -\textheigh...
l.96 \end{table}
                
The control sequence at the end of the top line
of your error message was never \def'ed. If you have
misspelled it (e.g., `\hobx'), type `I' and the correct
spelling (e.g., `I\hbox'). Otherwise just continue,
and I'll forget about whatever was undefined.

! Missing number, treated as zero.
<to be read again> 
                   >
l.96 \end{table}
                
A number should have been here; I inserted `0'.
(If you can't figure out why I needed to see a number,
look up `weird error' in the index to The TeXbook.)

! Undefined control sequence.
<argument> \@currbox 
                     
l.96 \end{table}
                
The control sequence at the end of the top line
of your error message was never \def'ed. If you have
misspelled it (e.g., `\hobx'), type `I' and the correct
spelling (e.g., `I\hbox'). Otherwise just continue,
and I'll forget about whatever was undefined.

! Argument of \@xnext has an extra }.
<inserted text> 
                \par 
l.96 \end{table}
                
I've run across a `}' that doesn't seem to match anything.
For example, `\def\a#1{...}' and `\a}' would produce
this error. If you simply proceed now, the `\par' that
I've just inserted will cause me to report a runaway
argument that might be the root of the problem. But if
your `}' was spurious, just type `2' and it will go away.

Runaway argument?
\@currbox \@currlist \ifnum \count \@currbox >\z@ \advance \@pageht \@pagedp \ETC.
! Paragraph ended before \@xnext was complete.
<to be read again> 
                   \par 
l.96 \end{table}
                
I suspect you've forgotten a `}', causing me to apply this
control sequence to too much text. How can we recover?
My plan is to forget the whole thing and hope for the best.

! Extra \else.
\end@float ...pdima \penalty \@floatpenalty \else 
                                                  \vadjust {\penalty -\@Miv ...
l.96 \end{table}
                
I'm ignoring this; it doesn't match any \if.

! You can't use `\vadjust' in vertical mode.
\end@float ...nalty \@floatpenalty \else \vadjust 
                                                  {\penalty -\@Miv \vbox {}\...
l.96 \end{table}
                
Sorry, but I'm not programmed to handle this case;
I'll just pretend that you didn't ask for it.
If you're in the wrong mode, you might be able to
return to the right one by typing `I}' or `I$' or `I\par'.

! Argument of \@xnext has an extra }.
<inserted text> 
                \par 
l.96 \end{table}
                
I've run across a `}' that doesn't seem to match anything.
For example, `\def\a#1{...}' and `\a}' would produce
this error. If you simply proceed now, the `\par' that
I've just inserted will cause me to report a runaway
argument that might be the root of the problem. But if
your `}' was spurious, just type `2' and it will go away.

Runaway argument?
\@currbox \@currlist \ifnum \count \@currbox >\z@ \advance \@pageht \@pagedp \ETC.
! Paragraph ended before \@xnext was complete.
<to be read again> 
                   \par 
l.96 \end{table}
                
I suspect you've forgotten a `}', causing me to apply this
control sequence to too much text. How can we recover?
My plan is to forget the whole thing and hope for the best.


! LaTeX Error: Too many unprocessed floats.

See the LaTeX manual or LaTeX Companion for explanation.
Type  H <return>  for immediate help.
 ...                                              
                                                  
l.97 \begin{table}[H]
                     
You've lost some text.  Try typing  <return>  to proceed.
If that doesn't work, type  X <return>  to quit.

! Undefined control sequence.
\@float@Hx ...ltovf \fi \global \setbox \@currbox 
                                                  \color@vbox \normalcolor \...
l.97 \begin{table}[H]
                     
The control sequence at the end of the top line
of your error message was never \def'ed. If you have
misspelled it (e.g., `\hobx'), type `I' and the correct
spelling (e.g., `I\hbox'). Otherwise just continue,
and I'll forget about whatever was undefined.

! Missing number, treated as zero.
<to be read again> 
                   \vbox 
l.97 \begin{table}[H]
                     
A number should have been here; I inserted `0'.
(If you can't figure out why I needed to see a number,
look up `weird error' in the index to The TeXbook.)

! Undefined control sequence.
\@largefloatcheck ->\ifdim \ht \@currbox 
                                         >\textheight \@tempdima -\textheigh...
l.121 \end{table}
                 
The control sequence at the end of the top line
of your error message was never \def'ed. If you have
misspelled it (e.g., `\hobx'), type `I' and the correct
spelling (e.g., `I\hbox'). Otherwise just continue,
and I'll forget about whatever was undefined.

! Missing number, treated as zero.
<to be read again> 
                   >
l.121 \end{table}
                 
A number should have been here; I inserted `0'.
(If you can't figure out why I needed to see a number,
look up `weird error' in the index to The TeXbook.)

! Undefined control sequence.
<argument> \@currbox 
                     
l.121 \end{table}
                 
The control sequence at the end of the top line
of your error message was never \def'ed. If you have
misspelled it (e.g., `\hobx'), type `I' and the correct
spelling (e.g., `I\hbox'). Otherwise just continue,
and I'll forget about whatever was undefined.

! Missing number, treated as zero.
<to be read again> 
                   \@elt 
l.121 \end{table}
                 
A number should have been here; I inserted `0'.
(If you can't figure out why I needed to see a number,
look up `weird error' in the index to The TeXbook.)

! Missing = inserted for \ifnum.
<to be read again> 
                   \@elt 
l.121 \end{table}
                 
I was expecting to see `<', `=', or `>'. Didn't.

! Missing number, treated as zero.
<to be read again> 
                   \@elt 
l.121 \end{table}
                 
A number should have been here; I inserted `0'.
(If you can't figure out why I needed to see a number,
look up `weird error' in the index to The TeXbook.)


! LaTeX Error: This may be a LaTeX bug.

See the LaTeX manual or LaTeX Companion for explanation.
Type  H <return>  for immediate help.
 ...                                              
                                                  
l.121 \end{table}
                 
Call for help

! Undefined control sequence.
\@addmarginpar ...advance \@tempdima \ht \@marbox 
                                                  \ifdim \@tempdima >\z@ \@l...
l.121 \end{table}
                 
The control sequence at the end of the top line
of your error message was never \def'ed. If you have
misspelled it (e.g., `\hobx'), type `I' and the correct
spelling (e.g., `I\hbox'). Otherwise just continue,
and I'll forget about whatever was undefined.

! Missing number, treated as zero.
<to be read again> 
                   \protect 
l.121 \end{table}
                 
A number should have been here; I inserted `0'.
(If you can't figure out why I needed to see a number,
look up `weird error' in the index to The TeXbook.)


LaTeX Warning: Marginpar on page 7 moved.

! Undefined control sequence.
\@addmarginpar ...vance \@mparbottom \dp \@marbox 
                                                  \global \advance \@mparbot...
l.121 \end{table}
                 
The control sequence at the end of the top line
of your error message was never \def'ed. If you have
misspelled it (e.g., `\hobx'), type `I' and the correct
spelling (e.g., `I\hbox'). Otherwise just continue,
and I'll forget about whatever was undefined.

! Missing number, treated as zero.
<to be read again> 
                   \global 
l.121 \end{table}
                 
A number should have been here; I inserted `0'.
(If you can't figure out why I needed to see a number,
look up `weird error' in the index to The TeXbook.)

! Undefined control sequence.
\@addmarginpar ...dvance \@tempdima -\ht \@marbox 
                                                  \global \setbox \@marbox \...
l.121 \end{table}
                 
The control sequence at the end of the top line
of your error message was never \def'ed. If you have
misspelled it (e.g., `\hobx'), type `I' and the correct
spelling (e.g., `I\hbox'). Otherwise just continue,
and I'll forget about whatever was undefined.

! Missing number, treated as zero.
<to be read again> 
                   \global 
l.121 \end{table}
                 
A number should have been here; I inserted `0'.
(If you can't figure out why I needed to see a number,
look up `weird error' in the index to The TeXbook.)

! Undefined control sequence.
\@addmarginpar ...marbox \global \setbox \@marbox 
                                                  \vbox {\vskip \@tempdima \...
l.121 \end{table}
                 
The control sequence at the end of the top line
of your error message was never \def'ed. If you have
misspelled it (e.g., `\hobx'), type `I' and the correct
spelling (e.g., `I\hbox'). Otherwise just continue,
and I'll forget about whatever was undefined.

! Missing number, treated as zero.
<to be read again> 
                   \vbox 
l.121 \end{table}
                 
A number should have been here; I inserted `0'.
(If you can't figure out why I needed to see a number,
look up `weird error' in the index to The TeXbook.)

! Undefined control sequence.
\@addmarginpar ...\vskip \@tempdima \box \@marbox 
                                                  }\global \ht \@marbox \z@ ...
l.121 \end{table}
                 
The control sequence at the end of the top line
of your error message was never \def'ed. If you have
misspelled it (e.g., `\hobx'), type `I' and the correct
spelling (e.g., `I\hbox'). Otherwise just continue,
and I'll forget about whatever was undefined.

! Missing number, treated as zero.
<to be read again> 
                   }
l.121 \end{table}
                 
A number should have been here; I inserted `0'.
(If you can't figure out why I needed to see a number,
look up `weird error' in the index to The TeXbook.)

! Undefined control sequence.
\@addmarginpar ... \@marbox }\global \ht \@marbox 
                                                  \z@ \global \dp \@marbox \...
l.121 \end{table}
                 
The control sequence at the end of the top line
of your error message was never \def'ed. If you have
misspelled it (e.g., `\hobx'), type `I' and the correct
spelling (e.g., `I\hbox'). Otherwise just continue,
and I'll forget about whatever was undefined.

! Missing number, treated as zero.
<to be read again> 
                   \global 
l.121 \end{table}
                 
A number should have been here; I inserted `0'.
(If you can't figure out why I needed to see a number,
look up `weird error' in the index to The TeXbook.)

! Illegal unit of measure (pt inserted).
<to be read again> 
                   \global 
l.121 \end{table}
                 
Dimensions can be in units of em, ex, in, pt, pc,
cm, mm, dd, cc, nd, nc, bp, or sp; but yours is a new one!
I'll assume that you meant to say pt, for printer's points.
To recover gracefully from this error, it's best to
delete the erroneous units; e.g., type `2' to delete
two letters. (See Chapter 27 of The TeXbook.)

! Undefined control sequence.
\@addmarginpar ...marbox \z@ \global \dp \@marbox 
                                                  \z@ \kern -\@pagedp \noint...
l.121 \end{table}
                 
The control sequence at the end of the top line
of your error message was never \def'ed. If you have
misspelled it (e.g., `\hobx'), type `I' and the correct
spelling (e.g., `I\hbox'). Otherwise just continue,
and I'll forget about whatever was undefined.

! Missing number, treated as zero.
<to be read again> 
                   \kern 
l.121 \end{table}
                 
A number should have been here; I inserted `0'.
(If you can't figure out why I needed to see a number,
look up `weird error' in the index to The TeXbook.)

! Illegal unit of measure (pt inserted).
<to be read again> 
                   \kern 
l.121 \end{table}
                 
Dimensions can be in units of em, ex, in, pt, pc,
cm, mm, dd, cc, nd, nc, bp, or sp; but yours is a new one!
I'll assume that you meant to say pt, for printer's points.
To recover gracefully from this error, it's best to
delete the erroneous units; e.g., type `2' to delete
two letters. (See Chapter 27 of The TeXbook.)

! Undefined control sequence.
\@addmarginpar ...arginparwidth \fi \box \@marbox 
                                                  \hss }\nointerlineskip \hb...
l.121 \end{table}
                 
The control sequence at the end of the top line
of your error message was never \def'ed. If you have
misspelled it (e.g., `\hobx'), type `I' and the correct
spelling (e.g., `I\hbox'). Otherwise just continue,
and I'll forget about whatever was undefined.

! Missing number, treated as zero.
<to be read again> 
                   \hss 
l.121 \end{table}
                 
A number should have been here; I inserted `0'.
(If you can't figure out why I needed to see a number,
look up `weird error' in the index to The TeXbook.)

) (./results/small_classical_high_MNLrefPrice/results_table.tex

! LaTeX Error: Too many unprocessed floats.

See the LaTeX manual or LaTeX Companion for explanation.
Type  H <return>  for immediate help.
 ...                                              
                                                  
l.1 \begin{table}[H]
                    
You've lost some text.  Try typing  <return>  to proceed.
If that doesn't work, type  X <return>  to quit.

! Undefined control sequence.
\@float@Hx ...ltovf \fi \global \setbox \@currbox 
                                                  \color@vbox \normalcolor \...
l.1 \begin{table}[H]
                    
The control sequence at the end of the top line
of your error message was never \def'ed. If you have
misspelled it (e.g., `\hobx'), type `I' and the correct
spelling (e.g., `I\hbox'). Otherwise just continue,
and I'll forget about whatever was undefined.

! Missing number, treated as zero.
<to be read again> 
                   \vbox 
l.1 \begin{table}[H]
                    
A number should have been here; I inserted `0'.
(If you can't figure out why I needed to see a number,
look up `weird error' in the index to The TeXbook.)

! Undefined control sequence.
\@largefloatcheck ->\ifdim \ht \@currbox 
                                         >\textheight \@tempdima -\textheigh...
l.21 \end{table}
                
The control sequence at the end of the top line
of your error message was never \def'ed. If you have
misspelled it (e.g., `\hobx'), type `I' and the correct
spelling (e.g., `I\hbox'). Otherwise just continue,
and I'll forget about whatever was undefined.

! Missing number, treated as zero.
<to be read again> 
                   >
l.21 \end{table}
                
A number should have been here; I inserted `0'.
(If you can't figure out why I needed to see a number,
look up `weird error' in the index to The TeXbook.)

! Undefined control sequence.
<argument> \@currbox 
                     
l.21 \end{table}
                
The control sequence at the end of the top line
of your error message was never \def'ed. If you have
misspelled it (e.g., `\hobx'), type `I' and the correct
spelling (e.g., `I\hbox'). Otherwise just continue,
and I'll forget about whatever was undefined.

! Argument of \@xnext has an extra }.
<inserted text> 
                \par 
l.21 \end{table}
                
I've run across a `}' that doesn't seem to match anything.
For example, `\def\a#1{...}' and `\a}' would produce
this error. If you simply proceed now, the `\par' that
I've just inserted will cause me to report a runaway
argument that might be the root of the problem. But if
your `}' was spurious, just type `2' and it will go away.

Runaway argument?
\@currbox \@currlist \ifnum \count \@currbox >\z@ \advance \@pageht \@pagedp \ETC.
! Paragraph ended before \@xnext was complete.
<to be read again> 
                   \par 
l.21 \end{table}
                
I suspect you've forgotten a `}', causing me to apply this
control sequence to too much text. How can we recover?
My plan is to forget the whole thing and hope for the best.

! Extra \else.
\end@float ...pdima \penalty \@floatpenalty \else 
                                                  \vadjust {\penalty -\@Miv ...
l.21 \end{table}
                
I'm ignoring this; it doesn't match any \if.

! You can't use `\vadjust' in vertical mode.
\end@float ...nalty \@floatpenalty \else \vadjust 
                                                  {\penalty -\@Miv \vbox {}\...
l.21 \end{table}
                
Sorry, but I'm not programmed to handle this case;
I'll just pretend that you didn't ask for it.
If you're in the wrong mode, you might be able to
return to the right one by typing `I}' or `I$' or `I\par'.

! Argument of \@xnext has an extra }.
<inserted text> 
                \par 
l.21 \end{table}
                
I've run across a `}' that doesn't seem to match anything.
For example, `\def\a#1{...}' and `\a}' would produce
this error. If you simply proceed now, the `\par' that
I've just inserted will cause me to report a runaway
argument that might be the root of the problem. But if
your `}' was spurious, just type `2' and it will go away.

Runaway argument?
\@currbox \@currlist \ifnum \count \@currbox >\z@ \advance \@pageht \@pagedp \ETC.
! Paragraph ended before \@xnext was complete.
<to be read again> 
                   \par 
l.21 \end{table}
                
I suspect you've forgotten a `}', causing me to apply this
control sequence to too much text. How can we recover?
My plan is to forget the whole thing and hope for the best.


! LaTeX Error: Too many unprocessed floats.

See the LaTeX manual or LaTeX Companion for explanation.
Type  H <return>  for immediate help.
 ...                                              
                                                  
l.22 \begin{table}[H]
                     
You've lost some text.  Try typing  <return>  to proceed.
If that doesn't work, type  X <return>  to quit.

! Undefined control sequence.
\@float@Hx ...ltovf \fi \global \setbox \@currbox 
                                                  \color@vbox \normalcolor \...
l.22 \begin{table}[H]
                     
The control sequence at the end of the top line
of your error message was never \def'ed. If you have
misspelled it (e.g., `\hobx'), type `I' and the correct
spelling (e.g., `I\hbox'). Otherwise just continue,
and I'll forget about whatever was undefined.

! Missing number, treated as zero.
<to be read again> 
                   \vbox 
l.22 \begin{table}[H]
                     
A number should have been here; I inserted `0'.
(If you can't figure out why I needed to see a number,
look up `weird error' in the index to The TeXbook.)

! Undefined control sequence.
\@largefloatcheck ->\ifdim \ht \@currbox 
                                         >\textheight \@tempdima -\textheigh...
l.46 \end{table}
                
The control sequence at the end of the top line
of your error message was never \def'ed. If you have
misspelled it (e.g., `\hobx'), type `I' and the correct
spelling (e.g., `I\hbox'). Otherwise just continue,
and I'll forget about whatever was undefined.

! Missing number, treated as zero.
<to be read again> 
                   >
l.46 \end{table}
                
A number should have been here; I inserted `0'.
(If you can't figure out why I needed to see a number,
look up `weird error' in the index to The TeXbook.)

! Undefined control sequence.
<argument> \@currbox 
                     
l.46 \end{table}
                
The control sequence at the end of the top line
of your error message was never \def'ed. If you have
misspelled it (e.g., `\hobx'), type `I' and the correct
spelling (e.g., `I\hbox'). Otherwise just continue,
and I'll forget about whatever was undefined.

! Missing number, treated as zero.
<to be read again> 
                   \@elt 
l.46 \end{table}
                
A number should have been here; I inserted `0'.
(If you can't figure out why I needed to see a number,
look up `weird error' in the index to The TeXbook.)

! Missing = inserted for \ifnum.
<to be read again> 
                   \@elt 
l.46 \end{table}
                
I was expecting to see `<', `=', or `>'. Didn't.

! Missing number, treated as zero.
<to be read again> 
                   \@elt 
l.46 \end{table}
                
A number should have been here; I inserted `0'.
(If you can't figure out why I needed to see a number,
look up `weird error' in the index to The TeXbook.)


! LaTeX Error: This may be a LaTeX bug.

See the LaTeX manual or LaTeX Companion for explanation.
Type  H <return>  for immediate help.
 ...                                              
                                                  
l.46 \end{table}
                
Call for help

! Undefined control sequence.
\@addmarginpar ...advance \@tempdima \ht \@marbox 
                                                  \ifdim \@tempdima >\z@ \@l...
l.46 \end{table}
                
The control sequence at the end of the top line
of your error message was never \def'ed. If you have
misspelled it (e.g., `\hobx'), type `I' and the correct
spelling (e.g., `I\hbox'). Otherwise just continue,
and I'll forget about whatever was undefined.

! Missing number, treated as zero.
<to be read again> 
                   \protect 
l.46 \end{table}
                
A number should have been here; I inserted `0'.
(If you can't figure out why I needed to see a number,
look up `weird error' in the index to The TeXbook.)


LaTeX Warning: Marginpar on page 7 moved.

! Undefined control sequence.
\@addmarginpar ...vance \@mparbottom \dp \@marbox 
                                                  \global \advance \@mparbot...
l.46 \end{table}
                
The control sequence at the end of the top line
of your error message was never \def'ed. If you have
misspelled it (e.g., `\hobx'), type `I' and the correct
spelling (e.g., `I\hbox'). Otherwise just continue,
and I'll forget about whatever was undefined.

! Missing number, treated as zero.
<to be read again> 
                   \global 
l.46 \end{table}
                
A number should have been here; I inserted `0'.
(If you can't figure out why I needed to see a number,
look up `weird error' in the index to The TeXbook.)

! Undefined control sequence.
\@addmarginpar ...dvance \@tempdima -\ht \@marbox 
                                                  \global \setbox \@marbox \...
l.46 \end{table}
                
The control sequence at the end of the top line
of your error message was never \def'ed. If you have
misspelled it (e.g., `\hobx'), type `I' and the correct
spelling (e.g., `I\hbox'). Otherwise just continue,
and I'll forget about whatever was undefined.

! Missing number, treated as zero.
<to be read again> 
                   \global 
l.46 \end{table}
                
A number should have been here; I inserted `0'.
(If you can't figure out why I needed to see a number,
look up `weird error' in the index to The TeXbook.)

! Undefined control sequence.
\@addmarginpar ...marbox \global \setbox \@marbox 
                                                  \vbox {\vskip \@tempdima \...
l.46 \end{table}
                
The control sequence at the end of the top line
of your error message was never \def'ed. If you have
misspelled it (e.g., `\hobx'), type `I' and the correct
spelling (e.g., `I\hbox'). Otherwise just continue,
and I'll forget about whatever was undefined.

! Missing number, treated as zero.
<to be read again> 
                   \vbox 
l.46 \end{table}
                
A number should have been here; I inserted `0'.
(If you can't figure out why I needed to see a number,
look up `weird error' in the index to The TeXbook.)

! Undefined control sequence.
\@addmarginpar ...\vskip \@tempdima \box \@marbox 
                                                  }\global \ht \@marbox \z@ ...
l.46 \end{table}
                
The control sequence at the end of the top line
of your error message was never \def'ed. If you have
misspelled it (e.g., `\hobx'), type `I' and the correct
spelling (e.g., `I\hbox'). Otherwise just continue,
and I'll forget about whatever was undefined.

! Missing number, treated as zero.
<to be read again> 
                   }
l.46 \end{table}
                
A number should have been here; I inserted `0'.
(If you can't figure out why I needed to see a number,
look up `weird error' in the index to The TeXbook.)

! Undefined control sequence.
\@addmarginpar ... \@marbox }\global \ht \@marbox 
                                                  \z@ \global \dp \@marbox \...
l.46 \end{table}
                
The control sequence at the end of the top line
of your error message was never \def'ed. If you have
misspelled it (e.g., `\hobx'), type `I' and the correct
spelling (e.g., `I\hbox'). Otherwise just continue,
and I'll forget about whatever was undefined.

! Missing number, treated as zero.
<to be read again> 
                   \global 
l.46 \end{table}
                
A number should have been here; I inserted `0'.
(If you can't figure out why I needed to see a number,
look up `weird error' in the index to The TeXbook.)

! Illegal unit of measure (pt inserted).
<to be read again> 
                   \global 
l.46 \end{table}
                
Dimensions can be in units of em, ex, in, pt, pc,
cm, mm, dd, cc, nd, nc, bp, or sp; but yours is a new one!
I'll assume that you meant to say pt, for printer's points.
To recover gracefully from this error, it's best to
delete the erroneous units; e.g., type `2' to delete
two letters. (See Chapter 27 of The TeXbook.)

! Undefined control sequence.
\@addmarginpar ...marbox \z@ \global \dp \@marbox 
                                                  \z@ \kern -\@pagedp \noint...
l.46 \end{table}
                
The control sequence at the end of the top line
of your error message was never \def'ed. If you have
misspelled it (e.g., `\hobx'), type `I' and the correct
spelling (e.g., `I\hbox'). Otherwise just continue,
and I'll forget about whatever was undefined.

! Missing number, treated as zero.
<to be read again> 
                   \kern 
l.46 \end{table}
                
A number should have been here; I inserted `0'.
(If you can't figure out why I needed to see a number,
look up `weird error' in the index to The TeXbook.)

! Illegal unit of measure (pt inserted).
<to be read again> 
                   \kern 
l.46 \end{table}
                
Dimensions can be in units of em, ex, in, pt, pc,
cm, mm, dd, cc, nd, nc, bp, or sp; but yours is a new one!
I'll assume that you meant to say pt, for printer's points.
To recover gracefully from this error, it's best to
delete the erroneous units; e.g., type `2' to delete
two letters. (See Chapter 27 of The TeXbook.)

! Undefined control sequence.
\@addmarginpar ...arginparwidth \fi \box \@marbox 
                                                  \hss }\nointerlineskip \hb...
l.46 \end{table}
                
The control sequence at the end of the top line
of your error message was never \def'ed. If you have
misspelled it (e.g., `\hobx'), type `I' and the correct
spelling (e.g., `I\hbox'). Otherwise just continue,
and I'll forget about whatever was undefined.

! Missing number, treated as zero.
<to be read again> 
                   \hss 
l.46 \end{table}
                
A number should have been here; I inserted `0'.
(If you can't figure out why I needed to see a number,
look up `weird error' in the index to The TeXbook.)


! LaTeX Error: Too many unprocessed floats.

See the LaTeX manual or LaTeX Companion for explanation.
Type  H <return>  for immediate help.
 ...                                              
                                                  
l.47 \begin{table}[H]
                     
You've lost some text.  Try typing  <return>  to proceed.
If that doesn't work, type  X <return>  to quit.

! Undefined control sequence.
\@float@Hx ...ltovf \fi \global \setbox \@currbox 
                                                  \color@vbox \normalcolor \...
l.47 \begin{table}[H]
                     
The control sequence at the end of the top line
of your error message was never \def'ed. If you have
misspelled it (e.g., `\hobx'), type `I' and the correct
spelling (e.g., `I\hbox'). Otherwise just continue,
and I'll forget about whatever was undefined.

! Missing number, treated as zero.
<to be read again> 
                   \vbox 
l.47 \begin{table}[H]
                     
A number should have been here; I inserted `0'.
(If you can't figure out why I needed to see a number,
look up `weird error' in the index to The TeXbook.)

! Undefined control sequence.
\@largefloatcheck ->\ifdim \ht \@currbox 
                                         >\textheight \@tempdima -\textheigh...
l.71 \end{table}
                
The control sequence at the end of the top line
of your error message was never \def'ed. If you have
misspelled it (e.g., `\hobx'), type `I' and the correct
spelling (e.g., `I\hbox'). Otherwise just continue,
and I'll forget about whatever was undefined.

! Missing number, treated as zero.
<to be read again> 
                   >
l.71 \end{table}
                
A number should have been here; I inserted `0'.
(If you can't figure out why I needed to see a number,
look up `weird error' in the index to The TeXbook.)

! Undefined control sequence.
<argument> \@currbox 
                     
l.71 \end{table}
                
The control sequence at the end of the top line
of your error message was never \def'ed. If you have
misspelled it (e.g., `\hobx'), type `I' and the correct
spelling (e.g., `I\hbox'). Otherwise just continue,
and I'll forget about whatever was undefined.

! Argument of \@xnext has an extra }.
<inserted text> 
                \par 
l.71 \end{table}
                
I've run across a `}' that doesn't seem to match anything.
For example, `\def\a#1{...}' and `\a}' would produce
this error. If you simply proceed now, the `\par' that
I've just inserted will cause me to report a runaway
argument that might be the root of the problem. But if
your `}' was spurious, just type `2' and it will go away.

Runaway argument?
\@currbox \@currlist \ifnum \count \@currbox >\z@ \advance \@pageht \@pagedp \ETC.
! Paragraph ended before \@xnext was complete.
<to be read again> 
                   \par 
l.71 \end{table}
                
I suspect you've forgotten a `}', causing me to apply this
control sequence to too much text. How can we recover?
My plan is to forget the whole thing and hope for the best.

! Extra \else.
\end@float ...pdima \penalty \@floatpenalty \else 
                                                  \vadjust {\penalty -\@Miv ...
l.71 \end{table}
                
I'm ignoring this; it doesn't match any \if.

! You can't use `\vadjust' in vertical mode.
\end@float ...nalty \@floatpenalty \else \vadjust 
                                                  {\penalty -\@Miv \vbox {}\...
l.71 \end{table}
                
Sorry, but I'm not programmed to handle this case;
I'll just pretend that you didn't ask for it.
If you're in the wrong mode, you might be able to
return to the right one by typing `I}' or `I$' or `I\par'.

! Argument of \@xnext has an extra }.
<inserted text> 
                \par 
l.71 \end{table}
                
I've run across a `}' that doesn't seem to match anything.
For example, `\def\a#1{...}' and `\a}' would produce
this error. If you simply proceed now, the `\par' that
I've just inserted will cause me to report a runaway
argument that might be the root of the problem. But if
your `}' was spurious, just type `2' and it will go away.

Runaway argument?
\@currbox \@currlist \ifnum \count \@currbox >\z@ \advance \@pageht \@pagedp \ETC.
! Paragraph ended before \@xnext was complete.
<to be read again> 
                   \par 
l.71 \end{table}
                
I suspect you've forgotten a `}', causing me to apply this
control sequence to too much text. How can we recover?
My plan is to forget the whole thing and hope for the best.


! LaTeX Error: Too many unprocessed floats.

See the LaTeX manual or LaTeX Companion for explanation.
Type  H <return>  for immediate help.
 ...                                              
                                                  
l.72 \begin{table}[H]
                     
You've lost some text.  Try typing  <return>  to proceed.
If that doesn't work, type  X <return>  to quit.

! Undefined control sequence.
\@float@Hx ...ltovf \fi \global \setbox \@currbox 
                                                  \color@vbox \normalcolor \...
l.72 \begin{table}[H]
                     
The control sequence at the end of the top line
of your error message was never \def'ed. If you have
misspelled it (e.g., `\hobx'), type `I' and the correct
spelling (e.g., `I\hbox'). Otherwise just continue,
and I'll forget about whatever was undefined.

! Missing number, treated as zero.
<to be read again> 
                   \vbox 
l.72 \begin{table}[H]
                     
A number should have been here; I inserted `0'.
(If you can't figure out why I needed to see a number,
look up `weird error' in the index to The TeXbook.)

! Undefined control sequence.
\@largefloatcheck ->\ifdim \ht \@currbox 
                                         >\textheight \@tempdima -\textheigh...
l.96 \end{table}
                
The control sequence at the end of the top line
of your error message was never \def'ed. If you have
misspelled it (e.g., `\hobx'), type `I' and the correct
spelling (e.g., `I\hbox'). Otherwise just continue,
and I'll forget about whatever was undefined.

! Missing number, treated as zero.
<to be read again> 
                   >
l.96 \end{table}
                
A number should have been here; I inserted `0'.
(If you can't figure out why I needed to see a number,
look up `weird error' in the index to The TeXbook.)

! Undefined control sequence.
<argument> \@currbox 
                     
l.96 \end{table}
                
The control sequence at the end of the top line
of your error message was never \def'ed. If you have
misspelled it (e.g., `\hobx'), type `I' and the correct
spelling (e.g., `I\hbox'). Otherwise just continue,
and I'll forget about whatever was undefined.

! Missing number, treated as zero.
<to be read again> 
                   \@elt 
l.96 \end{table}
                
A number should have been here; I inserted `0'.
(If you can't figure out why I needed to see a number,
look up `weird error' in the index to The TeXbook.)

! Missing = inserted for \ifnum.
<to be read again> 
                   \@elt 
l.96 \end{table}
                
I was expecting to see `<', `=', or `>'. Didn't.

! Missing number, treated as zero.
<to be read again> 
                   \@elt 
l.96 \end{table}
                
A number should have been here; I inserted `0'.
(If you can't figure out why I needed to see a number,
look up `weird error' in the index to The TeXbook.)


! LaTeX Error: This may be a LaTeX bug.

See the LaTeX manual or LaTeX Companion for explanation.
Type  H <return>  for immediate help.
 ...                                              
                                                  
l.96 \end{table}
                
Call for help

! Undefined control sequence.
\@addmarginpar ...advance \@tempdima \ht \@marbox 
                                                  \ifdim \@tempdima >\z@ \@l...
l.96 \end{table}
                
The control sequence at the end of the top line
of your error message was never \def'ed. If you have
misspelled it (e.g., `\hobx'), type `I' and the correct
spelling (e.g., `I\hbox'). Otherwise just continue,
and I'll forget about whatever was undefined.

! Missing number, treated as zero.
<to be read again> 
                   \protect 
l.96 \end{table}
                
A number should have been here; I inserted `0'.
(If you can't figure out why I needed to see a number,
look up `weird error' in the index to The TeXbook.)


LaTeX Warning: Marginpar on page 7 moved.

! Undefined control sequence.
\@addmarginpar ...vance \@mparbottom \dp \@marbox 
                                                  \global \advance \@mparbot...
l.96 \end{table}
                
The control sequence at the end of the top line
of your error message was never \def'ed. If you have
misspelled it (e.g., `\hobx'), type `I' and the correct
spelling (e.g., `I\hbox'). Otherwise just continue,
and I'll forget about whatever was undefined.

! Missing number, treated as zero.
<to be read again> 
                   \global 
l.96 \end{table}
                
A number should have been here; I inserted `0'.
(If you can't figure out why I needed to see a number,
look up `weird error' in the index to The TeXbook.)

! Undefined control sequence.
\@addmarginpar ...dvance \@tempdima -\ht \@marbox 
                                                  \global \setbox \@marbox \...
l.96 \end{table}
                
The control sequence at the end of the top line
of your error message was never \def'ed. If you have
misspelled it (e.g., `\hobx'), type `I' and the correct
spelling (e.g., `I\hbox'). Otherwise just continue,
and I'll forget about whatever was undefined.

! Missing number, treated as zero.
<to be read again> 
                   \global 
l.96 \end{table}
                
A number should have been here; I inserted `0'.
(If you can't figure out why I needed to see a number,
look up `weird error' in the index to The TeXbook.)

! Undefined control sequence.
\@addmarginpar ...marbox \global \setbox \@marbox 
                                                  \vbox {\vskip \@tempdima \...
l.96 \end{table}
                
The control sequence at the end of the top line
of your error message was never \def'ed. If you have
misspelled it (e.g., `\hobx'), type `I' and the correct
spelling (e.g., `I\hbox'). Otherwise just continue,
and I'll forget about whatever was undefined.

! Missing number, treated as zero.
<to be read again> 
                   \vbox 
l.96 \end{table}
                
A number should have been here; I inserted `0'.
(If you can't figure out why I needed to see a number,
look up `weird error' in the index to The TeXbook.)

! Undefined control sequence.
\@addmarginpar ...\vskip \@tempdima \box \@marbox 
                                                  }\global \ht \@marbox \z@ ...
l.96 \end{table}
                
The control sequence at the end of the top line
of your error message was never \def'ed. If you have
misspelled it (e.g., `\hobx'), type `I' and the correct
spelling (e.g., `I\hbox'). Otherwise just continue,
and I'll forget about whatever was undefined.

! Missing number, treated as zero.
<to be read again> 
                   }
l.96 \end{table}
                
A number should have been here; I inserted `0'.
(If you can't figure out why I needed to see a number,
look up `weird error' in the index to The TeXbook.)

! Undefined control sequence.
\@addmarginpar ... \@marbox }\global \ht \@marbox 
                                                  \z@ \global \dp \@marbox \...
l.96 \end{table}
                
The control sequence at the end of the top line
of your error message was never \def'ed. If you have
misspelled it (e.g., `\hobx'), type `I' and the correct
spelling (e.g., `I\hbox'). Otherwise just continue,
and I'll forget about whatever was undefined.

! Missing number, treated as zero.
<to be read again> 
                   \global 
l.96 \end{table}
                
A number should have been here; I inserted `0'.
(If you can't figure out why I needed to see a number,
look up `weird error' in the index to The TeXbook.)

! Illegal unit of measure (pt inserted).
<to be read again> 
                   \global 
l.96 \end{table}
                
Dimensions can be in units of em, ex, in, pt, pc,
cm, mm, dd, cc, nd, nc, bp, or sp; but yours is a new one!
I'll assume that you meant to say pt, for printer's points.
To recover gracefully from this error, it's best to
delete the erroneous units; e.g., type `2' to delete
two letters. (See Chapter 27 of The TeXbook.)

! Undefined control sequence.
\@addmarginpar ...marbox \z@ \global \dp \@marbox 
                                                  \z@ \kern -\@pagedp \noint...
l.96 \end{table}
                
The control sequence at the end of the top line
of your error message was never \def'ed. If you have
misspelled it (e.g., `\hobx'), type `I' and the correct
spelling (e.g., `I\hbox'). Otherwise just continue,
and I'll forget about whatever was undefined.

! Missing number, treated as zero.
<to be read again> 
                   \kern 
l.96 \end{table}
                
A number should have been here; I inserted `0'.
(If you can't figure out why I needed to see a number,
look up `weird error' in the index to The TeXbook.)

! Illegal unit of measure (pt inserted).
<to be read again> 
                   \kern 
l.96 \end{table}
                
Dimensions can be in units of em, ex, in, pt, pc,
cm, mm, dd, cc, nd, nc, bp, or sp; but yours is a new one!
I'll assume that you meant to say pt, for printer's points.
To recover gracefully from this error, it's best to
delete the erroneous units; e.g., type `2' to delete
two letters. (See Chapter 27 of The TeXbook.)

! Undefined control sequence.
\@addmarginpar ...arginparwidth \fi \box \@marbox 
                                                  \hss }\nointerlineskip \hb...
l.96 \end{table}
                
The control sequence at the end of the top line
of your error message was never \def'ed. If you have
misspelled it (e.g., `\hobx'), type `I' and the correct
spelling (e.g., `I\hbox'). Otherwise just continue,
and I'll forget about whatever was undefined.

! Missing number, treated as zero.
<to be read again> 
                   \hss 
l.96 \end{table}
                
A number should have been here; I inserted `0'.
(If you can't figure out why I needed to see a number,
look up `weird error' in the index to The TeXbook.)


! LaTeX Error: Too many unprocessed floats.

See the LaTeX manual or LaTeX Companion for explanation.
Type  H <return>  for immediate help.
 ...                                              
                                                  
l.97 \begin{table}[H]
                     
You've lost some text.  Try typing  <return>  to proceed.
If that doesn't work, type  X <return>  to quit.

! Undefined control sequence.
\@float@Hx ...ltovf \fi \global \setbox \@currbox 
                                                  \color@vbox \normalcolor \...
l.97 \begin{table}[H]
                     
The control sequence at the end of the top line
of your error message was never \def'ed. If you have
misspelled it (e.g., `\hobx'), type `I' and the correct
spelling (e.g., `I\hbox'). Otherwise just continue,
and I'll forget about whatever was undefined.

! Missing number, treated as zero.
<to be read again> 
                   \vbox 
l.97 \begin{table}[H]
                     
A number should have been here; I inserted `0'.
(If you can't figure out why I needed to see a number,
look up `weird error' in the index to The TeXbook.)

! Undefined control sequence.
\@largefloatcheck ->\ifdim \ht \@currbox 
                                         >\textheight \@tempdima -\textheigh...
l.121 \end{table}
                 
The control sequence at the end of the top line
of your error message was never \def'ed. If you have
misspelled it (e.g., `\hobx'), type `I' and the correct
spelling (e.g., `I\hbox'). Otherwise just continue,
and I'll forget about whatever was undefined.

! Missing number, treated as zero.
<to be read again> 
                   >
l.121 \end{table}
                 
A number should have been here; I inserted `0'.
(If you can't figure out why I needed to see a number,
look up `weird error' in the index to The TeXbook.)

! Undefined control sequence.
<argument> \@currbox 
                     
l.121 \end{table}
                 
The control sequence at the end of the top line
of your error message was never \def'ed. If you have
misspelled it (e.g., `\hobx'), type `I' and the correct
spelling (e.g., `I\hbox'). Otherwise just continue,
and I'll forget about whatever was undefined.

! Argument of \@xnext has an extra }.
<inserted text> 
                \par 
l.121 \end{table}
                 
I've run across a `}' that doesn't seem to match anything.
For example, `\def\a#1{...}' and `\a}' would produce
this error. If you simply proceed now, the `\par' that
I've just inserted will cause me to report a runaway
argument that might be the root of the problem. But if
your `}' was spurious, just type `2' and it will go away.

Runaway argument?
\@currbox \@currlist \ifnum \count \@currbox >\z@ \advance \@pageht \@pagedp \ETC.
! Paragraph ended before \@xnext was complete.
<to be read again> 
                   \par 
l.121 \end{table}
                 
I suspect you've forgotten a `}', causing me to apply this
control sequence to too much text. How can we recover?
My plan is to forget the whole thing and hope for the best.

! Extra \else.
\end@float ...pdima \penalty \@floatpenalty \else 
                                                  \vadjust {\penalty -\@Miv ...
l.121 \end{table}
                 
I'm ignoring this; it doesn't match any \if.

! You can't use `\vadjust' in vertical mode.
\end@float ...nalty \@floatpenalty \else \vadjust 
                                                  {\penalty -\@Miv \vbox {}\...
l.121 \end{table}
                 
Sorry, but I'm not programmed to handle this case;
I'll just pretend that you didn't ask for it.
If you're in the wrong mode, you might be able to
return to the right one by typing `I}' or `I$' or `I\par'.

! Argument of \@xnext has an extra }.
<inserted text> 
                \par 
l.121 \end{table}
                 
I've run across a `}' that doesn't seem to match anything.
For example, `\def\a#1{...}' and `\a}' would produce
this error. If you simply proceed now, the `\par' that
I've just inserted will cause me to report a runaway
argument that might be the root of the problem. But if
your `}' was spurious, just type `2' and it will go away.

Runaway argument?
\@currbox \@currlist \ifnum \count \@currbox >\z@ \advance \@pageht \@pagedp \ETC.
! Paragraph ended before \@xnext was complete.
<to be read again> 
                   \par 
l.121 \end{table}
                 
I suspect you've forgotten a `}', causing me to apply this
control sequence to too much text. How can we recover?
My plan is to forget the whole thing and hope for the best.

) (./results/small_model_informed_low_MNLrefPrice/results_table.tex

! LaTeX Error: Too many unprocessed floats.

See the LaTeX manual or LaTeX Companion for explanation.
Type  H <return>  for immediate help.
 ...                                              
                                                  
l.1 \begin{table}[H]
                    
You've lost some text.  Try typing  <return>  to proceed.
If that doesn't work, type  X <return>  to quit.

! Undefined control sequence.
\@float@Hx ...ltovf \fi \global \setbox \@currbox 
                                                  \color@vbox \normalcolor \...
l.1 \begin{table}[H]
                    
The control sequence at the end of the top line
of your error message was never \def'ed. If you have
misspelled it (e.g., `\hobx'), type `I' and the correct
spelling (e.g., `I\hbox'). Otherwise just continue,
and I'll forget about whatever was undefined.

! Missing number, treated as zero.
<to be read again> 
                   \vbox 
l.1 \begin{table}[H]
                    
A number should have been here; I inserted `0'.
(If you can't figure out why I needed to see a number,
look up `weird error' in the index to The TeXbook.)

! Undefined control sequence.
\@largefloatcheck ->\ifdim \ht \@currbox 
                                         >\textheight \@tempdima -\textheigh...
l.21 \end{table}
                
The control sequence at the end of the top line
of your error message was never \def'ed. If you have
misspelled it (e.g., `\hobx'), type `I' and the correct
spelling (e.g., `I\hbox'). Otherwise just continue,
and I'll forget about whatever was undefined.

! Missing number, treated as zero.
<to be read again> 
                   >
l.21 \end{table}
                
A number should have been here; I inserted `0'.
(If you can't figure out why I needed to see a number,
look up `weird error' in the index to The TeXbook.)

! Undefined control sequence.
<argument> \@currbox 
                     
l.21 \end{table}
                
The control sequence at the end of the top line
of your error message was never \def'ed. If you have
misspelled it (e.g., `\hobx'), type `I' and the correct
spelling (e.g., `I\hbox'). Otherwise just continue,
and I'll forget about whatever was undefined.

! Missing number, treated as zero.
<to be read again> 
                   \@elt 
l.21 \end{table}
                
A number should have been here; I inserted `0'.
(If you can't figure out why I needed to see a number,
look up `weird error' in the index to The TeXbook.)

! Missing = inserted for \ifnum.
<to be read again> 
                   \@elt 
l.21 \end{table}
                
I was expecting to see `<', `=', or `>'. Didn't.

! Missing number, treated as zero.
<to be read again> 
                   \@elt 
l.21 \end{table}
                
A number should have been here; I inserted `0'.
(If you can't figure out why I needed to see a number,
look up `weird error' in the index to The TeXbook.)


! LaTeX Error: This may be a LaTeX bug.

See the LaTeX manual or LaTeX Companion for explanation.
Type  H <return>  for immediate help.
 ...                                              
                                                  
l.21 \end{table}
                
Call for help

! Undefined control sequence.
\@addmarginpar ...advance \@tempdima \ht \@marbox 
                                                  \ifdim \@tempdima >\z@ \@l...
l.21 \end{table}
                
The control sequence at the end of the top line
of your error message was never \def'ed. If you have
misspelled it (e.g., `\hobx'), type `I' and the correct
spelling (e.g., `I\hbox'). Otherwise just continue,
and I'll forget about whatever was undefined.

! Missing number, treated as zero.
<to be read again> 
                   \protect 
l.21 \end{table}
                
A number should have been here; I inserted `0'.
(If you can't figure out why I needed to see a number,
look up `weird error' in the index to The TeXbook.)


LaTeX Warning: Marginpar on page 7 moved.

! Undefined control sequence.
\@addmarginpar ...vance \@mparbottom \dp \@marbox 
                                                  \global \advance \@mparbot...
l.21 \end{table}
                
The control sequence at the end of the top line
of your error message was never \def'ed. If you have
misspelled it (e.g., `\hobx'), type `I' and the correct
spelling (e.g., `I\hbox'). Otherwise just continue,
and I'll forget about whatever was undefined.

! Missing number, treated as zero.
<to be read again> 
                   \global 
l.21 \end{table}
                
A number should have been here; I inserted `0'.
(If you can't figure out why I needed to see a number,
look up `weird error' in the index to The TeXbook.)

! Undefined control sequence.
\@addmarginpar ...dvance \@tempdima -\ht \@marbox 
                                                  \global \setbox \@marbox \...
l.21 \end{table}
                
The control sequence at the end of the top line
of your error message was never \def'ed. If you have
misspelled it (e.g., `\hobx'), type `I' and the correct
spelling (e.g., `I\hbox'). Otherwise just continue,
and I'll forget about whatever was undefined.

! Missing number, treated as zero.
<to be read again> 
                   \global 
l.21 \end{table}
                
A number should have been here; I inserted `0'.
(If you can't figure out why I needed to see a number,
look up `weird error' in the index to The TeXbook.)

! Undefined control sequence.
\@addmarginpar ...marbox \global \setbox \@marbox 
                                                  \vbox {\vskip \@tempdima \...
l.21 \end{table}
                
The control sequence at the end of the top line
of your error message was never \def'ed. If you have
misspelled it (e.g., `\hobx'), type `I' and the correct
spelling (e.g., `I\hbox'). Otherwise just continue,
and I'll forget about whatever was undefined.

! Missing number, treated as zero.
<to be read again> 
                   \vbox 
l.21 \end{table}
                
A number should have been here; I inserted `0'.
(If you can't figure out why I needed to see a number,
look up `weird error' in the index to The TeXbook.)

! Undefined control sequence.
\@addmarginpar ...\vskip \@tempdima \box \@marbox 
                                                  }\global \ht \@marbox \z@ ...
l.21 \end{table}
                
The control sequence at the end of the top line
of your error message was never \def'ed. If you have
misspelled it (e.g., `\hobx'), type `I' and the correct
spelling (e.g., `I\hbox'). Otherwise just continue,
and I'll forget about whatever was undefined.

! Missing number, treated as zero.
<to be read again> 
                   }
l.21 \end{table}
                
A number should have been here; I inserted `0'.
(If you can't figure out why I needed to see a number,
look up `weird error' in the index to The TeXbook.)

! Undefined control sequence.
\@addmarginpar ... \@marbox }\global \ht \@marbox 
                                                  \z@ \global \dp \@marbox \...
l.21 \end{table}
                
The control sequence at the end of the top line
of your error message was never \def'ed. If you have
misspelled it (e.g., `\hobx'), type `I' and the correct
spelling (e.g., `I\hbox'). Otherwise just continue,
and I'll forget about whatever was undefined.

! Missing number, treated as zero.
<to be read again> 
                   \global 
l.21 \end{table}
                
A number should have been here; I inserted `0'.
(If you can't figure out why I needed to see a number,
look up `weird error' in the index to The TeXbook.)

! Illegal unit of measure (pt inserted).
<to be read again> 
                   \global 
l.21 \end{table}
                
Dimensions can be in units of em, ex, in, pt, pc,
cm, mm, dd, cc, nd, nc, bp, or sp; but yours is a new one!
I'll assume that you meant to say pt, for printer's points.
To recover gracefully from this error, it's best to
delete the erroneous units; e.g., type `2' to delete
two letters. (See Chapter 27 of The TeXbook.)

! Undefined control sequence.
\@addmarginpar ...marbox \z@ \global \dp \@marbox 
                                                  \z@ \kern -\@pagedp \noint...
l.21 \end{table}
                
The control sequence at the end of the top line
of your error message was never \def'ed. If you have
misspelled it (e.g., `\hobx'), type `I' and the correct
spelling (e.g., `I\hbox'). Otherwise just continue,
and I'll forget about whatever was undefined.

! Missing number, treated as zero.
<to be read again> 
                   \kern 
l.21 \end{table}
                
A number should have been here; I inserted `0'.
(If you can't figure out why I needed to see a number,
look up `weird error' in the index to The TeXbook.)

! Illegal unit of measure (pt inserted).
<to be read again> 
                   \kern 
l.21 \end{table}
                
Dimensions can be in units of em, ex, in, pt, pc,
cm, mm, dd, cc, nd, nc, bp, or sp; but yours is a new one!
I'll assume that you meant to say pt, for printer's points.
To recover gracefully from this error, it's best to
delete the erroneous units; e.g., type `2' to delete
two letters. (See Chapter 27 of The TeXbook.)

! Undefined control sequence.
\@addmarginpar ...arginparwidth \fi \box \@marbox 
                                                  \hss }\nointerlineskip \hb...
l.21 \end{table}
                
The control sequence at the end of the top line
of your error message was never \def'ed. If you have
misspelled it (e.g., `\hobx'), type `I' and the correct
spelling (e.g., `I\hbox'). Otherwise just continue,
and I'll forget about whatever was undefined.

! Missing number, treated as zero.
<to be read again> 
                   \hss 
l.21 \end{table}
                
A number should have been here; I inserted `0'.
(If you can't figure out why I needed to see a number,
look up `weird error' in the index to The TeXbook.)



[7
pdfTeX warning (ext4): destination with the same identifier (name{table.2}) has been already used, duplicate ignored
<argument> ...shipout:D \box_use:N \l_shipout_box 
                                                  \__shipout_drop_firstpage_...
l.21 \end{table}
                
pdfTeX warning (ext4): destination with the same identifier (name{table.3}) has been already used, duplicate ignored
<argument> ...shipout:D \box_use:N \l_shipout_box 
                                                  \__shipout_drop_firstpage_...
l.21 \end{table}
                
pdfTeX warning (ext4): destination with the same identifier (name{table.41}) has been already used, duplicate ignored
<argument> ...shipout:D \box_use:N \l_shipout_box 
                                                  \__shipout_drop_firstpage_...
l.21 \end{table}
                
pdfTeX warning (ext4): destination with the same identifier (name{table.43}) has been already used, duplicate ignored
<argument> ...shipout:D \box_use:N \l_shipout_box 
                                                  \__shipout_drop_firstpage_...
l.21 \end{table}
                
pdfTeX warning (ext4): destination with the same identifier (name{table.46}) has been already used, duplicate ignored
<argument> ...shipout:D \box_use:N \l_shipout_box 
                                                  \__shipout_drop_firstpage_...
l.21 \end{table}
                
pdfTeX warning (ext4): destination with the same identifier (name{table.49}) has been already used, duplicate ignored
<argument> ...shipout:D \box_use:N \l_shipout_box 
                                                  \__shipout_drop_firstpage_...
l.21 \end{table}
                
pdfTeX warning (ext4): destination with the same identifier (name{table.52}) has been already used, duplicate ignored
<argument> ...shipout:D \box_use:N \l_shipout_box 
                                                  \__shipout_drop_firstpage_...
l.21 \end{table}
                
pdfTeX warning (ext4): destination with the same identifier (name{table.55}) has been already used, duplicate ignored
<argument> ...shipout:D \box_use:N \l_shipout_box 
                                                  \__shipout_drop_firstpage_...
l.21 \end{table}
                
pdfTeX warning (ext4): destination with the same identifier (name{table.57}) has been already used, duplicate ignored
<argument> ...shipout:D \box_use:N \l_shipout_box 
                                                  \__shipout_drop_firstpage_...
l.21 \end{table}
                
pdfTeX warning (ext4): destination with the same identifier (name{table.58}) has been already used, duplicate ignored
<argument> ...shipout:D \box_use:N \l_shipout_box 
                                                  \__shipout_drop_firstpage_...
l.21 \end{table}
                
pdfTeX warning (ext4): destination with the same identifier (name{table.60}) has been already used, duplicate ignored
<argument> ...shipout:D \box_use:N \l_shipout_box 
                                                  \__shipout_drop_firstpage_...
l.21 \end{table}
                ]

! LaTeX Error: Too many unprocessed floats.

See the LaTeX manual or LaTeX Companion for explanation.
Type  H <return>  for immediate help.
 ...                                              
                                                  
l.74 \begin{table}[H]
                     
You've lost some text.  Try typing  <return>  to proceed.
If that doesn't work, type  X <return>  to quit.

! Undefined control sequence.
\@float@Hx ...ltovf \fi \global \setbox \@currbox 
                                                  \color@vbox \normalcolor \...
l.74 \begin{table}[H]
                     
The control sequence at the end of the top line
of your error message was never \def'ed. If you have
misspelled it (e.g., `\hobx'), type `I' and the correct
spelling (e.g., `I\hbox'). Otherwise just continue,
and I'll forget about whatever was undefined.

! Missing number, treated as zero.
<to be read again> 
                   \vbox 
l.74 \begin{table}[H]
                     
A number should have been here; I inserted `0'.
(If you can't figure out why I needed to see a number,
look up `weird error' in the index to The TeXbook.)

! Undefined control sequence.
\@largefloatcheck ->\ifdim \ht \@currbox 
                                         >\textheight \@tempdima -\textheigh...
l.99 \end{table}
                
The control sequence at the end of the top line
of your error message was never \def'ed. If you have
misspelled it (e.g., `\hobx'), type `I' and the correct
spelling (e.g., `I\hbox'). Otherwise just continue,
and I'll forget about whatever was undefined.

! Missing number, treated as zero.
<to be read again> 
                   >
l.99 \end{table}
                
A number should have been here; I inserted `0'.
(If you can't figure out why I needed to see a number,
look up `weird error' in the index to The TeXbook.)

! Undefined control sequence.
<argument> \@currbox 
                     
l.99 \end{table}
                
The control sequence at the end of the top line
of your error message was never \def'ed. If you have
misspelled it (e.g., `\hobx'), type `I' and the correct
spelling (e.g., `I\hbox'). Otherwise just continue,
and I'll forget about whatever was undefined.

! Argument of \@xnext has an extra }.
<inserted text> 
                \par 
l.99 \end{table}
                
I've run across a `}' that doesn't seem to match anything.
For example, `\def\a#1{...}' and `\a}' would produce
this error. If you simply proceed now, the `\par' that
I've just inserted will cause me to report a runaway
argument that might be the root of the problem. But if
your `}' was spurious, just type `2' and it will go away.

Runaway argument?
\@currbox \@currlist \ifnum \count \@currbox >\z@ \advance \@pageht \@pagedp \ETC.
! Paragraph ended before \@xnext was complete.
<to be read again> 
                   \par 
l.99 \end{table}
                
I suspect you've forgotten a `}', causing me to apply this
control sequence to too much text. How can we recover?
My plan is to forget the whole thing and hope for the best.

! Extra \else.
\end@float ...pdima \penalty \@floatpenalty \else 
                                                  \vadjust {\penalty -\@Miv ...
l.99 \end{table}
                
I'm ignoring this; it doesn't match any \if.

! You can't use `\vadjust' in vertical mode.
\end@float ...nalty \@floatpenalty \else \vadjust 
                                                  {\penalty -\@Miv \vbox {}\...
l.99 \end{table}
                
Sorry, but I'm not programmed to handle this case;
I'll just pretend that you didn't ask for it.
If you're in the wrong mode, you might be able to
return to the right one by typing `I}' or `I$' or `I\par'.

! Argument of \@xnext has an extra }.
<inserted text> 
                \par 
l.99 \end{table}
                
I've run across a `}' that doesn't seem to match anything.
For example, `\def\a#1{...}' and `\a}' would produce
this error. If you simply proceed now, the `\par' that
I've just inserted will cause me to report a runaway
argument that might be the root of the problem. But if
your `}' was spurious, just type `2' and it will go away.

Runaway argument?
\@currbox \@currlist \ifnum \count \@currbox >\z@ \advance \@pageht \@pagedp \ETC.
! Paragraph ended before \@xnext was complete.
<to be read again> 
                   \par 
l.99 \end{table}
                
I suspect you've forgotten a `}', causing me to apply this
control sequence to too much text. How can we recover?
My plan is to forget the whole thing and hope for the best.

) (./results/small_model_informed_high_MNLrefPrice/results_table.tex

! LaTeX Error: Too many unprocessed floats.

See the LaTeX manual or LaTeX Companion for explanation.
Type  H <return>  for immediate help.
 ...                                              
                                                  
l.1 \begin{table}[H]
                    
You've lost some text.  Try typing  <return>  to proceed.
If that doesn't work, type  X <return>  to quit.

! Undefined control sequence.
\@float@Hx ...ltovf \fi \global \setbox \@currbox 
                                                  \color@vbox \normalcolor \...
l.1 \begin{table}[H]
                    
The control sequence at the end of the top line
of your error message was never \def'ed. If you have
misspelled it (e.g., `\hobx'), type `I' and the correct
spelling (e.g., `I\hbox'). Otherwise just continue,
and I'll forget about whatever was undefined.

! Missing number, treated as zero.
<to be read again> 
                   \vbox 
l.1 \begin{table}[H]
                    
A number should have been here; I inserted `0'.
(If you can't figure out why I needed to see a number,
look up `weird error' in the index to The TeXbook.)

! Undefined control sequence.
\@largefloatcheck ->\ifdim \ht \@currbox 
                                         >\textheight \@tempdima -\textheigh...
l.21 \end{table}
                
The control sequence at the end of the top line
of your error message was never \def'ed. If you have
misspelled it (e.g., `\hobx'), type `I' and the correct
spelling (e.g., `I\hbox'). Otherwise just continue,
and I'll forget about whatever was undefined.

! Missing number, treated as zero.
<to be read again> 
                   >
l.21 \end{table}
                
A number should have been here; I inserted `0'.
(If you can't figure out why I needed to see a number,
look up `weird error' in the index to The TeXbook.)

! Undefined control sequence.
<argument> \@currbox 
                     
l.21 \end{table}
                
The control sequence at the end of the top line
of your error message was never \def'ed. If you have
misspelled it (e.g., `\hobx'), type `I' and the correct
spelling (e.g., `I\hbox'). Otherwise just continue,
and I'll forget about whatever was undefined.

! Missing number, treated as zero.
<to be read again> 
                   \@elt 
l.21 \end{table}
                
A number should have been here; I inserted `0'.
(If you can't figure out why I needed to see a number,
look up `weird error' in the index to The TeXbook.)

! Missing = inserted for \ifnum.
<to be read again> 
                   \@elt 
l.21 \end{table}
                
I was expecting to see `<', `=', or `>'. Didn't.

! Missing number, treated as zero.
<to be read again> 
                   \@elt 
l.21 \end{table}
                
A number should have been here; I inserted `0'.
(If you can't figure out why I needed to see a number,
look up `weird error' in the index to The TeXbook.)


! LaTeX Error: This may be a LaTeX bug.

See the LaTeX manual or LaTeX Companion for explanation.
Type  H <return>  for immediate help.
 ...                                              
                                                  
l.21 \end{table}
                
Call for help

! Undefined control sequence.
\@addmarginpar ...advance \@tempdima \ht \@marbox 
                                                  \ifdim \@tempdima >\z@ \@l...
l.21 \end{table}
                
The control sequence at the end of the top line
of your error message was never \def'ed. If you have
misspelled it (e.g., `\hobx'), type `I' and the correct
spelling (e.g., `I\hbox'). Otherwise just continue,
and I'll forget about whatever was undefined.

! Bad register code (-2391195).
\@addmarginpar ...e \space moved}\else \@tempdima 
                                                  \z@ \fi \global \@mparbott...
l.21 \end{table}
                
A register number must be between 0 and 32767.
I changed this one to zero.

! Missing number, treated as zero.
<to be read again> 
                   \global 
l.21 \end{table}
                
A number should have been here; I inserted `0'.
(If you can't figure out why I needed to see a number,
look up `weird error' in the index to The TeXbook.)

! Illegal unit of measure (pt inserted).
<to be read again> 
                   \global 
l.21 \end{table}
                
Dimensions can be in units of em, ex, in, pt, pc,
cm, mm, dd, cc, nd, nc, bp, or sp; but yours is a new one!
I'll assume that you meant to say pt, for printer's points.
To recover gracefully from this error, it's best to
delete the erroneous units; e.g., type `2' to delete
two letters. (See Chapter 27 of The TeXbook.)

! Undefined control sequence.
\@addmarginpar ...vance \@mparbottom \dp \@marbox 
                                                  \global \advance \@mparbot...
l.21 \end{table}
                
The control sequence at the end of the top line
of your error message was never \def'ed. If you have
misspelled it (e.g., `\hobx'), type `I' and the correct
spelling (e.g., `I\hbox'). Otherwise just continue,
and I'll forget about whatever was undefined.

! Missing number, treated as zero.
<to be read again> 
                   \global 
l.21 \end{table}
                
A number should have been here; I inserted `0'.
(If you can't figure out why I needed to see a number,
look up `weird error' in the index to The TeXbook.)

! Undefined control sequence.
\@addmarginpar ...dvance \@tempdima -\ht \@marbox 
                                                  \global \setbox \@marbox \...
l.21 \end{table}
                
The control sequence at the end of the top line
of your error message was never \def'ed. If you have
misspelled it (e.g., `\hobx'), type `I' and the correct
spelling (e.g., `I\hbox'). Otherwise just continue,
and I'll forget about whatever was undefined.

! Missing number, treated as zero.
<to be read again> 
                   \global 
l.21 \end{table}
                
A number should have been here; I inserted `0'.
(If you can't figure out why I needed to see a number,
look up `weird error' in the index to The TeXbook.)

! Undefined control sequence.
\@addmarginpar ...marbox \global \setbox \@marbox 
                                                  \vbox {\vskip \@tempdima \...
l.21 \end{table}
                
The control sequence at the end of the top line
of your error message was never \def'ed. If you have
misspelled it (e.g., `\hobx'), type `I' and the correct
spelling (e.g., `I\hbox'). Otherwise just continue,
and I'll forget about whatever was undefined.

! Missing number, treated as zero.
<to be read again> 
                   \vbox 
l.21 \end{table}
                
A number should have been here; I inserted `0'.
(If you can't figure out why I needed to see a number,
look up `weird error' in the index to The TeXbook.)

! Undefined control sequence.
\@addmarginpar ...\vskip \@tempdima \box \@marbox 
                                                  }\global \ht \@marbox \z@ ...
l.21 \end{table}
                
The control sequence at the end of the top line
of your error message was never \def'ed. If you have
misspelled it (e.g., `\hobx'), type `I' and the correct
spelling (e.g., `I\hbox'). Otherwise just continue,
and I'll forget about whatever was undefined.

! Missing number, treated as zero.
<to be read again> 
                   }
l.21 \end{table}
                
A number should have been here; I inserted `0'.
(If you can't figure out why I needed to see a number,
look up `weird error' in the index to The TeXbook.)

! Undefined control sequence.
\@addmarginpar ... \@marbox }\global \ht \@marbox 
                                                  \z@ \global \dp \@marbox \...
l.21 \end{table}
                
The control sequence at the end of the top line
of your error message was never \def'ed. If you have
misspelled it (e.g., `\hobx'), type `I' and the correct
spelling (e.g., `I\hbox'). Otherwise just continue,
and I'll forget about whatever was undefined.

! Missing number, treated as zero.
<to be read again> 
                   \global 
l.21 \end{table}
                
A number should have been here; I inserted `0'.
(If you can't figure out why I needed to see a number,
look up `weird error' in the index to The TeXbook.)

! Illegal unit of measure (pt inserted).
<to be read again> 
                   \global 
l.21 \end{table}
                
Dimensions can be in units of em, ex, in, pt, pc,
cm, mm, dd, cc, nd, nc, bp, or sp; but yours is a new one!
I'll assume that you meant to say pt, for printer's points.
To recover gracefully from this error, it's best to
delete the erroneous units; e.g., type `2' to delete
two letters. (See Chapter 27 of The TeXbook.)

! Undefined control sequence.
\@addmarginpar ...marbox \z@ \global \dp \@marbox 
                                                  \z@ \kern -\@pagedp \noint...
l.21 \end{table}
                
The control sequence at the end of the top line
of your error message was never \def'ed. If you have
misspelled it (e.g., `\hobx'), type `I' and the correct
spelling (e.g., `I\hbox'). Otherwise just continue,
and I'll forget about whatever was undefined.

! Missing number, treated as zero.
<to be read again> 
                   \kern 
l.21 \end{table}
                
A number should have been here; I inserted `0'.
(If you can't figure out why I needed to see a number,
look up `weird error' in the index to The TeXbook.)

! Illegal unit of measure (pt inserted).
<to be read again> 
                   \kern 
l.21 \end{table}
                
Dimensions can be in units of em, ex, in, pt, pc,
cm, mm, dd, cc, nd, nc, bp, or sp; but yours is a new one!
I'll assume that you meant to say pt, for printer's points.
To recover gracefully from this error, it's best to
delete the erroneous units; e.g., type `2' to delete
two letters. (See Chapter 27 of The TeXbook.)

! Undefined control sequence.
\@addmarginpar ...arginparwidth \fi \box \@marbox 
                                                  \hss }\nointerlineskip \hb...
l.21 \end{table}
                
The control sequence at the end of the top line
of your error message was never \def'ed. If you have
misspelled it (e.g., `\hobx'), type `I' and the correct
spelling (e.g., `I\hbox'). Otherwise just continue,
and I'll forget about whatever was undefined.

! Missing number, treated as zero.
<to be read again> 
                   \hss 
l.21 \end{table}
                
A number should have been here; I inserted `0'.
(If you can't figure out why I needed to see a number,
look up `weird error' in the index to The TeXbook.)


! LaTeX Error: Too many unprocessed floats.

See the LaTeX manual or LaTeX Companion for explanation.
Type  H <return>  for immediate help.
 ...                                              
                                                  
l.22 \begin{table}[H]
                     
You've lost some text.  Try typing  <return>  to proceed.
If that doesn't work, type  X <return>  to quit.

! Undefined control sequence.
\@float@Hx ...ltovf \fi \global \setbox \@currbox 
                                                  \color@vbox \normalcolor \...
l.22 \begin{table}[H]
                     
The control sequence at the end of the top line
of your error message was never \def'ed. If you have
misspelled it (e.g., `\hobx'), type `I' and the correct
spelling (e.g., `I\hbox'). Otherwise just continue,
and I'll forget about whatever was undefined.

! Missing number, treated as zero.
<to be read again> 
                   \vbox 
l.22 \begin{table}[H]
                     
A number should have been here; I inserted `0'.
(If you can't figure out why I needed to see a number,
look up `weird error' in the index to The TeXbook.)

! Undefined control sequence.
\@largefloatcheck ->\ifdim \ht \@currbox 
                                         >\textheight \@tempdima -\textheigh...
l.47 \end{table}
                
The control sequence at the end of the top line
of your error message was never \def'ed. If you have
misspelled it (e.g., `\hobx'), type `I' and the correct
spelling (e.g., `I\hbox'). Otherwise just continue,
and I'll forget about whatever was undefined.

! Missing number, treated as zero.
<to be read again> 
                   >
l.47 \end{table}
                
A number should have been here; I inserted `0'.
(If you can't figure out why I needed to see a number,
look up `weird error' in the index to The TeXbook.)

! Undefined control sequence.
<argument> \@currbox 
                     
l.47 \end{table}
                
The control sequence at the end of the top line
of your error message was never \def'ed. If you have
misspelled it (e.g., `\hobx'), type `I' and the correct
spelling (e.g., `I\hbox'). Otherwise just continue,
and I'll forget about whatever was undefined.

! Argument of \@xnext has an extra }.
<inserted text> 
                \par 
l.47 \end{table}
                
I've run across a `}' that doesn't seem to match anything.
For example, `\def\a#1{...}' and `\a}' would produce
this error. If you simply proceed now, the `\par' that
I've just inserted will cause me to report a runaway
argument that might be the root of the problem. But if
your `}' was spurious, just type `2' and it will go away.

Runaway argument?
\@currbox \@currlist \ifnum \count \@currbox >\z@ \advance \@pageht \@pagedp \ETC.
! Paragraph ended before \@xnext was complete.
<to be read again> 
                   \par 
l.47 \end{table}
                
I suspect you've forgotten a `}', causing me to apply this
control sequence to too much text. How can we recover?
My plan is to forget the whole thing and hope for the best.

! Extra \else.
\end@float ...pdima \penalty \@floatpenalty \else 
                                                  \vadjust {\penalty -\@Miv ...
l.47 \end{table}
                
I'm ignoring this; it doesn't match any \if.

! You can't use `\vadjust' in vertical mode.
\end@float ...nalty \@floatpenalty \else \vadjust 
                                                  {\penalty -\@Miv \vbox {}\...
l.47 \end{table}
                
Sorry, but I'm not programmed to handle this case;
I'll just pretend that you didn't ask for it.
If you're in the wrong mode, you might be able to
return to the right one by typing `I}' or `I$' or `I\par'.

! Argument of \@xnext has an extra }.
<inserted text> 
                \par 
l.47 \end{table}
                
I've run across a `}' that doesn't seem to match anything.
For example, `\def\a#1{...}' and `\a}' would produce
this error. If you simply proceed now, the `\par' that
I've just inserted will cause me to report a runaway
argument that might be the root of the problem. But if
your `}' was spurious, just type `2' and it will go away.

Runaway argument?
\@currbox \@currlist \ifnum \count \@currbox >\z@ \advance \@pageht \@pagedp \ETC.
! Paragraph ended before \@xnext was complete.
<to be read again> 
                   \par 
l.47 \end{table}
                
I suspect you've forgotten a `}', causing me to apply this
control sequence to too much text. How can we recover?
My plan is to forget the whole thing and hope for the best.


! LaTeX Error: Too many unprocessed floats.

See the LaTeX manual or LaTeX Companion for explanation.
Type  H <return>  for immediate help.
 ...                                              
                                                  
l.48 \begin{table}[H]
                     
You've lost some text.  Try typing  <return>  to proceed.
If that doesn't work, type  X <return>  to quit.

! Undefined control sequence.
\@float@Hx ...ltovf \fi \global \setbox \@currbox 
                                                  \color@vbox \normalcolor \...
l.48 \begin{table}[H]
                     
The control sequence at the end of the top line
of your error message was never \def'ed. If you have
misspelled it (e.g., `\hobx'), type `I' and the correct
spelling (e.g., `I\hbox'). Otherwise just continue,
and I'll forget about whatever was undefined.

! Missing number, treated as zero.
<to be read again> 
                   \vbox 
l.48 \begin{table}[H]
                     
A number should have been here; I inserted `0'.
(If you can't figure out why I needed to see a number,
look up `weird error' in the index to The TeXbook.)

! Undefined control sequence.
\@largefloatcheck ->\ifdim \ht \@currbox 
                                         >\textheight \@tempdima -\textheigh...
l.73 \end{table}
                
The control sequence at the end of the top line
of your error message was never \def'ed. If you have
misspelled it (e.g., `\hobx'), type `I' and the correct
spelling (e.g., `I\hbox'). Otherwise just continue,
and I'll forget about whatever was undefined.

! Missing number, treated as zero.
<to be read again> 
                   >
l.73 \end{table}
                
A number should have been here; I inserted `0'.
(If you can't figure out why I needed to see a number,
look up `weird error' in the index to The TeXbook.)

! Undefined control sequence.
<argument> \@currbox 
                     
l.73 \end{table}
                
The control sequence at the end of the top line
of your error message was never \def'ed. If you have
misspelled it (e.g., `\hobx'), type `I' and the correct
spelling (e.g., `I\hbox'). Otherwise just continue,
and I'll forget about whatever was undefined.

! Missing number, treated as zero.
<to be read again> 
                   \@elt 
l.73 \end{table}
                
A number should have been here; I inserted `0'.
(If you can't figure out why I needed to see a number,
look up `weird error' in the index to The TeXbook.)

! Missing = inserted for \ifnum.
<to be read again> 
                   \@elt 
l.73 \end{table}
                
I was expecting to see `<', `=', or `>'. Didn't.

! Missing number, treated as zero.
<to be read again> 
                   \@elt 
l.73 \end{table}
                
A number should have been here; I inserted `0'.
(If you can't figure out why I needed to see a number,
look up `weird error' in the index to The TeXbook.)


! LaTeX Error: This may be a LaTeX bug.

See the LaTeX manual or LaTeX Companion for explanation.
Type  H <return>  for immediate help.
 ...                                              
                                                  
l.73 \end{table}
                
Call for help

! Undefined control sequence.
\@addmarginpar ...advance \@tempdima \ht \@marbox 
                                                  \ifdim \@tempdima >\z@ \@l...
l.73 \end{table}
                
The control sequence at the end of the top line
of your error message was never \def'ed. If you have
misspelled it (e.g., `\hobx'), type `I' and the correct
spelling (e.g., `I\hbox'). Otherwise just continue,
and I'll forget about whatever was undefined.

! Missing number, treated as zero.
<to be read again> 
                   \protect 
l.73 \end{table}
                
A number should have been here; I inserted `0'.
(If you can't figure out why I needed to see a number,
look up `weird error' in the index to The TeXbook.)


LaTeX Warning: Marginpar on page 8 moved.

! Undefined control sequence.
\@addmarginpar ...vance \@mparbottom \dp \@marbox 
                                                  \global \advance \@mparbot...
l.73 \end{table}
                
The control sequence at the end of the top line
of your error message was never \def'ed. If you have
misspelled it (e.g., `\hobx'), type `I' and the correct
spelling (e.g., `I\hbox'). Otherwise just continue,
and I'll forget about whatever was undefined.

! Missing number, treated as zero.
<to be read again> 
                   \global 
l.73 \end{table}
                
A number should have been here; I inserted `0'.
(If you can't figure out why I needed to see a number,
look up `weird error' in the index to The TeXbook.)

! Undefined control sequence.
\@addmarginpar ...dvance \@tempdima -\ht \@marbox 
                                                  \global \setbox \@marbox \...
l.73 \end{table}
                
The control sequence at the end of the top line
of your error message was never \def'ed. If you have
misspelled it (e.g., `\hobx'), type `I' and the correct
spelling (e.g., `I\hbox'). Otherwise just continue,
and I'll forget about whatever was undefined.

! Missing number, treated as zero.
<to be read again> 
                   \global 
l.73 \end{table}
                
A number should have been here; I inserted `0'.
(If you can't figure out why I needed to see a number,
look up `weird error' in the index to The TeXbook.)

! Undefined control sequence.
\@addmarginpar ...marbox \global \setbox \@marbox 
                                                  \vbox {\vskip \@tempdima \...
l.73 \end{table}
                
The control sequence at the end of the top line
of your error message was never \def'ed. If you have
misspelled it (e.g., `\hobx'), type `I' and the correct
spelling (e.g., `I\hbox'). Otherwise just continue,
and I'll forget about whatever was undefined.

! Missing number, treated as zero.
<to be read again> 
                   \vbox 
l.73 \end{table}
                
A number should have been here; I inserted `0'.
(If you can't figure out why I needed to see a number,
look up `weird error' in the index to The TeXbook.)

! Undefined control sequence.
\@addmarginpar ...\vskip \@tempdima \box \@marbox 
                                                  }\global \ht \@marbox \z@ ...
l.73 \end{table}
                
The control sequence at the end of the top line
of your error message was never \def'ed. If you have
misspelled it (e.g., `\hobx'), type `I' and the correct
spelling (e.g., `I\hbox'). Otherwise just continue,
and I'll forget about whatever was undefined.

! Missing number, treated as zero.
<to be read again> 
                   }
l.73 \end{table}
                
A number should have been here; I inserted `0'.
(If you can't figure out why I needed to see a number,
look up `weird error' in the index to The TeXbook.)

! Undefined control sequence.
\@addmarginpar ... \@marbox }\global \ht \@marbox 
                                                  \z@ \global \dp \@marbox \...
l.73 \end{table}
                
The control sequence at the end of the top line
of your error message was never \def'ed. If you have
misspelled it (e.g., `\hobx'), type `I' and the correct
spelling (e.g., `I\hbox'). Otherwise just continue,
and I'll forget about whatever was undefined.

! Missing number, treated as zero.
<to be read again> 
                   \global 
l.73 \end{table}
                
A number should have been here; I inserted `0'.
(If you can't figure out why I needed to see a number,
look up `weird error' in the index to The TeXbook.)

! Illegal unit of measure (pt inserted).
<to be read again> 
                   \global 
l.73 \end{table}
                
Dimensions can be in units of em, ex, in, pt, pc,
cm, mm, dd, cc, nd, nc, bp, or sp; but yours is a new one!
I'll assume that you meant to say pt, for printer's points.
To recover gracefully from this error, it's best to
delete the erroneous units; e.g., type `2' to delete
two letters. (See Chapter 27 of The TeXbook.)

! Undefined control sequence.
\@addmarginpar ...marbox \z@ \global \dp \@marbox 
                                                  \z@ \kern -\@pagedp \noint...
l.73 \end{table}
                
The control sequence at the end of the top line
of your error message was never \def'ed. If you have
misspelled it (e.g., `\hobx'), type `I' and the correct
spelling (e.g., `I\hbox'). Otherwise just continue,
and I'll forget about whatever was undefined.

! Missing number, treated as zero.
<to be read again> 
                   \kern 
l.73 \end{table}
                
A number should have been here; I inserted `0'.
(If you can't figure out why I needed to see a number,
look up `weird error' in the index to The TeXbook.)

! Illegal unit of measure (pt inserted).
<to be read again> 
                   \kern 
l.73 \end{table}
                
Dimensions can be in units of em, ex, in, pt, pc,
cm, mm, dd, cc, nd, nc, bp, or sp; but yours is a new one!
I'll assume that you meant to say pt, for printer's points.
To recover gracefully from this error, it's best to
delete the erroneous units; e.g., type `2' to delete
two letters. (See Chapter 27 of The TeXbook.)

! Undefined control sequence.
\@addmarginpar ...arginparwidth \fi \box \@marbox 
                                                  \hss }\nointerlineskip \hb...
l.73 \end{table}
                
The control sequence at the end of the top line
of your error message was never \def'ed. If you have
misspelled it (e.g., `\hobx'), type `I' and the correct
spelling (e.g., `I\hbox'). Otherwise just continue,
and I'll forget about whatever was undefined.

! Missing number, treated as zero.
<to be read again> 
                   \hss 
l.73 \end{table}
                
A number should have been here; I inserted `0'.
(If you can't figure out why I needed to see a number,
look up `weird error' in the index to The TeXbook.)


! LaTeX Error: Too many unprocessed floats.

See the LaTeX manual or LaTeX Companion for explanation.
Type  H <return>  for immediate help.
 ...                                              
                                                  
l.74 \begin{table}[H]
                     
You've lost some text.  Try typing  <return>  to proceed.
If that doesn't work, type  X <return>  to quit.

! Undefined control sequence.
\@float@Hx ...ltovf \fi \global \setbox \@currbox 
                                                  \color@vbox \normalcolor \...
l.74 \begin{table}[H]
                     
The control sequence at the end of the top line
of your error message was never \def'ed. If you have
misspelled it (e.g., `\hobx'), type `I' and the correct
spelling (e.g., `I\hbox'). Otherwise just continue,
and I'll forget about whatever was undefined.

! Missing number, treated as zero.
<to be read again> 
                   \vbox 
l.74 \begin{table}[H]
                     
A number should have been here; I inserted `0'.
(If you can't figure out why I needed to see a number,
look up `weird error' in the index to The TeXbook.)

! Undefined control sequence.
\@largefloatcheck ->\ifdim \ht \@currbox 
                                         >\textheight \@tempdima -\textheigh...
l.99 \end{table}
                
The control sequence at the end of the top line
of your error message was never \def'ed. If you have
misspelled it (e.g., `\hobx'), type `I' and the correct
spelling (e.g., `I\hbox'). Otherwise just continue,
and I'll forget about whatever was undefined.

! Missing number, treated as zero.
<to be read again> 
                   >
l.99 \end{table}
                
A number should have been here; I inserted `0'.
(If you can't figure out why I needed to see a number,
look up `weird error' in the index to The TeXbook.)

! Undefined control sequence.
<argument> \@currbox 
                     
l.99 \end{table}
                
The control sequence at the end of the top line
of your error message was never \def'ed. If you have
misspelled it (e.g., `\hobx'), type `I' and the correct
spelling (e.g., `I\hbox'). Otherwise just continue,
and I'll forget about whatever was undefined.

! Argument of \@xnext has an extra }.
<inserted text> 
                \par 
l.99 \end{table}
                
I've run across a `}' that doesn't seem to match anything.
For example, `\def\a#1{...}' and `\a}' would produce
this error. If you simply proceed now, the `\par' that
I've just inserted will cause me to report a runaway
argument that might be the root of the problem. But if
your `}' was spurious, just type `2' and it will go away.

Runaway argument?
\@currbox \@currlist \ifnum \count \@currbox >\z@ \advance \@pageht \@pagedp \ETC.
! Paragraph ended before \@xnext was complete.
<to be read again> 
                   \par 
l.99 \end{table}
                
I suspect you've forgotten a `}', causing me to apply this
control sequence to too much text. How can we recover?
My plan is to forget the whole thing and hope for the best.

! Extra \else.
\end@float ...pdima \penalty \@floatpenalty \else 
                                                  \vadjust {\penalty -\@Miv ...
l.99 \end{table}
                
I'm ignoring this; it doesn't match any \if.

! You can't use `\vadjust' in vertical mode.
\end@float ...nalty \@floatpenalty \else \vadjust 
                                                  {\penalty -\@Miv \vbox {}\...
l.99 \end{table}
                
Sorry, but I'm not programmed to handle this case;
I'll just pretend that you didn't ask for it.
If you're in the wrong mode, you might be able to
return to the right one by typing `I}' or `I$' or `I\par'.

! Argument of \@xnext has an extra }.
<inserted text> 
                \par 
l.99 \end{table}
                
I've run across a `}' that doesn't seem to match anything.
For example, `\def\a#1{...}' and `\a}' would produce
this error. If you simply proceed now, the `\par' that
I've just inserted will cause me to report a runaway
argument that might be the root of the problem. But if
your `}' was spurious, just type `2' and it will go away.

Runaway argument?
\@currbox \@currlist \ifnum \count \@currbox >\z@ \advance \@pageht \@pagedp \ETC.
! Paragraph ended before \@xnext was complete.
<to be read again> 
                   \par 
l.99 \end{table}
                
I suspect you've forgotten a `}', causing me to apply this
control sequence to too much text. How can we recover?
My plan is to forget the whole thing and hope for the best.

) (./results/small_classical_low_MNLConsidSet/results_table.tex

! LaTeX Error: Too many unprocessed floats.

See the LaTeX manual or LaTeX Companion for explanation.
Type  H <return>  for immediate help.
 ...                                              
                                                  
l.1 \begin{table}[H]
                    
You've lost some text.  Try typing  <return>  to proceed.
If that doesn't work, type  X <return>  to quit.

! Undefined control sequence.
\@float@Hx ...ltovf \fi \global \setbox \@currbox 
                                                  \color@vbox \normalcolor \...
l.1 \begin{table}[H]
                    
The control sequence at the end of the top line
of your error message was never \def'ed. If you have
misspelled it (e.g., `\hobx'), type `I' and the correct
spelling (e.g., `I\hbox'). Otherwise just continue,
and I'll forget about whatever was undefined.

! Missing number, treated as zero.
<to be read again> 
                   \vbox 
l.1 \begin{table}[H]
                    
A number should have been here; I inserted `0'.
(If you can't figure out why I needed to see a number,
look up `weird error' in the index to The TeXbook.)

! Undefined control sequence.
\@largefloatcheck ->\ifdim \ht \@currbox 
                                         >\textheight \@tempdima -\textheigh...
l.21 \end{table}
                
The control sequence at the end of the top line
of your error message was never \def'ed. If you have
misspelled it (e.g., `\hobx'), type `I' and the correct
spelling (e.g., `I\hbox'). Otherwise just continue,
and I'll forget about whatever was undefined.

! Missing number, treated as zero.
<to be read again> 
                   >
l.21 \end{table}
                
A number should have been here; I inserted `0'.
(If you can't figure out why I needed to see a number,
look up `weird error' in the index to The TeXbook.)

! Undefined control sequence.
<argument> \@currbox 
                     
l.21 \end{table}
                
The control sequence at the end of the top line
of your error message was never \def'ed. If you have
misspelled it (e.g., `\hobx'), type `I' and the correct
spelling (e.g., `I\hbox'). Otherwise just continue,
and I'll forget about whatever was undefined.

! Missing number, treated as zero.
<to be read again> 
                   \@elt 
l.21 \end{table}
                
A number should have been here; I inserted `0'.
(If you can't figure out why I needed to see a number,
look up `weird error' in the index to The TeXbook.)

! Missing = inserted for \ifnum.
<to be read again> 
                   \@elt 
l.21 \end{table}
                
I was expecting to see `<', `=', or `>'. Didn't.

! Missing number, treated as zero.
<to be read again> 
                   \@elt 
l.21 \end{table}
                
A number should have been here; I inserted `0'.
(If you can't figure out why I needed to see a number,
look up `weird error' in the index to The TeXbook.)


! LaTeX Error: This may be a LaTeX bug.

See the LaTeX manual or LaTeX Companion for explanation.
Type  H <return>  for immediate help.
 ...                                              
                                                  
l.21 \end{table}
                
Call for help

! Undefined control sequence.
\@addmarginpar ...advance \@tempdima \ht \@marbox 
                                                  \ifdim \@tempdima >\z@ \@l...
l.21 \end{table}
                
The control sequence at the end of the top line
of your error message was never \def'ed. If you have
misspelled it (e.g., `\hobx'), type `I' and the correct
spelling (e.g., `I\hbox'). Otherwise just continue,
and I'll forget about whatever was undefined.

! Missing number, treated as zero.
<to be read again> 
                   \protect 
l.21 \end{table}
                
A number should have been here; I inserted `0'.
(If you can't figure out why I needed to see a number,
look up `weird error' in the index to The TeXbook.)


LaTeX Warning: Marginpar on page 8 moved.

! Undefined control sequence.
\@addmarginpar ...vance \@mparbottom \dp \@marbox 
                                                  \global \advance \@mparbot...
l.21 \end{table}
                
The control sequence at the end of the top line
of your error message was never \def'ed. If you have
misspelled it (e.g., `\hobx'), type `I' and the correct
spelling (e.g., `I\hbox'). Otherwise just continue,
and I'll forget about whatever was undefined.

! Missing number, treated as zero.
<to be read again> 
                   \global 
l.21 \end{table}
                
A number should have been here; I inserted `0'.
(If you can't figure out why I needed to see a number,
look up `weird error' in the index to The TeXbook.)

! Undefined control sequence.
\@addmarginpar ...dvance \@tempdima -\ht \@marbox 
                                                  \global \setbox \@marbox \...
l.21 \end{table}
                
The control sequence at the end of the top line
of your error message was never \def'ed. If you have
misspelled it (e.g., `\hobx'), type `I' and the correct
spelling (e.g., `I\hbox'). Otherwise just continue,
and I'll forget about whatever was undefined.

! Missing number, treated as zero.
<to be read again> 
                   \global 
l.21 \end{table}
                
A number should have been here; I inserted `0'.
(If you can't figure out why I needed to see a number,
look up `weird error' in the index to The TeXbook.)

! Undefined control sequence.
\@addmarginpar ...marbox \global \setbox \@marbox 
                                                  \vbox {\vskip \@tempdima \...
l.21 \end{table}
                
The control sequence at the end of the top line
of your error message was never \def'ed. If you have
misspelled it (e.g., `\hobx'), type `I' and the correct
spelling (e.g., `I\hbox'). Otherwise just continue,
and I'll forget about whatever was undefined.

! Missing number, treated as zero.
<to be read again> 
                   \vbox 
l.21 \end{table}
                
A number should have been here; I inserted `0'.
(If you can't figure out why I needed to see a number,
look up `weird error' in the index to The TeXbook.)

! Undefined control sequence.
\@addmarginpar ...\vskip \@tempdima \box \@marbox 
                                                  }\global \ht \@marbox \z@ ...
l.21 \end{table}
                
The control sequence at the end of the top line
of your error message was never \def'ed. If you have
misspelled it (e.g., `\hobx'), type `I' and the correct
spelling (e.g., `I\hbox'). Otherwise just continue,
and I'll forget about whatever was undefined.

! Missing number, treated as zero.
<to be read again> 
                   }
l.21 \end{table}
                
A number should have been here; I inserted `0'.
(If you can't figure out why I needed to see a number,
look up `weird error' in the index to The TeXbook.)

! Undefined control sequence.
\@addmarginpar ... \@marbox }\global \ht \@marbox 
                                                  \z@ \global \dp \@marbox \...
l.21 \end{table}
                
The control sequence at the end of the top line
of your error message was never \def'ed. If you have
misspelled it (e.g., `\hobx'), type `I' and the correct
spelling (e.g., `I\hbox'). Otherwise just continue,
and I'll forget about whatever was undefined.

! Missing number, treated as zero.
<to be read again> 
                   \global 
l.21 \end{table}
                
A number should have been here; I inserted `0'.
(If you can't figure out why I needed to see a number,
look up `weird error' in the index to The TeXbook.)

! Illegal unit of measure (pt inserted).
<to be read again> 
                   \global 
l.21 \end{table}
                
Dimensions can be in units of em, ex, in, pt, pc,
cm, mm, dd, cc, nd, nc, bp, or sp; but yours is a new one!
I'll assume that you meant to say pt, for printer's points.
To recover gracefully from this error, it's best to
delete the erroneous units; e.g., type `2' to delete
two letters. (See Chapter 27 of The TeXbook.)

! Undefined control sequence.
\@addmarginpar ...marbox \z@ \global \dp \@marbox 
                                                  \z@ \kern -\@pagedp \noint...
l.21 \end{table}
                
The control sequence at the end of the top line
of your error message was never \def'ed. If you have
misspelled it (e.g., `\hobx'), type `I' and the correct
spelling (e.g., `I\hbox'). Otherwise just continue,
and I'll forget about whatever was undefined.

! Missing number, treated as zero.
<to be read again> 
                   \kern 
l.21 \end{table}
                
A number should have been here; I inserted `0'.
(If you can't figure out why I needed to see a number,
look up `weird error' in the index to The TeXbook.)

! Illegal unit of measure (pt inserted).
<to be read again> 
                   \kern 
l.21 \end{table}
                
Dimensions can be in units of em, ex, in, pt, pc,
cm, mm, dd, cc, nd, nc, bp, or sp; but yours is a new one!
I'll assume that you meant to say pt, for printer's points.
To recover gracefully from this error, it's best to
delete the erroneous units; e.g., type `2' to delete
two letters. (See Chapter 27 of The TeXbook.)

! Undefined control sequence.
\@addmarginpar ...arginparwidth \fi \box \@marbox 
                                                  \hss }\nointerlineskip \hb...
l.21 \end{table}
                
The control sequence at the end of the top line
of your error message was never \def'ed. If you have
misspelled it (e.g., `\hobx'), type `I' and the correct
spelling (e.g., `I\hbox'). Otherwise just continue,
and I'll forget about whatever was undefined.

! Missing number, treated as zero.
<to be read again> 
                   \hss 
l.21 \end{table}
                
A number should have been here; I inserted `0'.
(If you can't figure out why I needed to see a number,
look up `weird error' in the index to The TeXbook.)


! LaTeX Error: Too many unprocessed floats.

See the LaTeX manual or LaTeX Companion for explanation.
Type  H <return>  for immediate help.
 ...                                              
                                                  
l.22 \begin{table}[H]
                     
You've lost some text.  Try typing  <return>  to proceed.
If that doesn't work, type  X <return>  to quit.

! Undefined control sequence.
\@float@Hx ...ltovf \fi \global \setbox \@currbox 
                                                  \color@vbox \normalcolor \...
l.22 \begin{table}[H]
                     
The control sequence at the end of the top line
of your error message was never \def'ed. If you have
misspelled it (e.g., `\hobx'), type `I' and the correct
spelling (e.g., `I\hbox'). Otherwise just continue,
and I'll forget about whatever was undefined.

! Missing number, treated as zero.
<to be read again> 
                   \vbox 
l.22 \begin{table}[H]
                     
A number should have been here; I inserted `0'.
(If you can't figure out why I needed to see a number,
look up `weird error' in the index to The TeXbook.)

! Undefined control sequence.
\@largefloatcheck ->\ifdim \ht \@currbox 
                                         >\textheight \@tempdima -\textheigh...
l.46 \end{table}
                
The control sequence at the end of the top line
of your error message was never \def'ed. If you have
misspelled it (e.g., `\hobx'), type `I' and the correct
spelling (e.g., `I\hbox'). Otherwise just continue,
and I'll forget about whatever was undefined.

! Missing number, treated as zero.
<to be read again> 
                   >
l.46 \end{table}
                
A number should have been here; I inserted `0'.
(If you can't figure out why I needed to see a number,
look up `weird error' in the index to The TeXbook.)

! Undefined control sequence.
<argument> \@currbox 
                     
l.46 \end{table}
                
The control sequence at the end of the top line
of your error message was never \def'ed. If you have
misspelled it (e.g., `\hobx'), type `I' and the correct
spelling (e.g., `I\hbox'). Otherwise just continue,
and I'll forget about whatever was undefined.

! Argument of \@xnext has an extra }.
<inserted text> 
                \par 
l.46 \end{table}
                
I've run across a `}' that doesn't seem to match anything.
For example, `\def\a#1{...}' and `\a}' would produce
this error. If you simply proceed now, the `\par' that
I've just inserted will cause me to report a runaway
argument that might be the root of the problem. But if
your `}' was spurious, just type `2' and it will go away.

Runaway argument?
\@currbox \@currlist \ifnum \count \@currbox >\z@ \advance \@pageht \@pagedp \ETC.
! Paragraph ended before \@xnext was complete.
<to be read again> 
                   \par 
l.46 \end{table}
                
I suspect you've forgotten a `}', causing me to apply this
control sequence to too much text. How can we recover?
My plan is to forget the whole thing and hope for the best.

! Extra \else.
\end@float ...pdima \penalty \@floatpenalty \else 
                                                  \vadjust {\penalty -\@Miv ...
l.46 \end{table}
                
I'm ignoring this; it doesn't match any \if.

! You can't use `\vadjust' in vertical mode.
\end@float ...nalty \@floatpenalty \else \vadjust 
                                                  {\penalty -\@Miv \vbox {}\...
l.46 \end{table}
                
Sorry, but I'm not programmed to handle this case;
I'll just pretend that you didn't ask for it.
If you're in the wrong mode, you might be able to
return to the right one by typing `I}' or `I$' or `I\par'.

! Argument of \@xnext has an extra }.
<inserted text> 
                \par 
l.46 \end{table}
                
I've run across a `}' that doesn't seem to match anything.
For example, `\def\a#1{...}' and `\a}' would produce
this error. If you simply proceed now, the `\par' that
I've just inserted will cause me to report a runaway
argument that might be the root of the problem. But if
your `}' was spurious, just type `2' and it will go away.

Runaway argument?
\@currbox \@currlist \ifnum \count \@currbox >\z@ \advance \@pageht \@pagedp \ETC.
! Paragraph ended before \@xnext was complete.
<to be read again> 
                   \par 
l.46 \end{table}
                
I suspect you've forgotten a `}', causing me to apply this
control sequence to too much text. How can we recover?
My plan is to forget the whole thing and hope for the best.


! LaTeX Error: Too many unprocessed floats.

See the LaTeX manual or LaTeX Companion for explanation.
Type  H <return>  for immediate help.
 ...                                              
                                                  
l.47 \begin{table}[H]
                     
You've lost some text.  Try typing  <return>  to proceed.
If that doesn't work, type  X <return>  to quit.

! Undefined control sequence.
\@float@Hx ...ltovf \fi \global \setbox \@currbox 
                                                  \color@vbox \normalcolor \...
l.47 \begin{table}[H]
                     
The control sequence at the end of the top line
of your error message was never \def'ed. If you have
misspelled it (e.g., `\hobx'), type `I' and the correct
spelling (e.g., `I\hbox'). Otherwise just continue,
and I'll forget about whatever was undefined.

! Missing number, treated as zero.
<to be read again> 
                   \vbox 
l.47 \begin{table}[H]
                     
A number should have been here; I inserted `0'.
(If you can't figure out why I needed to see a number,
look up `weird error' in the index to The TeXbook.)

! Undefined control sequence.
\@largefloatcheck ->\ifdim \ht \@currbox 
                                         >\textheight \@tempdima -\textheigh...
l.71 \end{table}
                
The control sequence at the end of the top line
of your error message was never \def'ed. If you have
misspelled it (e.g., `\hobx'), type `I' and the correct
spelling (e.g., `I\hbox'). Otherwise just continue,
and I'll forget about whatever was undefined.

! Missing number, treated as zero.
<to be read again> 
                   >
l.71 \end{table}
                
A number should have been here; I inserted `0'.
(If you can't figure out why I needed to see a number,
look up `weird error' in the index to The TeXbook.)

! Undefined control sequence.
<argument> \@currbox 
                     
l.71 \end{table}
                
The control sequence at the end of the top line
of your error message was never \def'ed. If you have
misspelled it (e.g., `\hobx'), type `I' and the correct
spelling (e.g., `I\hbox'). Otherwise just continue,
and I'll forget about whatever was undefined.

! Missing number, treated as zero.
<to be read again> 
                   \@elt 
l.71 \end{table}
                
A number should have been here; I inserted `0'.
(If you can't figure out why I needed to see a number,
look up `weird error' in the index to The TeXbook.)

! Missing = inserted for \ifnum.
<to be read again> 
                   \@elt 
l.71 \end{table}
                
I was expecting to see `<', `=', or `>'. Didn't.

! Missing number, treated as zero.
<to be read again> 
                   \@elt 
l.71 \end{table}
                
A number should have been here; I inserted `0'.
(If you can't figure out why I needed to see a number,
look up `weird error' in the index to The TeXbook.)


! LaTeX Error: This may be a LaTeX bug.

See the LaTeX manual or LaTeX Companion for explanation.
Type  H <return>  for immediate help.
 ...                                              
                                                  
l.71 \end{table}
                
Call for help

! Undefined control sequence.
\@addmarginpar ...advance \@tempdima \ht \@marbox 
                                                  \ifdim \@tempdima >\z@ \@l...
l.71 \end{table}
                
The control sequence at the end of the top line
of your error message was never \def'ed. If you have
misspelled it (e.g., `\hobx'), type `I' and the correct
spelling (e.g., `I\hbox'). Otherwise just continue,
and I'll forget about whatever was undefined.

! Missing number, treated as zero.
<to be read again> 
                   \protect 
l.71 \end{table}
                
A number should have been here; I inserted `0'.
(If you can't figure out why I needed to see a number,
look up `weird error' in the index to The TeXbook.)


LaTeX Warning: Marginpar on page 8 moved.

! Undefined control sequence.
\@addmarginpar ...vance \@mparbottom \dp \@marbox 
                                                  \global \advance \@mparbot...
l.71 \end{table}
                
The control sequence at the end of the top line
of your error message was never \def'ed. If you have
misspelled it (e.g., `\hobx'), type `I' and the correct
spelling (e.g., `I\hbox'). Otherwise just continue,
and I'll forget about whatever was undefined.

! Missing number, treated as zero.
<to be read again> 
                   \global 
l.71 \end{table}
                
A number should have been here; I inserted `0'.
(If you can't figure out why I needed to see a number,
look up `weird error' in the index to The TeXbook.)

! Undefined control sequence.
\@addmarginpar ...dvance \@tempdima -\ht \@marbox 
                                                  \global \setbox \@marbox \...
l.71 \end{table}
                
The control sequence at the end of the top line
of your error message was never \def'ed. If you have
misspelled it (e.g., `\hobx'), type `I' and the correct
spelling (e.g., `I\hbox'). Otherwise just continue,
and I'll forget about whatever was undefined.

! Missing number, treated as zero.
<to be read again> 
                   \global 
l.71 \end{table}
                
A number should have been here; I inserted `0'.
(If you can't figure out why I needed to see a number,
look up `weird error' in the index to The TeXbook.)

! Undefined control sequence.
\@addmarginpar ...marbox \global \setbox \@marbox 
                                                  \vbox {\vskip \@tempdima \...
l.71 \end{table}
                
The control sequence at the end of the top line
of your error message was never \def'ed. If you have
misspelled it (e.g., `\hobx'), type `I' and the correct
spelling (e.g., `I\hbox'). Otherwise just continue,
and I'll forget about whatever was undefined.

! Missing number, treated as zero.
<to be read again> 
                   \vbox 
l.71 \end{table}
                
A number should have been here; I inserted `0'.
(If you can't figure out why I needed to see a number,
look up `weird error' in the index to The TeXbook.)

! Undefined control sequence.
\@addmarginpar ...\vskip \@tempdima \box \@marbox 
                                                  }\global \ht \@marbox \z@ ...
l.71 \end{table}
                
The control sequence at the end of the top line
of your error message was never \def'ed. If you have
misspelled it (e.g., `\hobx'), type `I' and the correct
spelling (e.g., `I\hbox'). Otherwise just continue,
and I'll forget about whatever was undefined.

! Missing number, treated as zero.
<to be read again> 
                   }
l.71 \end{table}
                
A number should have been here; I inserted `0'.
(If you can't figure out why I needed to see a number,
look up `weird error' in the index to The TeXbook.)

! Undefined control sequence.
\@addmarginpar ... \@marbox }\global \ht \@marbox 
                                                  \z@ \global \dp \@marbox \...
l.71 \end{table}
                
The control sequence at the end of the top line
of your error message was never \def'ed. If you have
misspelled it (e.g., `\hobx'), type `I' and the correct
spelling (e.g., `I\hbox'). Otherwise just continue,
and I'll forget about whatever was undefined.

! Missing number, treated as zero.
<to be read again> 
                   \global 
l.71 \end{table}
                
A number should have been here; I inserted `0'.
(If you can't figure out why I needed to see a number,
look up `weird error' in the index to The TeXbook.)

! Illegal unit of measure (pt inserted).
<to be read again> 
                   \global 
l.71 \end{table}
                
Dimensions can be in units of em, ex, in, pt, pc,
cm, mm, dd, cc, nd, nc, bp, or sp; but yours is a new one!
I'll assume that you meant to say pt, for printer's points.
To recover gracefully from this error, it's best to
delete the erroneous units; e.g., type `2' to delete
two letters. (See Chapter 27 of The TeXbook.)

! Undefined control sequence.
\@addmarginpar ...marbox \z@ \global \dp \@marbox 
                                                  \z@ \kern -\@pagedp \noint...
l.71 \end{table}
                
The control sequence at the end of the top line
of your error message was never \def'ed. If you have
misspelled it (e.g., `\hobx'), type `I' and the correct
spelling (e.g., `I\hbox'). Otherwise just continue,
and I'll forget about whatever was undefined.

! Missing number, treated as zero.
<to be read again> 
                   \kern 
l.71 \end{table}
                
A number should have been here; I inserted `0'.
(If you can't figure out why I needed to see a number,
look up `weird error' in the index to The TeXbook.)

! Illegal unit of measure (pt inserted).
<to be read again> 
                   \kern 
l.71 \end{table}
                
Dimensions can be in units of em, ex, in, pt, pc,
cm, mm, dd, cc, nd, nc, bp, or sp; but yours is a new one!
I'll assume that you meant to say pt, for printer's points.
To recover gracefully from this error, it's best to
delete the erroneous units; e.g., type `2' to delete
two letters. (See Chapter 27 of The TeXbook.)

! Undefined control sequence.
\@addmarginpar ...arginparwidth \fi \box \@marbox 
                                                  \hss }\nointerlineskip \hb...
l.71 \end{table}
                
The control sequence at the end of the top line
of your error message was never \def'ed. If you have
misspelled it (e.g., `\hobx'), type `I' and the correct
spelling (e.g., `I\hbox'). Otherwise just continue,
and I'll forget about whatever was undefined.

! Missing number, treated as zero.
<to be read again> 
                   \hss 
l.71 \end{table}
                
A number should have been here; I inserted `0'.
(If you can't figure out why I needed to see a number,
look up `weird error' in the index to The TeXbook.)


! LaTeX Error: Too many unprocessed floats.

See the LaTeX manual or LaTeX Companion for explanation.
Type  H <return>  for immediate help.
 ...                                              
                                                  
l.72 \begin{table}[H]
                     
You've lost some text.  Try typing  <return>  to proceed.
If that doesn't work, type  X <return>  to quit.

! Undefined control sequence.
\@float@Hx ...ltovf \fi \global \setbox \@currbox 
                                                  \color@vbox \normalcolor \...
l.72 \begin{table}[H]
                     
The control sequence at the end of the top line
of your error message was never \def'ed. If you have
misspelled it (e.g., `\hobx'), type `I' and the correct
spelling (e.g., `I\hbox'). Otherwise just continue,
and I'll forget about whatever was undefined.

! Missing number, treated as zero.
<to be read again> 
                   \vbox 
l.72 \begin{table}[H]
                     
A number should have been here; I inserted `0'.
(If you can't figure out why I needed to see a number,
look up `weird error' in the index to The TeXbook.)

! Undefined control sequence.
\@largefloatcheck ->\ifdim \ht \@currbox 
                                         >\textheight \@tempdima -\textheigh...
l.96 \end{table}
                
The control sequence at the end of the top line
of your error message was never \def'ed. If you have
misspelled it (e.g., `\hobx'), type `I' and the correct
spelling (e.g., `I\hbox'). Otherwise just continue,
and I'll forget about whatever was undefined.

! Missing number, treated as zero.
<to be read again> 
                   >
l.96 \end{table}
                
A number should have been here; I inserted `0'.
(If you can't figure out why I needed to see a number,
look up `weird error' in the index to The TeXbook.)

! Undefined control sequence.
<argument> \@currbox 
                     
l.96 \end{table}
                
The control sequence at the end of the top line
of your error message was never \def'ed. If you have
misspelled it (e.g., `\hobx'), type `I' and the correct
spelling (e.g., `I\hbox'). Otherwise just continue,
and I'll forget about whatever was undefined.

! Argument of \@xnext has an extra }.
<inserted text> 
                \par 
l.96 \end{table}
                
I've run across a `}' that doesn't seem to match anything.
For example, `\def\a#1{...}' and `\a}' would produce
this error. If you simply proceed now, the `\par' that
I've just inserted will cause me to report a runaway
argument that might be the root of the problem. But if
your `}' was spurious, just type `2' and it will go away.

Runaway argument?
\@currbox \@currlist \ifnum \count \@currbox >\z@ \advance \@pageht \@pagedp \ETC.
! Paragraph ended before \@xnext was complete.
<to be read again> 
                   \par 
l.96 \end{table}
                
I suspect you've forgotten a `}', causing me to apply this
control sequence to too much text. How can we recover?
My plan is to forget the whole thing and hope for the best.

! Extra \else.
\end@float ...pdima \penalty \@floatpenalty \else 
                                                  \vadjust {\penalty -\@Miv ...
l.96 \end{table}
                
I'm ignoring this; it doesn't match any \if.

! You can't use `\vadjust' in vertical mode.
\end@float ...nalty \@floatpenalty \else \vadjust 
                                                  {\penalty -\@Miv \vbox {}\...
l.96 \end{table}
                
Sorry, but I'm not programmed to handle this case;
I'll just pretend that you didn't ask for it.
If you're in the wrong mode, you might be able to
return to the right one by typing `I}' or `I$' or `I\par'.

! Argument of \@xnext has an extra }.
<inserted text> 
                \par 
l.96 \end{table}
                
I've run across a `}' that doesn't seem to match anything.
For example, `\def\a#1{...}' and `\a}' would produce
this error. If you simply proceed now, the `\par' that
I've just inserted will cause me to report a runaway
argument that might be the root of the problem. But if
your `}' was spurious, just type `2' and it will go away.

Runaway argument?
\@currbox \@currlist \ifnum \count \@currbox >\z@ \advance \@pageht \@pagedp \ETC.
! Paragraph ended before \@xnext was complete.
<to be read again> 
                   \par 
l.96 \end{table}
                
I suspect you've forgotten a `}', causing me to apply this
control sequence to too much text. How can we recover?
My plan is to forget the whole thing and hope for the best.


! LaTeX Error: Too many unprocessed floats.

See the LaTeX manual or LaTeX Companion for explanation.
Type  H <return>  for immediate help.
 ...                                              
                                                  
l.97 \begin{table}[H]
                     
You've lost some text.  Try typing  <return>  to proceed.
If that doesn't work, type  X <return>  to quit.

! Undefined control sequence.
\@float@Hx ...ltovf \fi \global \setbox \@currbox 
                                                  \color@vbox \normalcolor \...
l.97 \begin{table}[H]
                     
The control sequence at the end of the top line
of your error message was never \def'ed. If you have
misspelled it (e.g., `\hobx'), type `I' and the correct
spelling (e.g., `I\hbox'). Otherwise just continue,
and I'll forget about whatever was undefined.

! Missing number, treated as zero.
<to be read again> 
                   \vbox 
l.97 \begin{table}[H]
                     
A number should have been here; I inserted `0'.
(If you can't figure out why I needed to see a number,
look up `weird error' in the index to The TeXbook.)

! Undefined control sequence.
\@largefloatcheck ->\ifdim \ht \@currbox 
                                         >\textheight \@tempdima -\textheigh...
l.121 \end{table}
                 
The control sequence at the end of the top line
of your error message was never \def'ed. If you have
misspelled it (e.g., `\hobx'), type `I' and the correct
spelling (e.g., `I\hbox'). Otherwise just continue,
and I'll forget about whatever was undefined.

! Missing number, treated as zero.
<to be read again> 
                   >
l.121 \end{table}
                 
A number should have been here; I inserted `0'.
(If you can't figure out why I needed to see a number,
look up `weird error' in the index to The TeXbook.)

! Undefined control sequence.
<argument> \@currbox 
                     
l.121 \end{table}
                 
The control sequence at the end of the top line
of your error message was never \def'ed. If you have
misspelled it (e.g., `\hobx'), type `I' and the correct
spelling (e.g., `I\hbox'). Otherwise just continue,
and I'll forget about whatever was undefined.

! Missing number, treated as zero.
<to be read again> 
                   \@elt 
l.121 \end{table}
                 
A number should have been here; I inserted `0'.
(If you can't figure out why I needed to see a number,
look up `weird error' in the index to The TeXbook.)

! Missing = inserted for \ifnum.
<to be read again> 
                   \@elt 
l.121 \end{table}
                 
I was expecting to see `<', `=', or `>'. Didn't.

! Missing number, treated as zero.
<to be read again> 
                   \@elt 
l.121 \end{table}
                 
A number should have been here; I inserted `0'.
(If you can't figure out why I needed to see a number,
look up `weird error' in the index to The TeXbook.)


! LaTeX Error: This may be a LaTeX bug.

See the LaTeX manual or LaTeX Companion for explanation.
Type  H <return>  for immediate help.
 ...                                              
                                                  
l.121 \end{table}
                 
Call for help

! Undefined control sequence.
\@addmarginpar ...advance \@tempdima \ht \@marbox 
                                                  \ifdim \@tempdima >\z@ \@l...
l.121 \end{table}
                 
The control sequence at the end of the top line
of your error message was never \def'ed. If you have
misspelled it (e.g., `\hobx'), type `I' and the correct
spelling (e.g., `I\hbox'). Otherwise just continue,
and I'll forget about whatever was undefined.

! Missing number, treated as zero.
<to be read again> 
                   \protect 
l.121 \end{table}
                 
A number should have been here; I inserted `0'.
(If you can't figure out why I needed to see a number,
look up `weird error' in the index to The TeXbook.)


LaTeX Warning: Marginpar on page 8 moved.

! Undefined control sequence.
\@addmarginpar ...vance \@mparbottom \dp \@marbox 
                                                  \global \advance \@mparbot...
l.121 \end{table}
                 
The control sequence at the end of the top line
of your error message was never \def'ed. If you have
misspelled it (e.g., `\hobx'), type `I' and the correct
spelling (e.g., `I\hbox'). Otherwise just continue,
and I'll forget about whatever was undefined.

! Missing number, treated as zero.
<to be read again> 
                   \global 
l.121 \end{table}
                 
A number should have been here; I inserted `0'.
(If you can't figure out why I needed to see a number,
look up `weird error' in the index to The TeXbook.)

! Undefined control sequence.
\@addmarginpar ...dvance \@tempdima -\ht \@marbox 
                                                  \global \setbox \@marbox \...
l.121 \end{table}
                 
The control sequence at the end of the top line
of your error message was never \def'ed. If you have
misspelled it (e.g., `\hobx'), type `I' and the correct
spelling (e.g., `I\hbox'). Otherwise just continue,
and I'll forget about whatever was undefined.

! Missing number, treated as zero.
<to be read again> 
                   \global 
l.121 \end{table}
                 
A number should have been here; I inserted `0'.
(If you can't figure out why I needed to see a number,
look up `weird error' in the index to The TeXbook.)

! Undefined control sequence.
\@addmarginpar ...marbox \global \setbox \@marbox 
                                                  \vbox {\vskip \@tempdima \...
l.121 \end{table}
                 
The control sequence at the end of the top line
of your error message was never \def'ed. If you have
misspelled it (e.g., `\hobx'), type `I' and the correct
spelling (e.g., `I\hbox'). Otherwise just continue,
and I'll forget about whatever was undefined.

! Missing number, treated as zero.
<to be read again> 
                   \vbox 
l.121 \end{table}
                 
A number should have been here; I inserted `0'.
(If you can't figure out why I needed to see a number,
look up `weird error' in the index to The TeXbook.)

! Undefined control sequence.
\@addmarginpar ...\vskip \@tempdima \box \@marbox 
                                                  }\global \ht \@marbox \z@ ...
l.121 \end{table}
                 
The control sequence at the end of the top line
of your error message was never \def'ed. If you have
misspelled it (e.g., `\hobx'), type `I' and the correct
spelling (e.g., `I\hbox'). Otherwise just continue,
and I'll forget about whatever was undefined.

! Missing number, treated as zero.
<to be read again> 
                   }
l.121 \end{table}
                 
A number should have been here; I inserted `0'.
(If you can't figure out why I needed to see a number,
look up `weird error' in the index to The TeXbook.)

! Undefined control sequence.
\@addmarginpar ... \@marbox }\global \ht \@marbox 
                                                  \z@ \global \dp \@marbox \...
l.121 \end{table}
                 
The control sequence at the end of the top line
of your error message was never \def'ed. If you have
misspelled it (e.g., `\hobx'), type `I' and the correct
spelling (e.g., `I\hbox'). Otherwise just continue,
and I'll forget about whatever was undefined.

! Missing number, treated as zero.
<to be read again> 
                   \global 
l.121 \end{table}
                 
A number should have been here; I inserted `0'.
(If you can't figure out why I needed to see a number,
look up `weird error' in the index to The TeXbook.)

! Illegal unit of measure (pt inserted).
<to be read again> 
                   \global 
l.121 \end{table}
                 
Dimensions can be in units of em, ex, in, pt, pc,
cm, mm, dd, cc, nd, nc, bp, or sp; but yours is a new one!
I'll assume that you meant to say pt, for printer's points.
To recover gracefully from this error, it's best to
delete the erroneous units; e.g., type `2' to delete
two letters. (See Chapter 27 of The TeXbook.)

! Undefined control sequence.
\@addmarginpar ...marbox \z@ \global \dp \@marbox 
                                                  \z@ \kern -\@pagedp \noint...
l.121 \end{table}
                 
The control sequence at the end of the top line
of your error message was never \def'ed. If you have
misspelled it (e.g., `\hobx'), type `I' and the correct
spelling (e.g., `I\hbox'). Otherwise just continue,
and I'll forget about whatever was undefined.

! Missing number, treated as zero.
<to be read again> 
                   \kern 
l.121 \end{table}
                 
A number should have been here; I inserted `0'.
(If you can't figure out why I needed to see a number,
look up `weird error' in the index to The TeXbook.)

! Illegal unit of measure (pt inserted).
<to be read again> 
                   \kern 
l.121 \end{table}
                 
Dimensions can be in units of em, ex, in, pt, pc,
cm, mm, dd, cc, nd, nc, bp, or sp; but yours is a new one!
I'll assume that you meant to say pt, for printer's points.
To recover gracefully from this error, it's best to
delete the erroneous units; e.g., type `2' to delete
two letters. (See Chapter 27 of The TeXbook.)

! Undefined control sequence.
\@addmarginpar ...arginparwidth \fi \box \@marbox 
                                                  \hss }\nointerlineskip \hb...
l.121 \end{table}
                 
The control sequence at the end of the top line
of your error message was never \def'ed. If you have
misspelled it (e.g., `\hobx'), type `I' and the correct
spelling (e.g., `I\hbox'). Otherwise just continue,
and I'll forget about whatever was undefined.

! Missing number, treated as zero.
<to be read again> 
                   \hss 
l.121 \end{table}
                 
A number should have been here; I inserted `0'.
(If you can't figure out why I needed to see a number,
look up `weird error' in the index to The TeXbook.)

) (./results/small_classical_high_MNLConsidSet/results_table.tex

! LaTeX Error: Too many unprocessed floats.

See the LaTeX manual or LaTeX Companion for explanation.
Type  H <return>  for immediate help.
 ...                                              
                                                  
l.1 \begin{table}[H]
                    
You've lost some text.  Try typing  <return>  to proceed.
If that doesn't work, type  X <return>  to quit.

! Undefined control sequence.
\@float@Hx ...ltovf \fi \global \setbox \@currbox 
                                                  \color@vbox \normalcolor \...
l.1 \begin{table}[H]
                    
The control sequence at the end of the top line
of your error message was never \def'ed. If you have
misspelled it (e.g., `\hobx'), type `I' and the correct
spelling (e.g., `I\hbox'). Otherwise just continue,
and I'll forget about whatever was undefined.

! Missing number, treated as zero.
<to be read again> 
                   \vbox 
l.1 \begin{table}[H]
                    
A number should have been here; I inserted `0'.
(If you can't figure out why I needed to see a number,
look up `weird error' in the index to The TeXbook.)

! Undefined control sequence.
\@largefloatcheck ->\ifdim \ht \@currbox 
                                         >\textheight \@tempdima -\textheigh...
l.21 \end{table}
                
The control sequence at the end of the top line
of your error message was never \def'ed. If you have
misspelled it (e.g., `\hobx'), type `I' and the correct
spelling (e.g., `I\hbox'). Otherwise just continue,
and I'll forget about whatever was undefined.

! Missing number, treated as zero.
<to be read again> 
                   >
l.21 \end{table}
                
A number should have been here; I inserted `0'.
(If you can't figure out why I needed to see a number,
look up `weird error' in the index to The TeXbook.)

! Undefined control sequence.
<argument> \@currbox 
                     
l.21 \end{table}
                
The control sequence at the end of the top line
of your error message was never \def'ed. If you have
misspelled it (e.g., `\hobx'), type `I' and the correct
spelling (e.g., `I\hbox'). Otherwise just continue,
and I'll forget about whatever was undefined.

! Argument of \@xnext has an extra }.
<inserted text> 
                \par 
l.21 \end{table}
                
I've run across a `}' that doesn't seem to match anything.
For example, `\def\a#1{...}' and `\a}' would produce
this error. If you simply proceed now, the `\par' that
I've just inserted will cause me to report a runaway
argument that might be the root of the problem. But if
your `}' was spurious, just type `2' and it will go away.

Runaway argument?
\@currbox \@currlist \ifnum \count \@currbox >\z@ \advance \@pageht \@pagedp \ETC.
! Paragraph ended before \@xnext was complete.
<to be read again> 
                   \par 
l.21 \end{table}
                
I suspect you've forgotten a `}', causing me to apply this
control sequence to too much text. How can we recover?
My plan is to forget the whole thing and hope for the best.

! Extra \else.
\end@float ...pdima \penalty \@floatpenalty \else 
                                                  \vadjust {\penalty -\@Miv ...
l.21 \end{table}
                
I'm ignoring this; it doesn't match any \if.

! You can't use `\vadjust' in vertical mode.
\end@float ...nalty \@floatpenalty \else \vadjust 
                                                  {\penalty -\@Miv \vbox {}\...
l.21 \end{table}
                
Sorry, but I'm not programmed to handle this case;
I'll just pretend that you didn't ask for it.
If you're in the wrong mode, you might be able to
return to the right one by typing `I}' or `I$' or `I\par'.

! Argument of \@xnext has an extra }.
<inserted text> 
                \par 
l.21 \end{table}
                
I've run across a `}' that doesn't seem to match anything.
For example, `\def\a#1{...}' and `\a}' would produce
this error. If you simply proceed now, the `\par' that
I've just inserted will cause me to report a runaway
argument that might be the root of the problem. But if
your `}' was spurious, just type `2' and it will go away.

Runaway argument?
\@currbox \@currlist \ifnum \count \@currbox >\z@ \advance \@pageht \@pagedp \ETC.
! Paragraph ended before \@xnext was complete.
<to be read again> 
                   \par 
l.21 \end{table}
                
I suspect you've forgotten a `}', causing me to apply this
control sequence to too much text. How can we recover?
My plan is to forget the whole thing and hope for the best.


! LaTeX Error: Too many unprocessed floats.

See the LaTeX manual or LaTeX Companion for explanation.
Type  H <return>  for immediate help.
 ...                                              
                                                  
l.22 \begin{table}[H]
                     
You've lost some text.  Try typing  <return>  to proceed.
If that doesn't work, type  X <return>  to quit.

! Undefined control sequence.
\@float@Hx ...ltovf \fi \global \setbox \@currbox 
                                                  \color@vbox \normalcolor \...
l.22 \begin{table}[H]
                     
The control sequence at the end of the top line
of your error message was never \def'ed. If you have
misspelled it (e.g., `\hobx'), type `I' and the correct
spelling (e.g., `I\hbox'). Otherwise just continue,
and I'll forget about whatever was undefined.

! Missing number, treated as zero.
<to be read again> 
                   \vbox 
l.22 \begin{table}[H]
                     
A number should have been here; I inserted `0'.
(If you can't figure out why I needed to see a number,
look up `weird error' in the index to The TeXbook.)

! Undefined control sequence.
\@largefloatcheck ->\ifdim \ht \@currbox 
                                         >\textheight \@tempdima -\textheigh...
l.46 \end{table}
                
The control sequence at the end of the top line
of your error message was never \def'ed. If you have
misspelled it (e.g., `\hobx'), type `I' and the correct
spelling (e.g., `I\hbox'). Otherwise just continue,
and I'll forget about whatever was undefined.

! Missing number, treated as zero.
<to be read again> 
                   >
l.46 \end{table}
                
A number should have been here; I inserted `0'.
(If you can't figure out why I needed to see a number,
look up `weird error' in the index to The TeXbook.)

! Undefined control sequence.
<argument> \@currbox 
                     
l.46 \end{table}
                
The control sequence at the end of the top line
of your error message was never \def'ed. If you have
misspelled it (e.g., `\hobx'), type `I' and the correct
spelling (e.g., `I\hbox'). Otherwise just continue,
and I'll forget about whatever was undefined.

! Missing number, treated as zero.
<to be read again> 
                   \@elt 
l.46 \end{table}
                
A number should have been here; I inserted `0'.
(If you can't figure out why I needed to see a number,
look up `weird error' in the index to The TeXbook.)

! Missing = inserted for \ifnum.
<to be read again> 
                   \@elt 
l.46 \end{table}
                
I was expecting to see `<', `=', or `>'. Didn't.

! Missing number, treated as zero.
<to be read again> 
                   \@elt 
l.46 \end{table}
                
A number should have been here; I inserted `0'.
(If you can't figure out why I needed to see a number,
look up `weird error' in the index to The TeXbook.)


! LaTeX Error: This may be a LaTeX bug.

See the LaTeX manual or LaTeX Companion for explanation.
Type  H <return>  for immediate help.
 ...                                              
                                                  
l.46 \end{table}
                
Call for help

! Undefined control sequence.
\@addmarginpar ...advance \@tempdima \ht \@marbox 
                                                  \ifdim \@tempdima >\z@ \@l...
l.46 \end{table}
                
The control sequence at the end of the top line
of your error message was never \def'ed. If you have
misspelled it (e.g., `\hobx'), type `I' and the correct
spelling (e.g., `I\hbox'). Otherwise just continue,
and I'll forget about whatever was undefined.

! Missing number, treated as zero.
<to be read again> 
                   \protect 
l.46 \end{table}
                
A number should have been here; I inserted `0'.
(If you can't figure out why I needed to see a number,
look up `weird error' in the index to The TeXbook.)


LaTeX Warning: Marginpar on page 8 moved.

! Undefined control sequence.
\@addmarginpar ...vance \@mparbottom \dp \@marbox 
                                                  \global \advance \@mparbot...
l.46 \end{table}
                
The control sequence at the end of the top line
of your error message was never \def'ed. If you have
misspelled it (e.g., `\hobx'), type `I' and the correct
spelling (e.g., `I\hbox'). Otherwise just continue,
and I'll forget about whatever was undefined.

! Missing number, treated as zero.
<to be read again> 
                   \global 
l.46 \end{table}
                
A number should have been here; I inserted `0'.
(If you can't figure out why I needed to see a number,
look up `weird error' in the index to The TeXbook.)

! Undefined control sequence.
\@addmarginpar ...dvance \@tempdima -\ht \@marbox 
                                                  \global \setbox \@marbox \...
l.46 \end{table}
                
The control sequence at the end of the top line
of your error message was never \def'ed. If you have
misspelled it (e.g., `\hobx'), type `I' and the correct
spelling (e.g., `I\hbox'). Otherwise just continue,
and I'll forget about whatever was undefined.

! Missing number, treated as zero.
<to be read again> 
                   \global 
l.46 \end{table}
                
A number should have been here; I inserted `0'.
(If you can't figure out why I needed to see a number,
look up `weird error' in the index to The TeXbook.)

! Undefined control sequence.
\@addmarginpar ...marbox \global \setbox \@marbox 
                                                  \vbox {\vskip \@tempdima \...
l.46 \end{table}
                
The control sequence at the end of the top line
of your error message was never \def'ed. If you have
misspelled it (e.g., `\hobx'), type `I' and the correct
spelling (e.g., `I\hbox'). Otherwise just continue,
and I'll forget about whatever was undefined.

! Missing number, treated as zero.
<to be read again> 
                   \vbox 
l.46 \end{table}
                
A number should have been here; I inserted `0'.
(If you can't figure out why I needed to see a number,
look up `weird error' in the index to The TeXbook.)

! Undefined control sequence.
\@addmarginpar ...\vskip \@tempdima \box \@marbox 
                                                  }\global \ht \@marbox \z@ ...
l.46 \end{table}
                
The control sequence at the end of the top line
of your error message was never \def'ed. If you have
misspelled it (e.g., `\hobx'), type `I' and the correct
spelling (e.g., `I\hbox'). Otherwise just continue,
and I'll forget about whatever was undefined.

! Missing number, treated as zero.
<to be read again> 
                   }
l.46 \end{table}
                
A number should have been here; I inserted `0'.
(If you can't figure out why I needed to see a number,
look up `weird error' in the index to The TeXbook.)

! Undefined control sequence.
\@addmarginpar ... \@marbox }\global \ht \@marbox 
                                                  \z@ \global \dp \@marbox \...
l.46 \end{table}
                
The control sequence at the end of the top line
of your error message was never \def'ed. If you have
misspelled it (e.g., `\hobx'), type `I' and the correct
spelling (e.g., `I\hbox'). Otherwise just continue,
and I'll forget about whatever was undefined.

! Missing number, treated as zero.
<to be read again> 
                   \global 
l.46 \end{table}
                
A number should have been here; I inserted `0'.
(If you can't figure out why I needed to see a number,
look up `weird error' in the index to The TeXbook.)

! Illegal unit of measure (pt inserted).
<to be read again> 
                   \global 
l.46 \end{table}
                
Dimensions can be in units of em, ex, in, pt, pc,
cm, mm, dd, cc, nd, nc, bp, or sp; but yours is a new one!
I'll assume that you meant to say pt, for printer's points.
To recover gracefully from this error, it's best to
delete the erroneous units; e.g., type `2' to delete
two letters. (See Chapter 27 of The TeXbook.)

! Undefined control sequence.
\@addmarginpar ...marbox \z@ \global \dp \@marbox 
                                                  \z@ \kern -\@pagedp \noint...
l.46 \end{table}
                
The control sequence at the end of the top line
of your error message was never \def'ed. If you have
misspelled it (e.g., `\hobx'), type `I' and the correct
spelling (e.g., `I\hbox'). Otherwise just continue,
and I'll forget about whatever was undefined.

! Missing number, treated as zero.
<to be read again> 
                   \kern 
l.46 \end{table}
                
A number should have been here; I inserted `0'.
(If you can't figure out why I needed to see a number,
look up `weird error' in the index to The TeXbook.)

! Illegal unit of measure (pt inserted).
<to be read again> 
                   \kern 
l.46 \end{table}
                
Dimensions can be in units of em, ex, in, pt, pc,
cm, mm, dd, cc, nd, nc, bp, or sp; but yours is a new one!
I'll assume that you meant to say pt, for printer's points.
To recover gracefully from this error, it's best to
delete the erroneous units; e.g., type `2' to delete
two letters. (See Chapter 27 of The TeXbook.)

! Undefined control sequence.
\@addmarginpar ...arginparwidth \fi \box \@marbox 
                                                  \hss }\nointerlineskip \hb...
l.46 \end{table}
                
The control sequence at the end of the top line
of your error message was never \def'ed. If you have
misspelled it (e.g., `\hobx'), type `I' and the correct
spelling (e.g., `I\hbox'). Otherwise just continue,
and I'll forget about whatever was undefined.

! Missing number, treated as zero.
<to be read again> 
                   \hss 
l.46 \end{table}
                
A number should have been here; I inserted `0'.
(If you can't figure out why I needed to see a number,
look up `weird error' in the index to The TeXbook.)


! LaTeX Error: Too many unprocessed floats.

See the LaTeX manual or LaTeX Companion for explanation.
Type  H <return>  for immediate help.
 ...                                              
                                                  
l.47 \begin{table}[H]
                     
You've lost some text.  Try typing  <return>  to proceed.
If that doesn't work, type  X <return>  to quit.

! Undefined control sequence.
\@float@Hx ...ltovf \fi \global \setbox \@currbox 
                                                  \color@vbox \normalcolor \...
l.47 \begin{table}[H]
                     
The control sequence at the end of the top line
of your error message was never \def'ed. If you have
misspelled it (e.g., `\hobx'), type `I' and the correct
spelling (e.g., `I\hbox'). Otherwise just continue,
and I'll forget about whatever was undefined.

! Missing number, treated as zero.
<to be read again> 
                   \vbox 
l.47 \begin{table}[H]
                     
A number should have been here; I inserted `0'.
(If you can't figure out why I needed to see a number,
look up `weird error' in the index to The TeXbook.)

! Undefined control sequence.
\@largefloatcheck ->\ifdim \ht \@currbox 
                                         >\textheight \@tempdima -\textheigh...
l.71 \end{table}
                
The control sequence at the end of the top line
of your error message was never \def'ed. If you have
misspelled it (e.g., `\hobx'), type `I' and the correct
spelling (e.g., `I\hbox'). Otherwise just continue,
and I'll forget about whatever was undefined.

! Missing number, treated as zero.
<to be read again> 
                   >
l.71 \end{table}
                
A number should have been here; I inserted `0'.
(If you can't figure out why I needed to see a number,
look up `weird error' in the index to The TeXbook.)

! Undefined control sequence.
<argument> \@currbox 
                     
l.71 \end{table}
                
The control sequence at the end of the top line
of your error message was never \def'ed. If you have
misspelled it (e.g., `\hobx'), type `I' and the correct
spelling (e.g., `I\hbox'). Otherwise just continue,
and I'll forget about whatever was undefined.

! Argument of \@xnext has an extra }.
<inserted text> 
                \par 
l.71 \end{table}
                
I've run across a `}' that doesn't seem to match anything.
For example, `\def\a#1{...}' and `\a}' would produce
this error. If you simply proceed now, the `\par' that
I've just inserted will cause me to report a runaway
argument that might be the root of the problem. But if
your `}' was spurious, just type `2' and it will go away.

Runaway argument?
\@currbox \@currlist \ifnum \count \@currbox >\z@ \advance \@pageht \@pagedp \ETC.
! Paragraph ended before \@xnext was complete.
<to be read again> 
                   \par 
l.71 \end{table}
                
I suspect you've forgotten a `}', causing me to apply this
control sequence to too much text. How can we recover?
My plan is to forget the whole thing and hope for the best.

! Extra \else.
\end@float ...pdima \penalty \@floatpenalty \else 
                                                  \vadjust {\penalty -\@Miv ...
l.71 \end{table}
                
I'm ignoring this; it doesn't match any \if.

! You can't use `\vadjust' in vertical mode.
\end@float ...nalty \@floatpenalty \else \vadjust 
                                                  {\penalty -\@Miv \vbox {}\...
l.71 \end{table}
                
Sorry, but I'm not programmed to handle this case;
I'll just pretend that you didn't ask for it.
If you're in the wrong mode, you might be able to
return to the right one by typing `I}' or `I$' or `I\par'.

! Argument of \@xnext has an extra }.
<inserted text> 
                \par 
l.71 \end{table}
                
I've run across a `}' that doesn't seem to match anything.
For example, `\def\a#1{...}' and `\a}' would produce
this error. If you simply proceed now, the `\par' that
I've just inserted will cause me to report a runaway
argument that might be the root of the problem. But if
your `}' was spurious, just type `2' and it will go away.

Runaway argument?
\@currbox \@currlist \ifnum \count \@currbox >\z@ \advance \@pageht \@pagedp \ETC.
! Paragraph ended before \@xnext was complete.
<to be read again> 
                   \par 
l.71 \end{table}
                
I suspect you've forgotten a `}', causing me to apply this
control sequence to too much text. How can we recover?
My plan is to forget the whole thing and hope for the best.


! LaTeX Error: Too many unprocessed floats.

See the LaTeX manual or LaTeX Companion for explanation.
Type  H <return>  for immediate help.
 ...                                              
                                                  
l.72 \begin{table}[H]
                     
You've lost some text.  Try typing  <return>  to proceed.
If that doesn't work, type  X <return>  to quit.

! Undefined control sequence.
\@float@Hx ...ltovf \fi \global \setbox \@currbox 
                                                  \color@vbox \normalcolor \...
l.72 \begin{table}[H]
                     
The control sequence at the end of the top line
of your error message was never \def'ed. If you have
misspelled it (e.g., `\hobx'), type `I' and the correct
spelling (e.g., `I\hbox'). Otherwise just continue,
and I'll forget about whatever was undefined.

! Missing number, treated as zero.
<to be read again> 
                   \vbox 
l.72 \begin{table}[H]
                     
A number should have been here; I inserted `0'.
(If you can't figure out why I needed to see a number,
look up `weird error' in the index to The TeXbook.)

! Undefined control sequence.
\@largefloatcheck ->\ifdim \ht \@currbox 
                                         >\textheight \@tempdima -\textheigh...
l.96 \end{table}
                
The control sequence at the end of the top line
of your error message was never \def'ed. If you have
misspelled it (e.g., `\hobx'), type `I' and the correct
spelling (e.g., `I\hbox'). Otherwise just continue,
and I'll forget about whatever was undefined.

! Missing number, treated as zero.
<to be read again> 
                   >
l.96 \end{table}
                
A number should have been here; I inserted `0'.
(If you can't figure out why I needed to see a number,
look up `weird error' in the index to The TeXbook.)

! Undefined control sequence.
<argument> \@currbox 
                     
l.96 \end{table}
                
The control sequence at the end of the top line
of your error message was never \def'ed. If you have
misspelled it (e.g., `\hobx'), type `I' and the correct
spelling (e.g., `I\hbox'). Otherwise just continue,
and I'll forget about whatever was undefined.

! Missing number, treated as zero.
<to be read again> 
                   \@elt 
l.96 \end{table}
                
A number should have been here; I inserted `0'.
(If you can't figure out why I needed to see a number,
look up `weird error' in the index to The TeXbook.)

! Missing = inserted for \ifnum.
<to be read again> 
                   \@elt 
l.96 \end{table}
                
I was expecting to see `<', `=', or `>'. Didn't.

! Missing number, treated as zero.
<to be read again> 
                   \@elt 
l.96 \end{table}
                
A number should have been here; I inserted `0'.
(If you can't figure out why I needed to see a number,
look up `weird error' in the index to The TeXbook.)


! LaTeX Error: This may be a LaTeX bug.

See the LaTeX manual or LaTeX Companion for explanation.
Type  H <return>  for immediate help.
 ...                                              
                                                  
l.96 \end{table}
                
Call for help

! Undefined control sequence.
\@addmarginpar ...advance \@tempdima \ht \@marbox 
                                                  \ifdim \@tempdima >\z@ \@l...
l.96 \end{table}
                
The control sequence at the end of the top line
of your error message was never \def'ed. If you have
misspelled it (e.g., `\hobx'), type `I' and the correct
spelling (e.g., `I\hbox'). Otherwise just continue,
and I'll forget about whatever was undefined.

! Missing number, treated as zero.
<to be read again> 
                   \protect 
l.96 \end{table}
                
A number should have been here; I inserted `0'.
(If you can't figure out why I needed to see a number,
look up `weird error' in the index to The TeXbook.)


LaTeX Warning: Marginpar on page 8 moved.

! Undefined control sequence.
\@addmarginpar ...vance \@mparbottom \dp \@marbox 
                                                  \global \advance \@mparbot...
l.96 \end{table}
                
The control sequence at the end of the top line
of your error message was never \def'ed. If you have
misspelled it (e.g., `\hobx'), type `I' and the correct
spelling (e.g., `I\hbox'). Otherwise just continue,
and I'll forget about whatever was undefined.

! Missing number, treated as zero.
<to be read again> 
                   \global 
l.96 \end{table}
                
A number should have been here; I inserted `0'.
(If you can't figure out why I needed to see a number,
look up `weird error' in the index to The TeXbook.)

! Undefined control sequence.
\@addmarginpar ...dvance \@tempdima -\ht \@marbox 
                                                  \global \setbox \@marbox \...
l.96 \end{table}
                
The control sequence at the end of the top line
of your error message was never \def'ed. If you have
misspelled it (e.g., `\hobx'), type `I' and the correct
spelling (e.g., `I\hbox'). Otherwise just continue,
and I'll forget about whatever was undefined.

! Missing number, treated as zero.
<to be read again> 
                   \global 
l.96 \end{table}
                
A number should have been here; I inserted `0'.
(If you can't figure out why I needed to see a number,
look up `weird error' in the index to The TeXbook.)

! Undefined control sequence.
\@addmarginpar ...marbox \global \setbox \@marbox 
                                                  \vbox {\vskip \@tempdima \...
l.96 \end{table}
                
The control sequence at the end of the top line
of your error message was never \def'ed. If you have
misspelled it (e.g., `\hobx'), type `I' and the correct
spelling (e.g., `I\hbox'). Otherwise just continue,
and I'll forget about whatever was undefined.

! Missing number, treated as zero.
<to be read again> 
                   \vbox 
l.96 \end{table}
                
A number should have been here; I inserted `0'.
(If you can't figure out why I needed to see a number,
look up `weird error' in the index to The TeXbook.)

! Undefined control sequence.
\@addmarginpar ...\vskip \@tempdima \box \@marbox 
                                                  }\global \ht \@marbox \z@ ...
l.96 \end{table}
                
The control sequence at the end of the top line
of your error message was never \def'ed. If you have
misspelled it (e.g., `\hobx'), type `I' and the correct
spelling (e.g., `I\hbox'). Otherwise just continue,
and I'll forget about whatever was undefined.

! Missing number, treated as zero.
<to be read again> 
                   }
l.96 \end{table}
                
A number should have been here; I inserted `0'.
(If you can't figure out why I needed to see a number,
look up `weird error' in the index to The TeXbook.)

! Undefined control sequence.
\@addmarginpar ... \@marbox }\global \ht \@marbox 
                                                  \z@ \global \dp \@marbox \...
l.96 \end{table}
                
The control sequence at the end of the top line
of your error message was never \def'ed. If you have
misspelled it (e.g., `\hobx'), type `I' and the correct
spelling (e.g., `I\hbox'). Otherwise just continue,
and I'll forget about whatever was undefined.

! Missing number, treated as zero.
<to be read again> 
                   \global 
l.96 \end{table}
                
A number should have been here; I inserted `0'.
(If you can't figure out why I needed to see a number,
look up `weird error' in the index to The TeXbook.)

! Illegal unit of measure (pt inserted).
<to be read again> 
                   \global 
l.96 \end{table}
                
Dimensions can be in units of em, ex, in, pt, pc,
cm, mm, dd, cc, nd, nc, bp, or sp; but yours is a new one!
I'll assume that you meant to say pt, for printer's points.
To recover gracefully from this error, it's best to
delete the erroneous units; e.g., type `2' to delete
two letters. (See Chapter 27 of The TeXbook.)

! Undefined control sequence.
\@addmarginpar ...marbox \z@ \global \dp \@marbox 
                                                  \z@ \kern -\@pagedp \noint...
l.96 \end{table}
                
The control sequence at the end of the top line
of your error message was never \def'ed. If you have
misspelled it (e.g., `\hobx'), type `I' and the correct
spelling (e.g., `I\hbox'). Otherwise just continue,
and I'll forget about whatever was undefined.

! Missing number, treated as zero.
<to be read again> 
                   \kern 
l.96 \end{table}
                
A number should have been here; I inserted `0'.
(If you can't figure out why I needed to see a number,
look up `weird error' in the index to The TeXbook.)

! Illegal unit of measure (pt inserted).
<to be read again> 
                   \kern 
l.96 \end{table}
                
Dimensions can be in units of em, ex, in, pt, pc,
cm, mm, dd, cc, nd, nc, bp, or sp; but yours is a new one!
I'll assume that you meant to say pt, for printer's points.
To recover gracefully from this error, it's best to
delete the erroneous units; e.g., type `2' to delete
two letters. (See Chapter 27 of The TeXbook.)

! Undefined control sequence.
\@addmarginpar ...arginparwidth \fi \box \@marbox 
                                                  \hss }\nointerlineskip \hb...
l.96 \end{table}
                
The control sequence at the end of the top line
of your error message was never \def'ed. If you have
misspelled it (e.g., `\hobx'), type `I' and the correct
spelling (e.g., `I\hbox'). Otherwise just continue,
and I'll forget about whatever was undefined.

! Missing number, treated as zero.
<to be read again> 
                   \hss 
l.96 \end{table}
                
A number should have been here; I inserted `0'.
(If you can't figure out why I needed to see a number,
look up `weird error' in the index to The TeXbook.)


! LaTeX Error: Too many unprocessed floats.

See the LaTeX manual or LaTeX Companion for explanation.
Type  H <return>  for immediate help.
 ...                                              
                                                  
l.97 \begin{table}[H]
                     
You've lost some text.  Try typing  <return>  to proceed.
If that doesn't work, type  X <return>  to quit.

! Undefined control sequence.
\@float@Hx ...ltovf \fi \global \setbox \@currbox 
                                                  \color@vbox \normalcolor \...
l.97 \begin{table}[H]
                     
The control sequence at the end of the top line
of your error message was never \def'ed. If you have
misspelled it (e.g., `\hobx'), type `I' and the correct
spelling (e.g., `I\hbox'). Otherwise just continue,
and I'll forget about whatever was undefined.

! Missing number, treated as zero.
<to be read again> 
                   \vbox 
l.97 \begin{table}[H]
                     
A number should have been here; I inserted `0'.
(If you can't figure out why I needed to see a number,
look up `weird error' in the index to The TeXbook.)

! Undefined control sequence.
\@largefloatcheck ->\ifdim \ht \@currbox 
                                         >\textheight \@tempdima -\textheigh...
l.121 \end{table}
                 
The control sequence at the end of the top line
of your error message was never \def'ed. If you have
misspelled it (e.g., `\hobx'), type `I' and the correct
spelling (e.g., `I\hbox'). Otherwise just continue,
and I'll forget about whatever was undefined.

! Missing number, treated as zero.
<to be read again> 
                   >
l.121 \end{table}
                 
A number should have been here; I inserted `0'.
(If you can't figure out why I needed to see a number,
look up `weird error' in the index to The TeXbook.)

! Undefined control sequence.
<argument> \@currbox 
                     
l.121 \end{table}
                 
The control sequence at the end of the top line
of your error message was never \def'ed. If you have
misspelled it (e.g., `\hobx'), type `I' and the correct
spelling (e.g., `I\hbox'). Otherwise just continue,
and I'll forget about whatever was undefined.

! Argument of \@xnext has an extra }.
<inserted text> 
                \par 
l.121 \end{table}
                 
I've run across a `}' that doesn't seem to match anything.
For example, `\def\a#1{...}' and `\a}' would produce
this error. If you simply proceed now, the `\par' that
I've just inserted will cause me to report a runaway
argument that might be the root of the problem. But if
your `}' was spurious, just type `2' and it will go away.

Runaway argument?
\@currbox \@currlist \ifnum \count \@currbox >\z@ \advance \@pageht \@pagedp \ETC.
! Paragraph ended before \@xnext was complete.
<to be read again> 
                   \par 
l.121 \end{table}
                 
I suspect you've forgotten a `}', causing me to apply this
control sequence to too much text. How can we recover?
My plan is to forget the whole thing and hope for the best.

! Extra \else.
\end@float ...pdima \penalty \@floatpenalty \else 
                                                  \vadjust {\penalty -\@Miv ...
l.121 \end{table}
                 
I'm ignoring this; it doesn't match any \if.

! You can't use `\vadjust' in vertical mode.
\end@float ...nalty \@floatpenalty \else \vadjust 
                                                  {\penalty -\@Miv \vbox {}\...
l.121 \end{table}
                 
Sorry, but I'm not programmed to handle this case;
I'll just pretend that you didn't ask for it.
If you're in the wrong mode, you might be able to
return to the right one by typing `I}' or `I$' or `I\par'.

! Argument of \@xnext has an extra }.
<inserted text> 
                \par 
l.121 \end{table}
                 
I've run across a `}' that doesn't seem to match anything.
For example, `\def\a#1{...}' and `\a}' would produce
this error. If you simply proceed now, the `\par' that
I've just inserted will cause me to report a runaway
argument that might be the root of the problem. But if
your `}' was spurious, just type `2' and it will go away.

Runaway argument?
\@currbox \@currlist \ifnum \count \@currbox >\z@ \advance \@pageht \@pagedp \ETC.
! Paragraph ended before \@xnext was complete.
<to be read again> 
                   \par 
l.121 \end{table}
                 
I suspect you've forgotten a `}', causing me to apply this
control sequence to too much text. How can we recover?
My plan is to forget the whole thing and hope for the best.

) (./results/small_model_informed_low_MNLConsidSet/results_table.tex

! LaTeX Error: Too many unprocessed floats.

See the LaTeX manual or LaTeX Companion for explanation.
Type  H <return>  for immediate help.
 ...                                              
                                                  
l.1 \begin{table}[H]
                    
You've lost some text.  Try typing  <return>  to proceed.
If that doesn't work, type  X <return>  to quit.

! Undefined control sequence.
\@float@Hx ...ltovf \fi \global \setbox \@currbox 
                                                  \color@vbox \normalcolor \...
l.1 \begin{table}[H]
                    
The control sequence at the end of the top line
of your error message was never \def'ed. If you have
misspelled it (e.g., `\hobx'), type `I' and the correct
spelling (e.g., `I\hbox'). Otherwise just continue,
and I'll forget about whatever was undefined.

! Missing number, treated as zero.
<to be read again> 
                   \vbox 
l.1 \begin{table}[H]
                    
A number should have been here; I inserted `0'.
(If you can't figure out why I needed to see a number,
look up `weird error' in the index to The TeXbook.)

! Undefined control sequence.
\@largefloatcheck ->\ifdim \ht \@currbox 
                                         >\textheight \@tempdima -\textheigh...
l.21 \end{table}
                
The control sequence at the end of the top line
of your error message was never \def'ed. If you have
misspelled it (e.g., `\hobx'), type `I' and the correct
spelling (e.g., `I\hbox'). Otherwise just continue,
and I'll forget about whatever was undefined.

! Missing number, treated as zero.
<to be read again> 
                   >
l.21 \end{table}
                
A number should have been here; I inserted `0'.
(If you can't figure out why I needed to see a number,
look up `weird error' in the index to The TeXbook.)

! Undefined control sequence.
<argument> \@currbox 
                     
l.21 \end{table}
                
The control sequence at the end of the top line
of your error message was never \def'ed. If you have
misspelled it (e.g., `\hobx'), type `I' and the correct
spelling (e.g., `I\hbox'). Otherwise just continue,
and I'll forget about whatever was undefined.

! Missing number, treated as zero.
<to be read again> 
                   \@elt 
l.21 \end{table}
                
A number should have been here; I inserted `0'.
(If you can't figure out why I needed to see a number,
look up `weird error' in the index to The TeXbook.)

! Missing = inserted for \ifnum.
<to be read again> 
                   \@elt 
l.21 \end{table}
                
I was expecting to see `<', `=', or `>'. Didn't.

! Missing number, treated as zero.
<to be read again> 
                   \@elt 
l.21 \end{table}
                
A number should have been here; I inserted `0'.
(If you can't figure out why I needed to see a number,
look up `weird error' in the index to The TeXbook.)


! LaTeX Error: This may be a LaTeX bug.

See the LaTeX manual or LaTeX Companion for explanation.
Type  H <return>  for immediate help.
 ...                                              
                                                  
l.21 \end{table}
                
Call for help

! Undefined control sequence.
\@addmarginpar ...advance \@tempdima \ht \@marbox 
                                                  \ifdim \@tempdima >\z@ \@l...
l.21 \end{table}
                
The control sequence at the end of the top line
of your error message was never \def'ed. If you have
misspelled it (e.g., `\hobx'), type `I' and the correct
spelling (e.g., `I\hbox'). Otherwise just continue,
and I'll forget about whatever was undefined.

! Missing number, treated as zero.
<to be read again> 
                   \protect 
l.21 \end{table}
                
A number should have been here; I inserted `0'.
(If you can't figure out why I needed to see a number,
look up `weird error' in the index to The TeXbook.)


LaTeX Warning: Marginpar on page 8 moved.

! Undefined control sequence.
\@addmarginpar ...vance \@mparbottom \dp \@marbox 
                                                  \global \advance \@mparbot...
l.21 \end{table}
                
The control sequence at the end of the top line
of your error message was never \def'ed. If you have
misspelled it (e.g., `\hobx'), type `I' and the correct
spelling (e.g., `I\hbox'). Otherwise just continue,
and I'll forget about whatever was undefined.

! Missing number, treated as zero.
<to be read again> 
                   \global 
l.21 \end{table}
                
A number should have been here; I inserted `0'.
(If you can't figure out why I needed to see a number,
look up `weird error' in the index to The TeXbook.)

! Undefined control sequence.
\@addmarginpar ...dvance \@tempdima -\ht \@marbox 
                                                  \global \setbox \@marbox \...
l.21 \end{table}
                
The control sequence at the end of the top line
of your error message was never \def'ed. If you have
misspelled it (e.g., `\hobx'), type `I' and the correct
spelling (e.g., `I\hbox'). Otherwise just continue,
and I'll forget about whatever was undefined.

! Missing number, treated as zero.
<to be read again> 
                   \global 
l.21 \end{table}
                
A number should have been here; I inserted `0'.
(If you can't figure out why I needed to see a number,
look up `weird error' in the index to The TeXbook.)

! Undefined control sequence.
\@addmarginpar ...marbox \global \setbox \@marbox 
                                                  \vbox {\vskip \@tempdima \...
l.21 \end{table}
                
The control sequence at the end of the top line
of your error message was never \def'ed. If you have
misspelled it (e.g., `\hobx'), type `I' and the correct
spelling (e.g., `I\hbox'). Otherwise just continue,
and I'll forget about whatever was undefined.

! Missing number, treated as zero.
<to be read again> 
                   \vbox 
l.21 \end{table}
                
A number should have been here; I inserted `0'.
(If you can't figure out why I needed to see a number,
look up `weird error' in the index to The TeXbook.)

! Undefined control sequence.
\@addmarginpar ...\vskip \@tempdima \box \@marbox 
                                                  }\global \ht \@marbox \z@ ...
l.21 \end{table}
                
The control sequence at the end of the top line
of your error message was never \def'ed. If you have
misspelled it (e.g., `\hobx'), type `I' and the correct
spelling (e.g., `I\hbox'). Otherwise just continue,
and I'll forget about whatever was undefined.

! Missing number, treated as zero.
<to be read again> 
                   }
l.21 \end{table}
                
A number should have been here; I inserted `0'.
(If you can't figure out why I needed to see a number,
look up `weird error' in the index to The TeXbook.)

! Undefined control sequence.
\@addmarginpar ... \@marbox }\global \ht \@marbox 
                                                  \z@ \global \dp \@marbox \...
l.21 \end{table}
                
The control sequence at the end of the top line
of your error message was never \def'ed. If you have
misspelled it (e.g., `\hobx'), type `I' and the correct
spelling (e.g., `I\hbox'). Otherwise just continue,
and I'll forget about whatever was undefined.

! Missing number, treated as zero.
<to be read again> 
                   \global 
l.21 \end{table}
                
A number should have been here; I inserted `0'.
(If you can't figure out why I needed to see a number,
look up `weird error' in the index to The TeXbook.)

! Illegal unit of measure (pt inserted).
<to be read again> 
                   \global 
l.21 \end{table}
                
Dimensions can be in units of em, ex, in, pt, pc,
cm, mm, dd, cc, nd, nc, bp, or sp; but yours is a new one!
I'll assume that you meant to say pt, for printer's points.
To recover gracefully from this error, it's best to
delete the erroneous units; e.g., type `2' to delete
two letters. (See Chapter 27 of The TeXbook.)

! Undefined control sequence.
\@addmarginpar ...marbox \z@ \global \dp \@marbox 
                                                  \z@ \kern -\@pagedp \noint...
l.21 \end{table}
                
The control sequence at the end of the top line
of your error message was never \def'ed. If you have
misspelled it (e.g., `\hobx'), type `I' and the correct
spelling (e.g., `I\hbox'). Otherwise just continue,
and I'll forget about whatever was undefined.

! Missing number, treated as zero.
<to be read again> 
                   \kern 
l.21 \end{table}
                
A number should have been here; I inserted `0'.
(If you can't figure out why I needed to see a number,
look up `weird error' in the index to The TeXbook.)

! Illegal unit of measure (pt inserted).
<to be read again> 
                   \kern 
l.21 \end{table}
                
Dimensions can be in units of em, ex, in, pt, pc,
cm, mm, dd, cc, nd, nc, bp, or sp; but yours is a new one!
I'll assume that you meant to say pt, for printer's points.
To recover gracefully from this error, it's best to
delete the erroneous units; e.g., type `2' to delete
two letters. (See Chapter 27 of The TeXbook.)

! Undefined control sequence.
\@addmarginpar ...arginparwidth \fi \box \@marbox 
                                                  \hss }\nointerlineskip \hb...
l.21 \end{table}
                
The control sequence at the end of the top line
of your error message was never \def'ed. If you have
misspelled it (e.g., `\hobx'), type `I' and the correct
spelling (e.g., `I\hbox'). Otherwise just continue,
and I'll forget about whatever was undefined.

! Missing number, treated as zero.
<to be read again> 
                   \hss 
l.21 \end{table}
                
A number should have been here; I inserted `0'.
(If you can't figure out why I needed to see a number,
look up `weird error' in the index to The TeXbook.)


! LaTeX Error: Too many unprocessed floats.

See the LaTeX manual or LaTeX Companion for explanation.
Type  H <return>  for immediate help.
 ...                                              
                                                  
l.22 \begin{table}[H]
                     
You've lost some text.  Try typing  <return>  to proceed.
If that doesn't work, type  X <return>  to quit.

! Undefined control sequence.
\@float@Hx ...ltovf \fi \global \setbox \@currbox 
                                                  \color@vbox \normalcolor \...
l.22 \begin{table}[H]
                     
The control sequence at the end of the top line
of your error message was never \def'ed. If you have
misspelled it (e.g., `\hobx'), type `I' and the correct
spelling (e.g., `I\hbox'). Otherwise just continue,
and I'll forget about whatever was undefined.

! Missing number, treated as zero.
<to be read again> 
                   \vbox 
l.22 \begin{table}[H]
                     
A number should have been here; I inserted `0'.
(If you can't figure out why I needed to see a number,
look up `weird error' in the index to The TeXbook.)

! Undefined control sequence.
\@largefloatcheck ->\ifdim \ht \@currbox 
                                         >\textheight \@tempdima -\textheigh...
l.47 \end{table}
                
The control sequence at the end of the top line
of your error message was never \def'ed. If you have
misspelled it (e.g., `\hobx'), type `I' and the correct
spelling (e.g., `I\hbox'). Otherwise just continue,
and I'll forget about whatever was undefined.

! Missing number, treated as zero.
<to be read again> 
                   >
l.47 \end{table}
                
A number should have been here; I inserted `0'.
(If you can't figure out why I needed to see a number,
look up `weird error' in the index to The TeXbook.)

! Undefined control sequence.
<argument> \@currbox 
                     
l.47 \end{table}
                
The control sequence at the end of the top line
of your error message was never \def'ed. If you have
misspelled it (e.g., `\hobx'), type `I' and the correct
spelling (e.g., `I\hbox'). Otherwise just continue,
and I'll forget about whatever was undefined.

! Argument of \@xnext has an extra }.
<inserted text> 
                \par 
l.47 \end{table}
                
I've run across a `}' that doesn't seem to match anything.
For example, `\def\a#1{...}' and `\a}' would produce
this error. If you simply proceed now, the `\par' that
I've just inserted will cause me to report a runaway
argument that might be the root of the problem. But if
your `}' was spurious, just type `2' and it will go away.

Runaway argument?
\@currbox \@currlist \ifnum \count \@currbox >\z@ \advance \@pageht \@pagedp \ETC.
! Paragraph ended before \@xnext was complete.
<to be read again> 
                   \par 
l.47 \end{table}
                
I suspect you've forgotten a `}', causing me to apply this
control sequence to too much text. How can we recover?
My plan is to forget the whole thing and hope for the best.

! Extra \else.
\end@float ...pdima \penalty \@floatpenalty \else 
                                                  \vadjust {\penalty -\@Miv ...
l.47 \end{table}
                
I'm ignoring this; it doesn't match any \if.

! You can't use `\vadjust' in vertical mode.
\end@float ...nalty \@floatpenalty \else \vadjust 
                                                  {\penalty -\@Miv \vbox {}\...
l.47 \end{table}
                
Sorry, but I'm not programmed to handle this case;
I'll just pretend that you didn't ask for it.
If you're in the wrong mode, you might be able to
return to the right one by typing `I}' or `I$' or `I\par'.

! Argument of \@xnext has an extra }.
<inserted text> 
                \par 
l.47 \end{table}
                
I've run across a `}' that doesn't seem to match anything.
For example, `\def\a#1{...}' and `\a}' would produce
this error. If you simply proceed now, the `\par' that
I've just inserted will cause me to report a runaway
argument that might be the root of the problem. But if
your `}' was spurious, just type `2' and it will go away.

Runaway argument?
\@currbox \@currlist \ifnum \count \@currbox >\z@ \advance \@pageht \@pagedp \ETC.
! Paragraph ended before \@xnext was complete.
<to be read again> 
                   \par 
l.47 \end{table}
                
I suspect you've forgotten a `}', causing me to apply this
control sequence to too much text. How can we recover?
My plan is to forget the whole thing and hope for the best.


! LaTeX Error: Too many unprocessed floats.

See the LaTeX manual or LaTeX Companion for explanation.
Type  H <return>  for immediate help.
 ...                                              
                                                  
l.48 \begin{table}[H]
                     
You've lost some text.  Try typing  <return>  to proceed.
If that doesn't work, type  X <return>  to quit.

! Undefined control sequence.
\@float@Hx ...ltovf \fi \global \setbox \@currbox 
                                                  \color@vbox \normalcolor \...
l.48 \begin{table}[H]
                     
The control sequence at the end of the top line
of your error message was never \def'ed. If you have
misspelled it (e.g., `\hobx'), type `I' and the correct
spelling (e.g., `I\hbox'). Otherwise just continue,
and I'll forget about whatever was undefined.

! Missing number, treated as zero.
<to be read again> 
                   \vbox 
l.48 \begin{table}[H]
                     
A number should have been here; I inserted `0'.
(If you can't figure out why I needed to see a number,
look up `weird error' in the index to The TeXbook.)

! Undefined control sequence.
\@largefloatcheck ->\ifdim \ht \@currbox 
                                         >\textheight \@tempdima -\textheigh...
l.73 \end{table}
                
The control sequence at the end of the top line
of your error message was never \def'ed. If you have
misspelled it (e.g., `\hobx'), type `I' and the correct
spelling (e.g., `I\hbox'). Otherwise just continue,
and I'll forget about whatever was undefined.

! Missing number, treated as zero.
<to be read again> 
                   >
l.73 \end{table}
                
A number should have been here; I inserted `0'.
(If you can't figure out why I needed to see a number,
look up `weird error' in the index to The TeXbook.)

! Undefined control sequence.
<argument> \@currbox 
                     
l.73 \end{table}
                
The control sequence at the end of the top line
of your error message was never \def'ed. If you have
misspelled it (e.g., `\hobx'), type `I' and the correct
spelling (e.g., `I\hbox'). Otherwise just continue,
and I'll forget about whatever was undefined.

! Missing number, treated as zero.
<to be read again> 
                   \@elt 
l.73 \end{table}
                
A number should have been here; I inserted `0'.
(If you can't figure out why I needed to see a number,
look up `weird error' in the index to The TeXbook.)

! Missing = inserted for \ifnum.
<to be read again> 
                   \@elt 
l.73 \end{table}
                
I was expecting to see `<', `=', or `>'. Didn't.

! Missing number, treated as zero.
<to be read again> 
                   \@elt 
l.73 \end{table}
                
A number should have been here; I inserted `0'.
(If you can't figure out why I needed to see a number,
look up `weird error' in the index to The TeXbook.)


! LaTeX Error: This may be a LaTeX bug.

See the LaTeX manual or LaTeX Companion for explanation.
Type  H <return>  for immediate help.
 ...                                              
                                                  
l.73 \end{table}
                
Call for help

! Undefined control sequence.
\@addmarginpar ...advance \@tempdima \ht \@marbox 
                                                  \ifdim \@tempdima >\z@ \@l...
l.73 \end{table}
                
The control sequence at the end of the top line
of your error message was never \def'ed. If you have
misspelled it (e.g., `\hobx'), type `I' and the correct
spelling (e.g., `I\hbox'). Otherwise just continue,
and I'll forget about whatever was undefined.

! Missing number, treated as zero.
<to be read again> 
                   \protect 
l.73 \end{table}
                
A number should have been here; I inserted `0'.
(If you can't figure out why I needed to see a number,
look up `weird error' in the index to The TeXbook.)


LaTeX Warning: Marginpar on page 8 moved.

! Undefined control sequence.
\@addmarginpar ...vance \@mparbottom \dp \@marbox 
                                                  \global \advance \@mparbot...
l.73 \end{table}
                
The control sequence at the end of the top line
of your error message was never \def'ed. If you have
misspelled it (e.g., `\hobx'), type `I' and the correct
spelling (e.g., `I\hbox'). Otherwise just continue,
and I'll forget about whatever was undefined.

! Missing number, treated as zero.
<to be read again> 
                   \global 
l.73 \end{table}
                
A number should have been here; I inserted `0'.
(If you can't figure out why I needed to see a number,
look up `weird error' in the index to The TeXbook.)

! Undefined control sequence.
\@addmarginpar ...dvance \@tempdima -\ht \@marbox 
                                                  \global \setbox \@marbox \...
l.73 \end{table}
                
The control sequence at the end of the top line
of your error message was never \def'ed. If you have
misspelled it (e.g., `\hobx'), type `I' and the correct
spelling (e.g., `I\hbox'). Otherwise just continue,
and I'll forget about whatever was undefined.

! Missing number, treated as zero.
<to be read again> 
                   \global 
l.73 \end{table}
                
A number should have been here; I inserted `0'.
(If you can't figure out why I needed to see a number,
look up `weird error' in the index to The TeXbook.)

! Undefined control sequence.
\@addmarginpar ...marbox \global \setbox \@marbox 
                                                  \vbox {\vskip \@tempdima \...
l.73 \end{table}
                
The control sequence at the end of the top line
of your error message was never \def'ed. If you have
misspelled it (e.g., `\hobx'), type `I' and the correct
spelling (e.g., `I\hbox'). Otherwise just continue,
and I'll forget about whatever was undefined.

! Missing number, treated as zero.
<to be read again> 
                   \vbox 
l.73 \end{table}
                
A number should have been here; I inserted `0'.
(If you can't figure out why I needed to see a number,
look up `weird error' in the index to The TeXbook.)

! Undefined control sequence.
\@addmarginpar ...\vskip \@tempdima \box \@marbox 
                                                  }\global \ht \@marbox \z@ ...
l.73 \end{table}
                
The control sequence at the end of the top line
of your error message was never \def'ed. If you have
misspelled it (e.g., `\hobx'), type `I' and the correct
spelling (e.g., `I\hbox'). Otherwise just continue,
and I'll forget about whatever was undefined.

! Missing number, treated as zero.
<to be read again> 
                   }
l.73 \end{table}
                
A number should have been here; I inserted `0'.
(If you can't figure out why I needed to see a number,
look up `weird error' in the index to The TeXbook.)

! Undefined control sequence.
\@addmarginpar ... \@marbox }\global \ht \@marbox 
                                                  \z@ \global \dp \@marbox \...
l.73 \end{table}
                
The control sequence at the end of the top line
of your error message was never \def'ed. If you have
misspelled it (e.g., `\hobx'), type `I' and the correct
spelling (e.g., `I\hbox'). Otherwise just continue,
and I'll forget about whatever was undefined.

! Missing number, treated as zero.
<to be read again> 
                   \global 
l.73 \end{table}
                
A number should have been here; I inserted `0'.
(If you can't figure out why I needed to see a number,
look up `weird error' in the index to The TeXbook.)

! Illegal unit of measure (pt inserted).
<to be read again> 
                   \global 
l.73 \end{table}
                
Dimensions can be in units of em, ex, in, pt, pc,
cm, mm, dd, cc, nd, nc, bp, or sp; but yours is a new one!
I'll assume that you meant to say pt, for printer's points.
To recover gracefully from this error, it's best to
delete the erroneous units; e.g., type `2' to delete
two letters. (See Chapter 27 of The TeXbook.)

! Undefined control sequence.
\@addmarginpar ...marbox \z@ \global \dp \@marbox 
                                                  \z@ \kern -\@pagedp \noint...
l.73 \end{table}
                
The control sequence at the end of the top line
of your error message was never \def'ed. If you have
misspelled it (e.g., `\hobx'), type `I' and the correct
spelling (e.g., `I\hbox'). Otherwise just continue,
and I'll forget about whatever was undefined.

! Missing number, treated as zero.
<to be read again> 
                   \kern 
l.73 \end{table}
                
A number should have been here; I inserted `0'.
(If you can't figure out why I needed to see a number,
look up `weird error' in the index to The TeXbook.)

! Illegal unit of measure (pt inserted).
<to be read again> 
                   \kern 
l.73 \end{table}
                
Dimensions can be in units of em, ex, in, pt, pc,
cm, mm, dd, cc, nd, nc, bp, or sp; but yours is a new one!
I'll assume that you meant to say pt, for printer's points.
To recover gracefully from this error, it's best to
delete the erroneous units; e.g., type `2' to delete
two letters. (See Chapter 27 of The TeXbook.)

! Undefined control sequence.
\@addmarginpar ...arginparwidth \fi \box \@marbox 
                                                  \hss }\nointerlineskip \hb...
l.73 \end{table}
                
The control sequence at the end of the top line
of your error message was never \def'ed. If you have
misspelled it (e.g., `\hobx'), type `I' and the correct
spelling (e.g., `I\hbox'). Otherwise just continue,
and I'll forget about whatever was undefined.

! Missing number, treated as zero.
<to be read again> 
                   \hss 
l.73 \end{table}
                
A number should have been here; I inserted `0'.
(If you can't figure out why I needed to see a number,
look up `weird error' in the index to The TeXbook.)


! LaTeX Error: Too many unprocessed floats.

See the LaTeX manual or LaTeX Companion for explanation.
Type  H <return>  for immediate help.
 ...                                              
                                                  
l.74 \begin{table}[H]
                     
You've lost some text.  Try typing  <return>  to proceed.
If that doesn't work, type  X <return>  to quit.

! Undefined control sequence.
\@float@Hx ...ltovf \fi \global \setbox \@currbox 
                                                  \color@vbox \normalcolor \...
l.74 \begin{table}[H]
                     
The control sequence at the end of the top line
of your error message was never \def'ed. If you have
misspelled it (e.g., `\hobx'), type `I' and the correct
spelling (e.g., `I\hbox'). Otherwise just continue,
and I'll forget about whatever was undefined.

! Missing number, treated as zero.
<to be read again> 
                   \vbox 
l.74 \begin{table}[H]
                     
A number should have been here; I inserted `0'.
(If you can't figure out why I needed to see a number,
look up `weird error' in the index to The TeXbook.)

! Undefined control sequence.
\@largefloatcheck ->\ifdim \ht \@currbox 
                                         >\textheight \@tempdima -\textheigh...
l.99 \end{table}
                
The control sequence at the end of the top line
of your error message was never \def'ed. If you have
misspelled it (e.g., `\hobx'), type `I' and the correct
spelling (e.g., `I\hbox'). Otherwise just continue,
and I'll forget about whatever was undefined.

! Missing number, treated as zero.
<to be read again> 
                   >
l.99 \end{table}
                
A number should have been here; I inserted `0'.
(If you can't figure out why I needed to see a number,
look up `weird error' in the index to The TeXbook.)

! Undefined control sequence.
<argument> \@currbox 
                     
l.99 \end{table}
                
The control sequence at the end of the top line
of your error message was never \def'ed. If you have
misspelled it (e.g., `\hobx'), type `I' and the correct
spelling (e.g., `I\hbox'). Otherwise just continue,
and I'll forget about whatever was undefined.

! Argument of \@xnext has an extra }.
<inserted text> 
                \par 
l.99 \end{table}
                
I've run across a `}' that doesn't seem to match anything.
For example, `\def\a#1{...}' and `\a}' would produce
this error. If you simply proceed now, the `\par' that
I've just inserted will cause me to report a runaway
argument that might be the root of the problem. But if
your `}' was spurious, just type `2' and it will go away.

Runaway argument?
\@currbox \@currlist \ifnum \count \@currbox >\z@ \advance \@pageht \@pagedp \ETC.
! Paragraph ended before \@xnext was complete.
<to be read again> 
                   \par 
l.99 \end{table}
                
I suspect you've forgotten a `}', causing me to apply this
control sequence to too much text. How can we recover?
My plan is to forget the whole thing and hope for the best.

! Extra \else.
\end@float ...pdima \penalty \@floatpenalty \else 
                                                  \vadjust {\penalty -\@Miv ...
l.99 \end{table}
                
I'm ignoring this; it doesn't match any \if.

! You can't use `\vadjust' in vertical mode.
\end@float ...nalty \@floatpenalty \else \vadjust 
                                                  {\penalty -\@Miv \vbox {}\...
l.99 \end{table}
                
Sorry, but I'm not programmed to handle this case;
I'll just pretend that you didn't ask for it.
If you're in the wrong mode, you might be able to
return to the right one by typing `I}' or `I$' or `I\par'.

! Argument of \@xnext has an extra }.
<inserted text> 
                \par 
l.99 \end{table}
                
I've run across a `}' that doesn't seem to match anything.
For example, `\def\a#1{...}' and `\a}' would produce
this error. If you simply proceed now, the `\par' that
I've just inserted will cause me to report a runaway
argument that might be the root of the problem. But if
your `}' was spurious, just type `2' and it will go away.

Runaway argument?
\@currbox \@currlist \ifnum \count \@currbox >\z@ \advance \@pageht \@pagedp \ETC.
! Paragraph ended before \@xnext was complete.
<to be read again> 
                   \par 
l.99 \end{table}
                
I suspect you've forgotten a `}', causing me to apply this
control sequence to too much text. How can we recover?
My plan is to forget the whole thing and hope for the best.

) (./results/small_model_informed_high_MNLConsidSet/results_table.tex

! LaTeX Error: Too many unprocessed floats.

See the LaTeX manual or LaTeX Companion for explanation.
Type  H <return>  for immediate help.
 ...                                              
                                                  
l.1 \begin{table}[H]
                    
You've lost some text.  Try typing  <return>  to proceed.
If that doesn't work, type  X <return>  to quit.

! Undefined control sequence.
\@float@Hx ...ltovf \fi \global \setbox \@currbox 
                                                  \color@vbox \normalcolor \...
l.1 \begin{table}[H]
                    
The control sequence at the end of the top line
of your error message was never \def'ed. If you have
misspelled it (e.g., `\hobx'), type `I' and the correct
spelling (e.g., `I\hbox'). Otherwise just continue,
and I'll forget about whatever was undefined.

! Missing number, treated as zero.
<to be read again> 
                   \vbox 
l.1 \begin{table}[H]
                    
A number should have been here; I inserted `0'.
(If you can't figure out why I needed to see a number,
look up `weird error' in the index to The TeXbook.)

! Undefined control sequence.
\@largefloatcheck ->\ifdim \ht \@currbox 
                                         >\textheight \@tempdima -\textheigh...
l.21 \end{table}
                
The control sequence at the end of the top line
of your error message was never \def'ed. If you have
misspelled it (e.g., `\hobx'), type `I' and the correct
spelling (e.g., `I\hbox'). Otherwise just continue,
and I'll forget about whatever was undefined.

! Missing number, treated as zero.
<to be read again> 
                   >
l.21 \end{table}
                
A number should have been here; I inserted `0'.
(If you can't figure out why I needed to see a number,
look up `weird error' in the index to The TeXbook.)

! Undefined control sequence.
<argument> \@currbox 
                     
l.21 \end{table}
                
The control sequence at the end of the top line
of your error message was never \def'ed. If you have
misspelled it (e.g., `\hobx'), type `I' and the correct
spelling (e.g., `I\hbox'). Otherwise just continue,
and I'll forget about whatever was undefined.

! Missing number, treated as zero.
<to be read again> 
                   \@elt 
l.21 \end{table}
                
A number should have been here; I inserted `0'.
(If you can't figure out why I needed to see a number,
look up `weird error' in the index to The TeXbook.)

! Missing = inserted for \ifnum.
<to be read again> 
                   \@elt 
l.21 \end{table}
                
I was expecting to see `<', `=', or `>'. Didn't.

! Missing number, treated as zero.
<to be read again> 
                   \@elt 
l.21 \end{table}
                
A number should have been here; I inserted `0'.
(If you can't figure out why I needed to see a number,
look up `weird error' in the index to The TeXbook.)


! LaTeX Error: This may be a LaTeX bug.

See the LaTeX manual or LaTeX Companion for explanation.
Type  H <return>  for immediate help.
 ...                                              
                                                  
l.21 \end{table}
                
Call for help

! Undefined control sequence.
\@addmarginpar ...advance \@tempdima \ht \@marbox 
                                                  \ifdim \@tempdima >\z@ \@l...
l.21 \end{table}
                
The control sequence at the end of the top line
of your error message was never \def'ed. If you have
misspelled it (e.g., `\hobx'), type `I' and the correct
spelling (e.g., `I\hbox'). Otherwise just continue,
and I'll forget about whatever was undefined.

! Missing number, treated as zero.
<to be read again> 
                   \protect 
l.21 \end{table}
                
A number should have been here; I inserted `0'.
(If you can't figure out why I needed to see a number,
look up `weird error' in the index to The TeXbook.)


LaTeX Warning: Marginpar on page 8 moved.

! Undefined control sequence.
\@addmarginpar ...vance \@mparbottom \dp \@marbox 
                                                  \global \advance \@mparbot...
l.21 \end{table}
                
The control sequence at the end of the top line
of your error message was never \def'ed. If you have
misspelled it (e.g., `\hobx'), type `I' and the correct
spelling (e.g., `I\hbox'). Otherwise just continue,
and I'll forget about whatever was undefined.

! Missing number, treated as zero.
<to be read again> 
                   \global 
l.21 \end{table}
                
A number should have been here; I inserted `0'.
(If you can't figure out why I needed to see a number,
look up `weird error' in the index to The TeXbook.)

! Undefined control sequence.
\@addmarginpar ...dvance \@tempdima -\ht \@marbox 
                                                  \global \setbox \@marbox \...
l.21 \end{table}
                
The control sequence at the end of the top line
of your error message was never \def'ed. If you have
misspelled it (e.g., `\hobx'), type `I' and the correct
spelling (e.g., `I\hbox'). Otherwise just continue,
and I'll forget about whatever was undefined.

! Missing number, treated as zero.
<to be read again> 
                   \global 
l.21 \end{table}
                
A number should have been here; I inserted `0'.
(If you can't figure out why I needed to see a number,
look up `weird error' in the index to The TeXbook.)

! Undefined control sequence.
\@addmarginpar ...marbox \global \setbox \@marbox 
                                                  \vbox {\vskip \@tempdima \...
l.21 \end{table}
                
The control sequence at the end of the top line
of your error message was never \def'ed. If you have
misspelled it (e.g., `\hobx'), type `I' and the correct
spelling (e.g., `I\hbox'). Otherwise just continue,
and I'll forget about whatever was undefined.

! Missing number, treated as zero.
<to be read again> 
                   \vbox 
l.21 \end{table}
                
A number should have been here; I inserted `0'.
(If you can't figure out why I needed to see a number,
look up `weird error' in the index to The TeXbook.)

! Undefined control sequence.
\@addmarginpar ...\vskip \@tempdima \box \@marbox 
                                                  }\global \ht \@marbox \z@ ...
l.21 \end{table}
                
The control sequence at the end of the top line
of your error message was never \def'ed. If you have
misspelled it (e.g., `\hobx'), type `I' and the correct
spelling (e.g., `I\hbox'). Otherwise just continue,
and I'll forget about whatever was undefined.

! Missing number, treated as zero.
<to be read again> 
                   }
l.21 \end{table}
                
A number should have been here; I inserted `0'.
(If you can't figure out why I needed to see a number,
look up `weird error' in the index to The TeXbook.)

! Undefined control sequence.
\@addmarginpar ... \@marbox }\global \ht \@marbox 
                                                  \z@ \global \dp \@marbox \...
l.21 \end{table}
                
The control sequence at the end of the top line
of your error message was never \def'ed. If you have
misspelled it (e.g., `\hobx'), type `I' and the correct
spelling (e.g., `I\hbox'). Otherwise just continue,
and I'll forget about whatever was undefined.

! Missing number, treated as zero.
<to be read again> 
                   \global 
l.21 \end{table}
                
A number should have been here; I inserted `0'.
(If you can't figure out why I needed to see a number,
look up `weird error' in the index to The TeXbook.)

! Illegal unit of measure (pt inserted).
<to be read again> 
                   \global 
l.21 \end{table}
                
Dimensions can be in units of em, ex, in, pt, pc,
cm, mm, dd, cc, nd, nc, bp, or sp; but yours is a new one!
I'll assume that you meant to say pt, for printer's points.
To recover gracefully from this error, it's best to
delete the erroneous units; e.g., type `2' to delete
two letters. (See Chapter 27 of The TeXbook.)

! Undefined control sequence.
\@addmarginpar ...marbox \z@ \global \dp \@marbox 
                                                  \z@ \kern -\@pagedp \noint...
l.21 \end{table}
                
The control sequence at the end of the top line
of your error message was never \def'ed. If you have
misspelled it (e.g., `\hobx'), type `I' and the correct
spelling (e.g., `I\hbox'). Otherwise just continue,
and I'll forget about whatever was undefined.

! Missing number, treated as zero.
<to be read again> 
                   \kern 
l.21 \end{table}
                
A number should have been here; I inserted `0'.
(If you can't figure out why I needed to see a number,
look up `weird error' in the index to The TeXbook.)

! Illegal unit of measure (pt inserted).
<to be read again> 
                   \kern 
l.21 \end{table}
                
Dimensions can be in units of em, ex, in, pt, pc,
cm, mm, dd, cc, nd, nc, bp, or sp; but yours is a new one!
I'll assume that you meant to say pt, for printer's points.
To recover gracefully from this error, it's best to
delete the erroneous units; e.g., type `2' to delete
two letters. (See Chapter 27 of The TeXbook.)

! Undefined control sequence.
\@addmarginpar ...arginparwidth \fi \box \@marbox 
                                                  \hss }\nointerlineskip \hb...
l.21 \end{table}
                
The control sequence at the end of the top line
of your error message was never \def'ed. If you have
misspelled it (e.g., `\hobx'), type `I' and the correct
spelling (e.g., `I\hbox'). Otherwise just continue,
and I'll forget about whatever was undefined.

! Missing number, treated as zero.
<to be read again> 
                   \hss 
l.21 \end{table}
                
A number should have been here; I inserted `0'.
(If you can't figure out why I needed to see a number,
look up `weird error' in the index to The TeXbook.)


! LaTeX Error: Too many unprocessed floats.

See the LaTeX manual or LaTeX Companion for explanation.
Type  H <return>  for immediate help.
 ...                                              
                                                  
l.22 \begin{table}[H]
                     
You've lost some text.  Try typing  <return>  to proceed.
If that doesn't work, type  X <return>  to quit.

! Undefined control sequence.
\@float@Hx ...ltovf \fi \global \setbox \@currbox 
                                                  \color@vbox \normalcolor \...
l.22 \begin{table}[H]
                     
The control sequence at the end of the top line
of your error message was never \def'ed. If you have
misspelled it (e.g., `\hobx'), type `I' and the correct
spelling (e.g., `I\hbox'). Otherwise just continue,
and I'll forget about whatever was undefined.

! Missing number, treated as zero.
<to be read again> 
                   \vbox 
l.22 \begin{table}[H]
                     
A number should have been here; I inserted `0'.
(If you can't figure out why I needed to see a number,
look up `weird error' in the index to The TeXbook.)

! Undefined control sequence.
\@largefloatcheck ->\ifdim \ht \@currbox 
                                         >\textheight \@tempdima -\textheigh...
l.47 \end{table}
                
The control sequence at the end of the top line
of your error message was never \def'ed. If you have
misspelled it (e.g., `\hobx'), type `I' and the correct
spelling (e.g., `I\hbox'). Otherwise just continue,
and I'll forget about whatever was undefined.

! Missing number, treated as zero.
<to be read again> 
                   >
l.47 \end{table}
                
A number should have been here; I inserted `0'.
(If you can't figure out why I needed to see a number,
look up `weird error' in the index to The TeXbook.)

! Undefined control sequence.
<argument> \@currbox 
                     
l.47 \end{table}
                
The control sequence at the end of the top line
of your error message was never \def'ed. If you have
misspelled it (e.g., `\hobx'), type `I' and the correct
spelling (e.g., `I\hbox'). Otherwise just continue,
and I'll forget about whatever was undefined.

! Argument of \@xnext has an extra }.
<inserted text> 
                \par 
l.47 \end{table}
                
I've run across a `}' that doesn't seem to match anything.
For example, `\def\a#1{...}' and `\a}' would produce
this error. If you simply proceed now, the `\par' that
I've just inserted will cause me to report a runaway
argument that might be the root of the problem. But if
your `}' was spurious, just type `2' and it will go away.

Runaway argument?
\@currbox \@currlist \ifnum \count \@currbox >\z@ \advance \@pageht \@pagedp \ETC.
! Paragraph ended before \@xnext was complete.
<to be read again> 
                   \par 
l.47 \end{table}
                
I suspect you've forgotten a `}', causing me to apply this
control sequence to too much text. How can we recover?
My plan is to forget the whole thing and hope for the best.

! Extra \else.
\end@float ...pdima \penalty \@floatpenalty \else 
                                                  \vadjust {\penalty -\@Miv ...
l.47 \end{table}
                
I'm ignoring this; it doesn't match any \if.

! You can't use `\vadjust' in vertical mode.
\end@float ...nalty \@floatpenalty \else \vadjust 
                                                  {\penalty -\@Miv \vbox {}\...
l.47 \end{table}
                
Sorry, but I'm not programmed to handle this case;
I'll just pretend that you didn't ask for it.
If you're in the wrong mode, you might be able to
return to the right one by typing `I}' or `I$' or `I\par'.

! Argument of \@xnext has an extra }.
<inserted text> 
                \par 
l.47 \end{table}
                
I've run across a `}' that doesn't seem to match anything.
For example, `\def\a#1{...}' and `\a}' would produce
this error. If you simply proceed now, the `\par' that
I've just inserted will cause me to report a runaway
argument that might be the root of the problem. But if
your `}' was spurious, just type `2' and it will go away.

Runaway argument?
\@currbox \@currlist \ifnum \count \@currbox >\z@ \advance \@pageht \@pagedp \ETC.
! Paragraph ended before \@xnext was complete.
<to be read again> 
                   \par 
l.47 \end{table}
                
I suspect you've forgotten a `}', causing me to apply this
control sequence to too much text. How can we recover?
My plan is to forget the whole thing and hope for the best.


! LaTeX Error: Too many unprocessed floats.

See the LaTeX manual or LaTeX Companion for explanation.
Type  H <return>  for immediate help.
 ...                                              
                                                  
l.48 \begin{table}[H]
                     
You've lost some text.  Try typing  <return>  to proceed.
If that doesn't work, type  X <return>  to quit.

! Undefined control sequence.
\@float@Hx ...ltovf \fi \global \setbox \@currbox 
                                                  \color@vbox \normalcolor \...
l.48 \begin{table}[H]
                     
The control sequence at the end of the top line
of your error message was never \def'ed. If you have
misspelled it (e.g., `\hobx'), type `I' and the correct
spelling (e.g., `I\hbox'). Otherwise just continue,
and I'll forget about whatever was undefined.

! Missing number, treated as zero.
<to be read again> 
                   \vbox 
l.48 \begin{table}[H]
                     
A number should have been here; I inserted `0'.
(If you can't figure out why I needed to see a number,
look up `weird error' in the index to The TeXbook.)

! Undefined control sequence.
\@largefloatcheck ->\ifdim \ht \@currbox 
                                         >\textheight \@tempdima -\textheigh...
l.73 \end{table}
                
The control sequence at the end of the top line
of your error message was never \def'ed. If you have
misspelled it (e.g., `\hobx'), type `I' and the correct
spelling (e.g., `I\hbox'). Otherwise just continue,
and I'll forget about whatever was undefined.

! Missing number, treated as zero.
<to be read again> 
                   >
l.73 \end{table}
                
A number should have been here; I inserted `0'.
(If you can't figure out why I needed to see a number,
look up `weird error' in the index to The TeXbook.)

! Undefined control sequence.
<argument> \@currbox 
                     
l.73 \end{table}
                
The control sequence at the end of the top line
of your error message was never \def'ed. If you have
misspelled it (e.g., `\hobx'), type `I' and the correct
spelling (e.g., `I\hbox'). Otherwise just continue,
and I'll forget about whatever was undefined.

! Missing number, treated as zero.
<to be read again> 
                   \@elt 
l.73 \end{table}
                
A number should have been here; I inserted `0'.
(If you can't figure out why I needed to see a number,
look up `weird error' in the index to The TeXbook.)

! Missing = inserted for \ifnum.
<to be read again> 
                   \@elt 
l.73 \end{table}
                
I was expecting to see `<', `=', or `>'. Didn't.

! Missing number, treated as zero.
<to be read again> 
                   \@elt 
l.73 \end{table}
                
A number should have been here; I inserted `0'.
(If you can't figure out why I needed to see a number,
look up `weird error' in the index to The TeXbook.)


! LaTeX Error: This may be a LaTeX bug.

See the LaTeX manual or LaTeX Companion for explanation.
Type  H <return>  for immediate help.
 ...                                              
                                                  
l.73 \end{table}
                
Call for help

! Undefined control sequence.
\@addmarginpar ...advance \@tempdima \ht \@marbox 
                                                  \ifdim \@tempdima >\z@ \@l...
l.73 \end{table}
                
The control sequence at the end of the top line
of your error message was never \def'ed. If you have
misspelled it (e.g., `\hobx'), type `I' and the correct
spelling (e.g., `I\hbox'). Otherwise just continue,
and I'll forget about whatever was undefined.

! Missing number, treated as zero.
<to be read again> 
                   \protect 
l.73 \end{table}
                
A number should have been here; I inserted `0'.
(If you can't figure out why I needed to see a number,
look up `weird error' in the index to The TeXbook.)


LaTeX Warning: Marginpar on page 8 moved.

! Undefined control sequence.
\@addmarginpar ...vance \@mparbottom \dp \@marbox 
                                                  \global \advance \@mparbot...
l.73 \end{table}
                
The control sequence at the end of the top line
of your error message was never \def'ed. If you have
misspelled it (e.g., `\hobx'), type `I' and the correct
spelling (e.g., `I\hbox'). Otherwise just continue,
and I'll forget about whatever was undefined.

! Missing number, treated as zero.
<to be read again> 
                   \global 
l.73 \end{table}
                
A number should have been here; I inserted `0'.
(If you can't figure out why I needed to see a number,
look up `weird error' in the index to The TeXbook.)

! Undefined control sequence.
\@addmarginpar ...dvance \@tempdima -\ht \@marbox 
                                                  \global \setbox \@marbox \...
l.73 \end{table}
                
The control sequence at the end of the top line
of your error message was never \def'ed. If you have
misspelled it (e.g., `\hobx'), type `I' and the correct
spelling (e.g., `I\hbox'). Otherwise just continue,
and I'll forget about whatever was undefined.

! Missing number, treated as zero.
<to be read again> 
                   \global 
l.73 \end{table}
                
A number should have been here; I inserted `0'.
(If you can't figure out why I needed to see a number,
look up `weird error' in the index to The TeXbook.)

! Undefined control sequence.
\@addmarginpar ...marbox \global \setbox \@marbox 
                                                  \vbox {\vskip \@tempdima \...
l.73 \end{table}
                
The control sequence at the end of the top line
of your error message was never \def'ed. If you have
misspelled it (e.g., `\hobx'), type `I' and the correct
spelling (e.g., `I\hbox'). Otherwise just continue,
and I'll forget about whatever was undefined.

! Missing number, treated as zero.
<to be read again> 
                   \vbox 
l.73 \end{table}
                
A number should have been here; I inserted `0'.
(If you can't figure out why I needed to see a number,
look up `weird error' in the index to The TeXbook.)

! Undefined control sequence.
\@addmarginpar ...\vskip \@tempdima \box \@marbox 
                                                  }\global \ht \@marbox \z@ ...
l.73 \end{table}
                
The control sequence at the end of the top line
of your error message was never \def'ed. If you have
misspelled it (e.g., `\hobx'), type `I' and the correct
spelling (e.g., `I\hbox'). Otherwise just continue,
and I'll forget about whatever was undefined.

! Missing number, treated as zero.
<to be read again> 
                   }
l.73 \end{table}
                
A number should have been here; I inserted `0'.
(If you can't figure out why I needed to see a number,
look up `weird error' in the index to The TeXbook.)

! Undefined control sequence.
\@addmarginpar ... \@marbox }\global \ht \@marbox 
                                                  \z@ \global \dp \@marbox \...
l.73 \end{table}
                
The control sequence at the end of the top line
of your error message was never \def'ed. If you have
misspelled it (e.g., `\hobx'), type `I' and the correct
spelling (e.g., `I\hbox'). Otherwise just continue,
and I'll forget about whatever was undefined.

! Missing number, treated as zero.
<to be read again> 
                   \global 
l.73 \end{table}
                
A number should have been here; I inserted `0'.
(If you can't figure out why I needed to see a number,
look up `weird error' in the index to The TeXbook.)

! Illegal unit of measure (pt inserted).
<to be read again> 
                   \global 
l.73 \end{table}
                
Dimensions can be in units of em, ex, in, pt, pc,
cm, mm, dd, cc, nd, nc, bp, or sp; but yours is a new one!
I'll assume that you meant to say pt, for printer's points.
To recover gracefully from this error, it's best to
delete the erroneous units; e.g., type `2' to delete
two letters. (See Chapter 27 of The TeXbook.)

! Undefined control sequence.
\@addmarginpar ...marbox \z@ \global \dp \@marbox 
                                                  \z@ \kern -\@pagedp \noint...
l.73 \end{table}
                
The control sequence at the end of the top line
of your error message was never \def'ed. If you have
misspelled it (e.g., `\hobx'), type `I' and the correct
spelling (e.g., `I\hbox'). Otherwise just continue,
and I'll forget about whatever was undefined.

! Missing number, treated as zero.
<to be read again> 
                   \kern 
l.73 \end{table}
                
A number should have been here; I inserted `0'.
(If you can't figure out why I needed to see a number,
look up `weird error' in the index to The TeXbook.)

! Illegal unit of measure (pt inserted).
<to be read again> 
                   \kern 
l.73 \end{table}
                
Dimensions can be in units of em, ex, in, pt, pc,
cm, mm, dd, cc, nd, nc, bp, or sp; but yours is a new one!
I'll assume that you meant to say pt, for printer's points.
To recover gracefully from this error, it's best to
delete the erroneous units; e.g., type `2' to delete
two letters. (See Chapter 27 of The TeXbook.)

! Undefined control sequence.
\@addmarginpar ...arginparwidth \fi \box \@marbox 
                                                  \hss }\nointerlineskip \hb...
l.73 \end{table}
                
The control sequence at the end of the top line
of your error message was never \def'ed. If you have
misspelled it (e.g., `\hobx'), type `I' and the correct
spelling (e.g., `I\hbox'). Otherwise just continue,
and I'll forget about whatever was undefined.

! Missing number, treated as zero.
<to be read again> 
                   \hss 
l.73 \end{table}
                
A number should have been here; I inserted `0'.
(If you can't figure out why I needed to see a number,
look up `weird error' in the index to The TeXbook.)


! LaTeX Error: Too many unprocessed floats.

See the LaTeX manual or LaTeX Companion for explanation.
Type  H <return>  for immediate help.
 ...                                              
                                                  
l.74 \begin{table}[H]
                     
You've lost some text.  Try typing  <return>  to proceed.
If that doesn't work, type  X <return>  to quit.

! Undefined control sequence.
\@float@Hx ...ltovf \fi \global \setbox \@currbox 
                                                  \color@vbox \normalcolor \...
l.74 \begin{table}[H]
                     
The control sequence at the end of the top line
of your error message was never \def'ed. If you have
misspelled it (e.g., `\hobx'), type `I' and the correct
spelling (e.g., `I\hbox'). Otherwise just continue,
and I'll forget about whatever was undefined.

! Missing number, treated as zero.
<to be read again> 
                   \vbox 
l.74 \begin{table}[H]
                     
A number should have been here; I inserted `0'.
(If you can't figure out why I needed to see a number,
look up `weird error' in the index to The TeXbook.)

! Undefined control sequence.
\@largefloatcheck ->\ifdim \ht \@currbox 
                                         >\textheight \@tempdima -\textheigh...
l.99 \end{table}
                
The control sequence at the end of the top line
of your error message was never \def'ed. If you have
misspelled it (e.g., `\hobx'), type `I' and the correct
spelling (e.g., `I\hbox'). Otherwise just continue,
and I'll forget about whatever was undefined.

! Missing number, treated as zero.
<to be read again> 
                   >
l.99 \end{table}
                
A number should have been here; I inserted `0'.
(If you can't figure out why I needed to see a number,
look up `weird error' in the index to The TeXbook.)

! Undefined control sequence.
<argument> \@currbox 
                     
l.99 \end{table}
                
The control sequence at the end of the top line
of your error message was never \def'ed. If you have
misspelled it (e.g., `\hobx'), type `I' and the correct
spelling (e.g., `I\hbox'). Otherwise just continue,
and I'll forget about whatever was undefined.

! Argument of \@xnext has an extra }.
<inserted text> 
                \par 
l.99 \end{table}
                
I've run across a `}' that doesn't seem to match anything.
For example, `\def\a#1{...}' and `\a}' would produce
this error. If you simply proceed now, the `\par' that
I've just inserted will cause me to report a runaway
argument that might be the root of the problem. But if
your `}' was spurious, just type `2' and it will go away.

Runaway argument?
\@currbox \@currlist \ifnum \count \@currbox >\z@ \advance \@pageht \@pagedp \ETC.
! Paragraph ended before \@xnext was complete.
<to be read again> 
                   \par 
l.99 \end{table}
                
I suspect you've forgotten a `}', causing me to apply this
control sequence to too much text. How can we recover?
My plan is to forget the whole thing and hope for the best.

! Extra \else.
\end@float ...pdima \penalty \@floatpenalty \else 
                                                  \vadjust {\penalty -\@Miv ...
l.99 \end{table}
                
I'm ignoring this; it doesn't match any \if.

! You can't use `\vadjust' in vertical mode.
\end@float ...nalty \@floatpenalty \else \vadjust 
                                                  {\penalty -\@Miv \vbox {}\...
l.99 \end{table}
                
Sorry, but I'm not programmed to handle this case;
I'll just pretend that you didn't ask for it.
If you're in the wrong mode, you might be able to
return to the right one by typing `I}' or `I$' or `I\par'.

! Argument of \@xnext has an extra }.
<inserted text> 
                \par 
l.99 \end{table}
                
I've run across a `}' that doesn't seem to match anything.
For example, `\def\a#1{...}' and `\a}' would produce
this error. If you simply proceed now, the `\par' that
I've just inserted will cause me to report a runaway
argument that might be the root of the problem. But if
your `}' was spurious, just type `2' and it will go away.

Runaway argument?
\@currbox \@currlist \ifnum \count \@currbox >\z@ \advance \@pageht \@pagedp \ETC.
! Paragraph ended before \@xnext was complete.
<to be read again> 
                   \par 
l.99 \end{table}
                
I suspect you've forgotten a `}', causing me to apply this
control sequence to too much text. How can we recover?
My plan is to forget the whole thing and hope for the best.

) (./results/small_classical_low_TMNL/results_table.tex

! LaTeX Error: Too many unprocessed floats.

See the LaTeX manual or LaTeX Companion for explanation.
Type  H <return>  for immediate help.
 ...                                              
                                                  
l.1 \begin{table}[H]
                    
You've lost some text.  Try typing  <return>  to proceed.
If that doesn't work, type  X <return>  to quit.

! Undefined control sequence.
\@float@Hx ...ltovf \fi \global \setbox \@currbox 
                                                  \color@vbox \normalcolor \...
l.1 \begin{table}[H]
                    
The control sequence at the end of the top line
of your error message was never \def'ed. If you have
misspelled it (e.g., `\hobx'), type `I' and the correct
spelling (e.g., `I\hbox'). Otherwise just continue,
and I'll forget about whatever was undefined.

! Missing number, treated as zero.
<to be read again> 
                   \vbox 
l.1 \begin{table}[H]
                    
A number should have been here; I inserted `0'.
(If you can't figure out why I needed to see a number,
look up `weird error' in the index to The TeXbook.)

! Undefined control sequence.
\@largefloatcheck ->\ifdim \ht \@currbox 
                                         >\textheight \@tempdima -\textheigh...
l.21 \end{table}
                
The control sequence at the end of the top line
of your error message was never \def'ed. If you have
misspelled it (e.g., `\hobx'), type `I' and the correct
spelling (e.g., `I\hbox'). Otherwise just continue,
and I'll forget about whatever was undefined.

! Missing number, treated as zero.
<to be read again> 
                   >
l.21 \end{table}
                
A number should have been here; I inserted `0'.
(If you can't figure out why I needed to see a number,
look up `weird error' in the index to The TeXbook.)

! Undefined control sequence.
<argument> \@currbox 
                     
l.21 \end{table}
                
The control sequence at the end of the top line
of your error message was never \def'ed. If you have
misspelled it (e.g., `\hobx'), type `I' and the correct
spelling (e.g., `I\hbox'). Otherwise just continue,
and I'll forget about whatever was undefined.

! Missing number, treated as zero.
<to be read again> 
                   \@elt 
l.21 \end{table}
                
A number should have been here; I inserted `0'.
(If you can't figure out why I needed to see a number,
look up `weird error' in the index to The TeXbook.)

! Missing = inserted for \ifnum.
<to be read again> 
                   \@elt 
l.21 \end{table}
                
I was expecting to see `<', `=', or `>'. Didn't.

! Missing number, treated as zero.
<to be read again> 
                   \@elt 
l.21 \end{table}
                
A number should have been here; I inserted `0'.
(If you can't figure out why I needed to see a number,
look up `weird error' in the index to The TeXbook.)


! LaTeX Error: This may be a LaTeX bug.

See the LaTeX manual or LaTeX Companion for explanation.
Type  H <return>  for immediate help.
 ...                                              
                                                  
l.21 \end{table}
                
Call for help

! Undefined control sequence.
\@addmarginpar ...advance \@tempdima \ht \@marbox 
                                                  \ifdim \@tempdima >\z@ \@l...
l.21 \end{table}
                
The control sequence at the end of the top line
of your error message was never \def'ed. If you have
misspelled it (e.g., `\hobx'), type `I' and the correct
spelling (e.g., `I\hbox'). Otherwise just continue,
and I'll forget about whatever was undefined.

! Missing number, treated as zero.
<to be read again> 
                   \protect 
l.21 \end{table}
                
A number should have been here; I inserted `0'.
(If you can't figure out why I needed to see a number,
look up `weird error' in the index to The TeXbook.)


LaTeX Warning: Marginpar on page 8 moved.

! Undefined control sequence.
\@addmarginpar ...vance \@mparbottom \dp \@marbox 
                                                  \global \advance \@mparbot...
l.21 \end{table}
                
The control sequence at the end of the top line
of your error message was never \def'ed. If you have
misspelled it (e.g., `\hobx'), type `I' and the correct
spelling (e.g., `I\hbox'). Otherwise just continue,
and I'll forget about whatever was undefined.

! Missing number, treated as zero.
<to be read again> 
                   \global 
l.21 \end{table}
                
A number should have been here; I inserted `0'.
(If you can't figure out why I needed to see a number,
look up `weird error' in the index to The TeXbook.)

! Undefined control sequence.
\@addmarginpar ...dvance \@tempdima -\ht \@marbox 
                                                  \global \setbox \@marbox \...
l.21 \end{table}
                
The control sequence at the end of the top line
of your error message was never \def'ed. If you have
misspelled it (e.g., `\hobx'), type `I' and the correct
spelling (e.g., `I\hbox'). Otherwise just continue,
and I'll forget about whatever was undefined.

! Missing number, treated as zero.
<to be read again> 
                   \global 
l.21 \end{table}
                
A number should have been here; I inserted `0'.
(If you can't figure out why I needed to see a number,
look up `weird error' in the index to The TeXbook.)

! Undefined control sequence.
\@addmarginpar ...marbox \global \setbox \@marbox 
                                                  \vbox {\vskip \@tempdima \...
l.21 \end{table}
                
The control sequence at the end of the top line
of your error message was never \def'ed. If you have
misspelled it (e.g., `\hobx'), type `I' and the correct
spelling (e.g., `I\hbox'). Otherwise just continue,
and I'll forget about whatever was undefined.

! Missing number, treated as zero.
<to be read again> 
                   \vbox 
l.21 \end{table}
                
A number should have been here; I inserted `0'.
(If you can't figure out why I needed to see a number,
look up `weird error' in the index to The TeXbook.)

! Undefined control sequence.
\@addmarginpar ...\vskip \@tempdima \box \@marbox 
                                                  }\global \ht \@marbox \z@ ...
l.21 \end{table}
                
The control sequence at the end of the top line
of your error message was never \def'ed. If you have
misspelled it (e.g., `\hobx'), type `I' and the correct
spelling (e.g., `I\hbox'). Otherwise just continue,
and I'll forget about whatever was undefined.

! Missing number, treated as zero.
<to be read again> 
                   }
l.21 \end{table}
                
A number should have been here; I inserted `0'.
(If you can't figure out why I needed to see a number,
look up `weird error' in the index to The TeXbook.)

! Undefined control sequence.
\@addmarginpar ... \@marbox }\global \ht \@marbox 
                                                  \z@ \global \dp \@marbox \...
l.21 \end{table}
                
The control sequence at the end of the top line
of your error message was never \def'ed. If you have
misspelled it (e.g., `\hobx'), type `I' and the correct
spelling (e.g., `I\hbox'). Otherwise just continue,
and I'll forget about whatever was undefined.

! Missing number, treated as zero.
<to be read again> 
                   \global 
l.21 \end{table}
                
A number should have been here; I inserted `0'.
(If you can't figure out why I needed to see a number,
look up `weird error' in the index to The TeXbook.)

! Illegal unit of measure (pt inserted).
<to be read again> 
                   \global 
l.21 \end{table}
                
Dimensions can be in units of em, ex, in, pt, pc,
cm, mm, dd, cc, nd, nc, bp, or sp; but yours is a new one!
I'll assume that you meant to say pt, for printer's points.
To recover gracefully from this error, it's best to
delete the erroneous units; e.g., type `2' to delete
two letters. (See Chapter 27 of The TeXbook.)

! Undefined control sequence.
\@addmarginpar ...marbox \z@ \global \dp \@marbox 
                                                  \z@ \kern -\@pagedp \noint...
l.21 \end{table}
                
The control sequence at the end of the top line
of your error message was never \def'ed. If you have
misspelled it (e.g., `\hobx'), type `I' and the correct
spelling (e.g., `I\hbox'). Otherwise just continue,
and I'll forget about whatever was undefined.

! Missing number, treated as zero.
<to be read again> 
                   \kern 
l.21 \end{table}
                
A number should have been here; I inserted `0'.
(If you can't figure out why I needed to see a number,
look up `weird error' in the index to The TeXbook.)

! Illegal unit of measure (pt inserted).
<to be read again> 
                   \kern 
l.21 \end{table}
                
Dimensions can be in units of em, ex, in, pt, pc,
cm, mm, dd, cc, nd, nc, bp, or sp; but yours is a new one!
I'll assume that you meant to say pt, for printer's points.
To recover gracefully from this error, it's best to
delete the erroneous units; e.g., type `2' to delete
two letters. (See Chapter 27 of The TeXbook.)

! Undefined control sequence.
\@addmarginpar ...arginparwidth \fi \box \@marbox 
                                                  \hss }\nointerlineskip \hb...
l.21 \end{table}
                
The control sequence at the end of the top line
of your error message was never \def'ed. If you have
misspelled it (e.g., `\hobx'), type `I' and the correct
spelling (e.g., `I\hbox'). Otherwise just continue,
and I'll forget about whatever was undefined.

! Missing number, treated as zero.
<to be read again> 
                   \hss 
l.21 \end{table}
                
A number should have been here; I inserted `0'.
(If you can't figure out why I needed to see a number,
look up `weird error' in the index to The TeXbook.)


! LaTeX Error: Too many unprocessed floats.

See the LaTeX manual or LaTeX Companion for explanation.
Type  H <return>  for immediate help.
 ...                                              
                                                  
l.22 \begin{table}[H]
                     
You've lost some text.  Try typing  <return>  to proceed.
If that doesn't work, type  X <return>  to quit.

! Undefined control sequence.
\@float@Hx ...ltovf \fi \global \setbox \@currbox 
                                                  \color@vbox \normalcolor \...
l.22 \begin{table}[H]
                     
The control sequence at the end of the top line
of your error message was never \def'ed. If you have
misspelled it (e.g., `\hobx'), type `I' and the correct
spelling (e.g., `I\hbox'). Otherwise just continue,
and I'll forget about whatever was undefined.

! Missing number, treated as zero.
<to be read again> 
                   \vbox 
l.22 \begin{table}[H]
                     
A number should have been here; I inserted `0'.
(If you can't figure out why I needed to see a number,
look up `weird error' in the index to The TeXbook.)

! Undefined control sequence.
\@largefloatcheck ->\ifdim \ht \@currbox 
                                         >\textheight \@tempdima -\textheigh...
l.46 \end{table}
                
The control sequence at the end of the top line
of your error message was never \def'ed. If you have
misspelled it (e.g., `\hobx'), type `I' and the correct
spelling (e.g., `I\hbox'). Otherwise just continue,
and I'll forget about whatever was undefined.

! Missing number, treated as zero.
<to be read again> 
                   >
l.46 \end{table}
                
A number should have been here; I inserted `0'.
(If you can't figure out why I needed to see a number,
look up `weird error' in the index to The TeXbook.)

! Undefined control sequence.
<argument> \@currbox 
                     
l.46 \end{table}
                
The control sequence at the end of the top line
of your error message was never \def'ed. If you have
misspelled it (e.g., `\hobx'), type `I' and the correct
spelling (e.g., `I\hbox'). Otherwise just continue,
and I'll forget about whatever was undefined.

! Argument of \@xnext has an extra }.
<inserted text> 
                \par 
l.46 \end{table}
                
I've run across a `}' that doesn't seem to match anything.
For example, `\def\a#1{...}' and `\a}' would produce
this error. If you simply proceed now, the `\par' that
I've just inserted will cause me to report a runaway
argument that might be the root of the problem. But if
your `}' was spurious, just type `2' and it will go away.

Runaway argument?
\@currbox \@currlist \ifnum \count \@currbox >\z@ \advance \@pageht \@pagedp \ETC.
! Paragraph ended before \@xnext was complete.
<to be read again> 
                   \par 
l.46 \end{table}
                
I suspect you've forgotten a `}', causing me to apply this
control sequence to too much text. How can we recover?
My plan is to forget the whole thing and hope for the best.

! Extra \else.
\end@float ...pdima \penalty \@floatpenalty \else 
                                                  \vadjust {\penalty -\@Miv ...
l.46 \end{table}
                
I'm ignoring this; it doesn't match any \if.

! You can't use `\vadjust' in vertical mode.
\end@float ...nalty \@floatpenalty \else \vadjust 
                                                  {\penalty -\@Miv \vbox {}\...
l.46 \end{table}
                
Sorry, but I'm not programmed to handle this case;
I'll just pretend that you didn't ask for it.
If you're in the wrong mode, you might be able to
return to the right one by typing `I}' or `I$' or `I\par'.

! Argument of \@xnext has an extra }.
<inserted text> 
                \par 
l.46 \end{table}
                
I've run across a `}' that doesn't seem to match anything.
For example, `\def\a#1{...}' and `\a}' would produce
this error. If you simply proceed now, the `\par' that
I've just inserted will cause me to report a runaway
argument that might be the root of the problem. But if
your `}' was spurious, just type `2' and it will go away.

Runaway argument?
\@currbox \@currlist \ifnum \count \@currbox >\z@ \advance \@pageht \@pagedp \ETC.
! Paragraph ended before \@xnext was complete.
<to be read again> 
                   \par 
l.46 \end{table}
                
I suspect you've forgotten a `}', causing me to apply this
control sequence to too much text. How can we recover?
My plan is to forget the whole thing and hope for the best.


! LaTeX Error: Too many unprocessed floats.

See the LaTeX manual or LaTeX Companion for explanation.
Type  H <return>  for immediate help.
 ...                                              
                                                  
l.47 \begin{table}[H]
                     
You've lost some text.  Try typing  <return>  to proceed.
If that doesn't work, type  X <return>  to quit.

! Undefined control sequence.
\@float@Hx ...ltovf \fi \global \setbox \@currbox 
                                                  \color@vbox \normalcolor \...
l.47 \begin{table}[H]
                     
The control sequence at the end of the top line
of your error message was never \def'ed. If you have
misspelled it (e.g., `\hobx'), type `I' and the correct
spelling (e.g., `I\hbox'). Otherwise just continue,
and I'll forget about whatever was undefined.

! Missing number, treated as zero.
<to be read again> 
                   \vbox 
l.47 \begin{table}[H]
                     
A number should have been here; I inserted `0'.
(If you can't figure out why I needed to see a number,
look up `weird error' in the index to The TeXbook.)

! Undefined control sequence.
\@largefloatcheck ->\ifdim \ht \@currbox 
                                         >\textheight \@tempdima -\textheigh...
l.71 \end{table}
                
The control sequence at the end of the top line
of your error message was never \def'ed. If you have
misspelled it (e.g., `\hobx'), type `I' and the correct
spelling (e.g., `I\hbox'). Otherwise just continue,
and I'll forget about whatever was undefined.

! Missing number, treated as zero.
<to be read again> 
                   >
l.71 \end{table}
                
A number should have been here; I inserted `0'.
(If you can't figure out why I needed to see a number,
look up `weird error' in the index to The TeXbook.)

! Undefined control sequence.
<argument> \@currbox 
                     
l.71 \end{table}
                
The control sequence at the end of the top line
of your error message was never \def'ed. If you have
misspelled it (e.g., `\hobx'), type `I' and the correct
spelling (e.g., `I\hbox'). Otherwise just continue,
and I'll forget about whatever was undefined.

! Missing number, treated as zero.
<to be read again> 
                   \@elt 
l.71 \end{table}
                
A number should have been here; I inserted `0'.
(If you can't figure out why I needed to see a number,
look up `weird error' in the index to The TeXbook.)

! Missing = inserted for \ifnum.
<to be read again> 
                   \@elt 
l.71 \end{table}
                
I was expecting to see `<', `=', or `>'. Didn't.

! Missing number, treated as zero.
<to be read again> 
                   \@elt 
l.71 \end{table}
                
A number should have been here; I inserted `0'.
(If you can't figure out why I needed to see a number,
look up `weird error' in the index to The TeXbook.)


! LaTeX Error: This may be a LaTeX bug.

See the LaTeX manual or LaTeX Companion for explanation.
Type  H <return>  for immediate help.
 ...                                              
                                                  
l.71 \end{table}
                
Call for help

! Undefined control sequence.
\@addmarginpar ...advance \@tempdima \ht \@marbox 
                                                  \ifdim \@tempdima >\z@ \@l...
l.71 \end{table}
                
The control sequence at the end of the top line
of your error message was never \def'ed. If you have
misspelled it (e.g., `\hobx'), type `I' and the correct
spelling (e.g., `I\hbox'). Otherwise just continue,
and I'll forget about whatever was undefined.

! Missing number, treated as zero.
<to be read again> 
                   \protect 
l.71 \end{table}
                
A number should have been here; I inserted `0'.
(If you can't figure out why I needed to see a number,
look up `weird error' in the index to The TeXbook.)


LaTeX Warning: Marginpar on page 8 moved.

! Undefined control sequence.
\@addmarginpar ...vance \@mparbottom \dp \@marbox 
                                                  \global \advance \@mparbot...
l.71 \end{table}
                
The control sequence at the end of the top line
of your error message was never \def'ed. If you have
misspelled it (e.g., `\hobx'), type `I' and the correct
spelling (e.g., `I\hbox'). Otherwise just continue,
and I'll forget about whatever was undefined.

! Missing number, treated as zero.
<to be read again> 
                   \global 
l.71 \end{table}
                
A number should have been here; I inserted `0'.
(If you can't figure out why I needed to see a number,
look up `weird error' in the index to The TeXbook.)

! Undefined control sequence.
\@addmarginpar ...dvance \@tempdima -\ht \@marbox 
                                                  \global \setbox \@marbox \...
l.71 \end{table}
                
The control sequence at the end of the top line
of your error message was never \def'ed. If you have
misspelled it (e.g., `\hobx'), type `I' and the correct
spelling (e.g., `I\hbox'). Otherwise just continue,
and I'll forget about whatever was undefined.

! Missing number, treated as zero.
<to be read again> 
                   \global 
l.71 \end{table}
                
A number should have been here; I inserted `0'.
(If you can't figure out why I needed to see a number,
look up `weird error' in the index to The TeXbook.)

! Undefined control sequence.
\@addmarginpar ...marbox \global \setbox \@marbox 
                                                  \vbox {\vskip \@tempdima \...
l.71 \end{table}
                
The control sequence at the end of the top line
of your error message was never \def'ed. If you have
misspelled it (e.g., `\hobx'), type `I' and the correct
spelling (e.g., `I\hbox'). Otherwise just continue,
and I'll forget about whatever was undefined.

! Missing number, treated as zero.
<to be read again> 
                   \vbox 
l.71 \end{table}
                
A number should have been here; I inserted `0'.
(If you can't figure out why I needed to see a number,
look up `weird error' in the index to The TeXbook.)

! Undefined control sequence.
\@addmarginpar ...\vskip \@tempdima \box \@marbox 
                                                  }\global \ht \@marbox \z@ ...
l.71 \end{table}
                
The control sequence at the end of the top line
of your error message was never \def'ed. If you have
misspelled it (e.g., `\hobx'), type `I' and the correct
spelling (e.g., `I\hbox'). Otherwise just continue,
and I'll forget about whatever was undefined.

! Missing number, treated as zero.
<to be read again> 
                   }
l.71 \end{table}
                
A number should have been here; I inserted `0'.
(If you can't figure out why I needed to see a number,
look up `weird error' in the index to The TeXbook.)

! Undefined control sequence.
\@addmarginpar ... \@marbox }\global \ht \@marbox 
                                                  \z@ \global \dp \@marbox \...
l.71 \end{table}
                
The control sequence at the end of the top line
of your error message was never \def'ed. If you have
misspelled it (e.g., `\hobx'), type `I' and the correct
spelling (e.g., `I\hbox'). Otherwise just continue,
and I'll forget about whatever was undefined.

! Missing number, treated as zero.
<to be read again> 
                   \global 
l.71 \end{table}
                
A number should have been here; I inserted `0'.
(If you can't figure out why I needed to see a number,
look up `weird error' in the index to The TeXbook.)

! Illegal unit of measure (pt inserted).
<to be read again> 
                   \global 
l.71 \end{table}
                
Dimensions can be in units of em, ex, in, pt, pc,
cm, mm, dd, cc, nd, nc, bp, or sp; but yours is a new one!
I'll assume that you meant to say pt, for printer's points.
To recover gracefully from this error, it's best to
delete the erroneous units; e.g., type `2' to delete
two letters. (See Chapter 27 of The TeXbook.)

! Undefined control sequence.
\@addmarginpar ...marbox \z@ \global \dp \@marbox 
                                                  \z@ \kern -\@pagedp \noint...
l.71 \end{table}
                
The control sequence at the end of the top line
of your error message was never \def'ed. If you have
misspelled it (e.g., `\hobx'), type `I' and the correct
spelling (e.g., `I\hbox'). Otherwise just continue,
and I'll forget about whatever was undefined.

! Missing number, treated as zero.
<to be read again> 
                   \kern 
l.71 \end{table}
                
A number should have been here; I inserted `0'.
(If you can't figure out why I needed to see a number,
look up `weird error' in the index to The TeXbook.)

! Illegal unit of measure (pt inserted).
<to be read again> 
                   \kern 
l.71 \end{table}
                
Dimensions can be in units of em, ex, in, pt, pc,
cm, mm, dd, cc, nd, nc, bp, or sp; but yours is a new one!
I'll assume that you meant to say pt, for printer's points.
To recover gracefully from this error, it's best to
delete the erroneous units; e.g., type `2' to delete
two letters. (See Chapter 27 of The TeXbook.)

! Undefined control sequence.
\@addmarginpar ...arginparwidth \fi \box \@marbox 
                                                  \hss }\nointerlineskip \hb...
l.71 \end{table}
                
The control sequence at the end of the top line
of your error message was never \def'ed. If you have
misspelled it (e.g., `\hobx'), type `I' and the correct
spelling (e.g., `I\hbox'). Otherwise just continue,
and I'll forget about whatever was undefined.

! Missing number, treated as zero.
<to be read again> 
                   \hss 
l.71 \end{table}
                
A number should have been here; I inserted `0'.
(If you can't figure out why I needed to see a number,
look up `weird error' in the index to The TeXbook.)


! LaTeX Error: Too many unprocessed floats.

See the LaTeX manual or LaTeX Companion for explanation.
Type  H <return>  for immediate help.
 ...                                              
                                                  
l.72 \begin{table}[H]
                     
You've lost some text.  Try typing  <return>  to proceed.
If that doesn't work, type  X <return>  to quit.

! Undefined control sequence.
\@float@Hx ...ltovf \fi \global \setbox \@currbox 
                                                  \color@vbox \normalcolor \...
l.72 \begin{table}[H]
                     
The control sequence at the end of the top line
of your error message was never \def'ed. If you have
misspelled it (e.g., `\hobx'), type `I' and the correct
spelling (e.g., `I\hbox'). Otherwise just continue,
and I'll forget about whatever was undefined.

! Missing number, treated as zero.
<to be read again> 
                   \vbox 
l.72 \begin{table}[H]
                     
A number should have been here; I inserted `0'.
(If you can't figure out why I needed to see a number,
look up `weird error' in the index to The TeXbook.)

! Undefined control sequence.
\@largefloatcheck ->\ifdim \ht \@currbox 
                                         >\textheight \@tempdima -\textheigh...
l.96 \end{table}
                
The control sequence at the end of the top line
of your error message was never \def'ed. If you have
misspelled it (e.g., `\hobx'), type `I' and the correct
spelling (e.g., `I\hbox'). Otherwise just continue,
and I'll forget about whatever was undefined.

! Missing number, treated as zero.
<to be read again> 
                   >
l.96 \end{table}
                
A number should have been here; I inserted `0'.
(If you can't figure out why I needed to see a number,
look up `weird error' in the index to The TeXbook.)

! Undefined control sequence.
<argument> \@currbox 
                     
l.96 \end{table}
                
The control sequence at the end of the top line
of your error message was never \def'ed. If you have
misspelled it (e.g., `\hobx'), type `I' and the correct
spelling (e.g., `I\hbox'). Otherwise just continue,
and I'll forget about whatever was undefined.

! Argument of \@xnext has an extra }.
<inserted text> 
                \par 
l.96 \end{table}
                
I've run across a `}' that doesn't seem to match anything.
For example, `\def\a#1{...}' and `\a}' would produce
this error. If you simply proceed now, the `\par' that
I've just inserted will cause me to report a runaway
argument that might be the root of the problem. But if
your `}' was spurious, just type `2' and it will go away.

Runaway argument?
\@currbox \@currlist \ifnum \count \@currbox >\z@ \advance \@pageht \@pagedp \ETC.
! Paragraph ended before \@xnext was complete.
<to be read again> 
                   \par 
l.96 \end{table}
                
I suspect you've forgotten a `}', causing me to apply this
control sequence to too much text. How can we recover?
My plan is to forget the whole thing and hope for the best.

! Extra \else.
\end@float ...pdima \penalty \@floatpenalty \else 
                                                  \vadjust {\penalty -\@Miv ...
l.96 \end{table}
                
I'm ignoring this; it doesn't match any \if.

! You can't use `\vadjust' in vertical mode.
\end@float ...nalty \@floatpenalty \else \vadjust 
                                                  {\penalty -\@Miv \vbox {}\...
l.96 \end{table}
                
Sorry, but I'm not programmed to handle this case;
I'll just pretend that you didn't ask for it.
If you're in the wrong mode, you might be able to
return to the right one by typing `I}' or `I$' or `I\par'.

! Argument of \@xnext has an extra }.
<inserted text> 
                \par 
l.96 \end{table}
                
I've run across a `}' that doesn't seem to match anything.
For example, `\def\a#1{...}' and `\a}' would produce
this error. If you simply proceed now, the `\par' that
I've just inserted will cause me to report a runaway
argument that might be the root of the problem. But if
your `}' was spurious, just type `2' and it will go away.

Runaway argument?
\@currbox \@currlist \ifnum \count \@currbox >\z@ \advance \@pageht \@pagedp \ETC.
! Paragraph ended before \@xnext was complete.
<to be read again> 
                   \par 
l.96 \end{table}
                
I suspect you've forgotten a `}', causing me to apply this
control sequence to too much text. How can we recover?
My plan is to forget the whole thing and hope for the best.


! LaTeX Error: Too many unprocessed floats.

See the LaTeX manual or LaTeX Companion for explanation.
Type  H <return>  for immediate help.
 ...                                              
                                                  
l.97 \begin{table}[H]
                     
You've lost some text.  Try typing  <return>  to proceed.
If that doesn't work, type  X <return>  to quit.

! Undefined control sequence.
\@float@Hx ...ltovf \fi \global \setbox \@currbox 
                                                  \color@vbox \normalcolor \...
l.97 \begin{table}[H]
                     
The control sequence at the end of the top line
of your error message was never \def'ed. If you have
misspelled it (e.g., `\hobx'), type `I' and the correct
spelling (e.g., `I\hbox'). Otherwise just continue,
and I'll forget about whatever was undefined.

! Missing number, treated as zero.
<to be read again> 
                   \vbox 
l.97 \begin{table}[H]
                     
A number should have been here; I inserted `0'.
(If you can't figure out why I needed to see a number,
look up `weird error' in the index to The TeXbook.)

! Undefined control sequence.
\@largefloatcheck ->\ifdim \ht \@currbox 
                                         >\textheight \@tempdima -\textheigh...
l.121 \end{table}
                 
The control sequence at the end of the top line
of your error message was never \def'ed. If you have
misspelled it (e.g., `\hobx'), type `I' and the correct
spelling (e.g., `I\hbox'). Otherwise just continue,
and I'll forget about whatever was undefined.

! Missing number, treated as zero.
<to be read again> 
                   >
l.121 \end{table}
                 
A number should have been here; I inserted `0'.
(If you can't figure out why I needed to see a number,
look up `weird error' in the index to The TeXbook.)

! Undefined control sequence.
<argument> \@currbox 
                     
l.121 \end{table}
                 
The control sequence at the end of the top line
of your error message was never \def'ed. If you have
misspelled it (e.g., `\hobx'), type `I' and the correct
spelling (e.g., `I\hbox'). Otherwise just continue,
and I'll forget about whatever was undefined.

! Missing number, treated as zero.
<to be read again> 
                   \@elt 
l.121 \end{table}
                 
A number should have been here; I inserted `0'.
(If you can't figure out why I needed to see a number,
look up `weird error' in the index to The TeXbook.)

! Missing = inserted for \ifnum.
<to be read again> 
                   \@elt 
l.121 \end{table}
                 
I was expecting to see `<', `=', or `>'. Didn't.

! Missing number, treated as zero.
<to be read again> 
                   \@elt 
l.121 \end{table}
                 
A number should have been here; I inserted `0'.
(If you can't figure out why I needed to see a number,
look up `weird error' in the index to The TeXbook.)


! LaTeX Error: This may be a LaTeX bug.

See the LaTeX manual or LaTeX Companion for explanation.
Type  H <return>  for immediate help.
 ...                                              
                                                  
l.121 \end{table}
                 
Call for help

! Undefined control sequence.
\@addmarginpar ...advance \@tempdima \ht \@marbox 
                                                  \ifdim \@tempdima >\z@ \@l...
l.121 \end{table}
                 
The control sequence at the end of the top line
of your error message was never \def'ed. If you have
misspelled it (e.g., `\hobx'), type `I' and the correct
spelling (e.g., `I\hbox'). Otherwise just continue,
and I'll forget about whatever was undefined.

! Missing number, treated as zero.
<to be read again> 
                   \protect 
l.121 \end{table}
                 
A number should have been here; I inserted `0'.
(If you can't figure out why I needed to see a number,
look up `weird error' in the index to The TeXbook.)


LaTeX Warning: Marginpar on page 8 moved.

! Undefined control sequence.
\@addmarginpar ...vance \@mparbottom \dp \@marbox 
                                                  \global \advance \@mparbot...
l.121 \end{table}
                 
The control sequence at the end of the top line
of your error message was never \def'ed. If you have
misspelled it (e.g., `\hobx'), type `I' and the correct
spelling (e.g., `I\hbox'). Otherwise just continue,
and I'll forget about whatever was undefined.

! Missing number, treated as zero.
<to be read again> 
                   \global 
l.121 \end{table}
                 
A number should have been here; I inserted `0'.
(If you can't figure out why I needed to see a number,
look up `weird error' in the index to The TeXbook.)

! Undefined control sequence.
\@addmarginpar ...dvance \@tempdima -\ht \@marbox 
                                                  \global \setbox \@marbox \...
l.121 \end{table}
                 
The control sequence at the end of the top line
of your error message was never \def'ed. If you have
misspelled it (e.g., `\hobx'), type `I' and the correct
spelling (e.g., `I\hbox'). Otherwise just continue,
and I'll forget about whatever was undefined.

! Missing number, treated as zero.
<to be read again> 
                   \global 
l.121 \end{table}
                 
A number should have been here; I inserted `0'.
(If you can't figure out why I needed to see a number,
look up `weird error' in the index to The TeXbook.)

! Undefined control sequence.
\@addmarginpar ...marbox \global \setbox \@marbox 
                                                  \vbox {\vskip \@tempdima \...
l.121 \end{table}
                 
The control sequence at the end of the top line
of your error message was never \def'ed. If you have
misspelled it (e.g., `\hobx'), type `I' and the correct
spelling (e.g., `I\hbox'). Otherwise just continue,
and I'll forget about whatever was undefined.

! Missing number, treated as zero.
<to be read again> 
                   \vbox 
l.121 \end{table}
                 
A number should have been here; I inserted `0'.
(If you can't figure out why I needed to see a number,
look up `weird error' in the index to The TeXbook.)

! Undefined control sequence.
\@addmarginpar ...\vskip \@tempdima \box \@marbox 
                                                  }\global \ht \@marbox \z@ ...
l.121 \end{table}
                 
The control sequence at the end of the top line
of your error message was never \def'ed. If you have
misspelled it (e.g., `\hobx'), type `I' and the correct
spelling (e.g., `I\hbox'). Otherwise just continue,
and I'll forget about whatever was undefined.

! Missing number, treated as zero.
<to be read again> 
                   }
l.121 \end{table}
                 
A number should have been here; I inserted `0'.
(If you can't figure out why I needed to see a number,
look up `weird error' in the index to The TeXbook.)

! Undefined control sequence.
\@addmarginpar ... \@marbox }\global \ht \@marbox 
                                                  \z@ \global \dp \@marbox \...
l.121 \end{table}
                 
The control sequence at the end of the top line
of your error message was never \def'ed. If you have
misspelled it (e.g., `\hobx'), type `I' and the correct
spelling (e.g., `I\hbox'). Otherwise just continue,
and I'll forget about whatever was undefined.

! Missing number, treated as zero.
<to be read again> 
                   \global 
l.121 \end{table}
                 
A number should have been here; I inserted `0'.
(If you can't figure out why I needed to see a number,
look up `weird error' in the index to The TeXbook.)

! Illegal unit of measure (pt inserted).
<to be read again> 
                   \global 
l.121 \end{table}
                 
Dimensions can be in units of em, ex, in, pt, pc,
cm, mm, dd, cc, nd, nc, bp, or sp; but yours is a new one!
I'll assume that you meant to say pt, for printer's points.
To recover gracefully from this error, it's best to
delete the erroneous units; e.g., type `2' to delete
two letters. (See Chapter 27 of The TeXbook.)

! Undefined control sequence.
\@addmarginpar ...marbox \z@ \global \dp \@marbox 
                                                  \z@ \kern -\@pagedp \noint...
l.121 \end{table}
                 
The control sequence at the end of the top line
of your error message was never \def'ed. If you have
misspelled it (e.g., `\hobx'), type `I' and the correct
spelling (e.g., `I\hbox'). Otherwise just continue,
and I'll forget about whatever was undefined.

! Missing number, treated as zero.
<to be read again> 
                   \kern 
l.121 \end{table}
                 
A number should have been here; I inserted `0'.
(If you can't figure out why I needed to see a number,
look up `weird error' in the index to The TeXbook.)

! Illegal unit of measure (pt inserted).
<to be read again> 
                   \kern 
l.121 \end{table}
                 
Dimensions can be in units of em, ex, in, pt, pc,
cm, mm, dd, cc, nd, nc, bp, or sp; but yours is a new one!
I'll assume that you meant to say pt, for printer's points.
To recover gracefully from this error, it's best to
delete the erroneous units; e.g., type `2' to delete
two letters. (See Chapter 27 of The TeXbook.)

! Undefined control sequence.
\@addmarginpar ...arginparwidth \fi \box \@marbox 
                                                  \hss }\nointerlineskip \hb...
l.121 \end{table}
                 
The control sequence at the end of the top line
of your error message was never \def'ed. If you have
misspelled it (e.g., `\hobx'), type `I' and the correct
spelling (e.g., `I\hbox'). Otherwise just continue,
and I'll forget about whatever was undefined.

! Missing number, treated as zero.
<to be read again> 
                   \hss 
l.121 \end{table}
                 
A number should have been here; I inserted `0'.
(If you can't figure out why I needed to see a number,
look up `weird error' in the index to The TeXbook.)

)

[8
pdfTeX warning (ext4): destination with the same identifier (name{table.4}) has been already used, duplicate ignored
<argument> ...shipout:D \box_use:N \l_shipout_box 
                                                  \__shipout_drop_firstpage_...
l.143 \paragraph
                {High Price Sensitivity}
pdfTeX warning (ext4): destination with the same identifier (name{table.66}) has been already used, duplicate ignored
<argument> ...shipout:D \box_use:N \l_shipout_box 
                                                  \__shipout_drop_firstpage_...
l.143 \paragraph
                {High Price Sensitivity}
pdfTeX warning (ext4): destination with the same identifier (name{table.69}) has been already used, duplicate ignored
<argument> ...shipout:D \box_use:N \l_shipout_box 
                                                  \__shipout_drop_firstpage_...
l.143 \paragraph
                {High Price Sensitivity}
pdfTeX warning (ext4): destination with the same identifier (name{table.71}) has been already used, duplicate ignored
<argument> ...shipout:D \box_use:N \l_shipout_box 
                                                  \__shipout_drop_firstpage_...
l.143 \paragraph
                {High Price Sensitivity}
pdfTeX warning (ext4): destination with the same identifier (name{table.72}) has been already used, duplicate ignored
<argument> ...shipout:D \box_use:N \l_shipout_box 
                                                  \__shipout_drop_firstpage_...
l.143 \paragraph
                {High Price Sensitivity}
pdfTeX warning (ext4): destination with the same identifier (name{table.74}) has been already used, duplicate ignored
<argument> ...shipout:D \box_use:N \l_shipout_box 
                                                  \__shipout_drop_firstpage_...
l.143 \paragraph
                {High Price Sensitivity}
pdfTeX warning (ext4): destination with the same identifier (name{table.77}) has been already used, duplicate ignored
<argument> ...shipout:D \box_use:N \l_shipout_box 
                                                  \__shipout_drop_firstpage_...
l.143 \paragraph
                {High Price Sensitivity}
pdfTeX warning (ext4): destination with the same identifier (name{table.80}) has been already used, duplicate ignored
<argument> ...shipout:D \box_use:N \l_shipout_box 
                                                  \__shipout_drop_firstpage_...
l.143 \paragraph
                {High Price Sensitivity}
pdfTeX warning (ext4): destination with the same identifier (name{table.83}) has been already used, duplicate ignored
<argument> ...shipout:D \box_use:N \l_shipout_box 
                                                  \__shipout_drop_firstpage_...
l.143 \paragraph
                {High Price Sensitivity}
pdfTeX warning (ext4): destination with the same identifier (name{table.85}) has been already used, duplicate ignored
<argument> ...shipout:D \box_use:N \l_shipout_box 
                                                  \__shipout_drop_firstpage_...
l.143 \paragraph
                {High Price Sensitivity}] (./results/small_classical_high_TMNL/results_table.tex

! LaTeX Error: Too many unprocessed floats.

See the LaTeX manual or LaTeX Companion for explanation.
Type  H <return>  for immediate help.
 ...                                              
                                                  
l.47 \begin{table}[H]
                     
You've lost some text.  Try typing  <return>  to proceed.
If that doesn't work, type  X <return>  to quit.

! Undefined control sequence.
\@float@Hx ...ltovf \fi \global \setbox \@currbox 
                                                  \color@vbox \normalcolor \...
l.47 \begin{table}[H]
                     
The control sequence at the end of the top line
of your error message was never \def'ed. If you have
misspelled it (e.g., `\hobx'), type `I' and the correct
spelling (e.g., `I\hbox'). Otherwise just continue,
and I'll forget about whatever was undefined.

! Missing number, treated as zero.
<to be read again> 
                   \vbox 
l.47 \begin{table}[H]
                     
A number should have been here; I inserted `0'.
(If you can't figure out why I needed to see a number,
look up `weird error' in the index to The TeXbook.)

! Undefined control sequence.
\@largefloatcheck ->\ifdim \ht \@currbox 
                                         >\textheight \@tempdima -\textheigh...
l.71 \end{table}
                
The control sequence at the end of the top line
of your error message was never \def'ed. If you have
misspelled it (e.g., `\hobx'), type `I' and the correct
spelling (e.g., `I\hbox'). Otherwise just continue,
and I'll forget about whatever was undefined.

! Missing number, treated as zero.
<to be read again> 
                   >
l.71 \end{table}
                
A number should have been here; I inserted `0'.
(If you can't figure out why I needed to see a number,
look up `weird error' in the index to The TeXbook.)

! Undefined control sequence.
<argument> \@currbox 
                     
l.71 \end{table}
                
The control sequence at the end of the top line
of your error message was never \def'ed. If you have
misspelled it (e.g., `\hobx'), type `I' and the correct
spelling (e.g., `I\hbox'). Otherwise just continue,
and I'll forget about whatever was undefined.

! Argument of \@xnext has an extra }.
<inserted text> 
                \par 
l.71 \end{table}
                
I've run across a `}' that doesn't seem to match anything.
For example, `\def\a#1{...}' and `\a}' would produce
this error. If you simply proceed now, the `\par' that
I've just inserted will cause me to report a runaway
argument that might be the root of the problem. But if
your `}' was spurious, just type `2' and it will go away.

Runaway argument?
\@currbox \@currlist \ifnum \count \@currbox >\z@ \advance \@pageht \@pagedp \ETC.
! Paragraph ended before \@xnext was complete.
<to be read again> 
                   \par 
l.71 \end{table}
                
I suspect you've forgotten a `}', causing me to apply this
control sequence to too much text. How can we recover?
My plan is to forget the whole thing and hope for the best.

! Extra \else.
\end@float ...pdima \penalty \@floatpenalty \else 
                                                  \vadjust {\penalty -\@Miv ...
l.71 \end{table}
                
I'm ignoring this; it doesn't match any \if.

! You can't use `\vadjust' in vertical mode.
\end@float ...nalty \@floatpenalty \else \vadjust 
                                                  {\penalty -\@Miv \vbox {}\...
l.71 \end{table}
                
Sorry, but I'm not programmed to handle this case;
I'll just pretend that you didn't ask for it.
If you're in the wrong mode, you might be able to
return to the right one by typing `I}' or `I$' or `I\par'.

! Argument of \@xnext has an extra }.
<inserted text> 
                \par 
l.71 \end{table}
                
I've run across a `}' that doesn't seem to match anything.
For example, `\def\a#1{...}' and `\a}' would produce
this error. If you simply proceed now, the `\par' that
I've just inserted will cause me to report a runaway
argument that might be the root of the problem. But if
your `}' was spurious, just type `2' and it will go away.

Runaway argument?
\@currbox \@currlist \ifnum \count \@currbox >\z@ \advance \@pageht \@pagedp \ETC.
! Paragraph ended before \@xnext was complete.
<to be read again> 
                   \par 
l.71 \end{table}
                
I suspect you've forgotten a `}', causing me to apply this
control sequence to too much text. How can we recover?
My plan is to forget the whole thing and hope for the best.


! LaTeX Error: Too many unprocessed floats.

See the LaTeX manual or LaTeX Companion for explanation.
Type  H <return>  for immediate help.
 ...                                              
                                                  
l.72 \begin{table}[H]
                     
You've lost some text.  Try typing  <return>  to proceed.
If that doesn't work, type  X <return>  to quit.

! Undefined control sequence.
\@float@Hx ...ltovf \fi \global \setbox \@currbox 
                                                  \color@vbox \normalcolor \...
l.72 \begin{table}[H]
                     
The control sequence at the end of the top line
of your error message was never \def'ed. If you have
misspelled it (e.g., `\hobx'), type `I' and the correct
spelling (e.g., `I\hbox'). Otherwise just continue,
and I'll forget about whatever was undefined.

! Missing number, treated as zero.
<to be read again> 
                   \vbox 
l.72 \begin{table}[H]
                     
A number should have been here; I inserted `0'.
(If you can't figure out why I needed to see a number,
look up `weird error' in the index to The TeXbook.)

! Undefined control sequence.
\@largefloatcheck ->\ifdim \ht \@currbox 
                                         >\textheight \@tempdima -\textheigh...
l.96 \end{table}
                
The control sequence at the end of the top line
of your error message was never \def'ed. If you have
misspelled it (e.g., `\hobx'), type `I' and the correct
spelling (e.g., `I\hbox'). Otherwise just continue,
and I'll forget about whatever was undefined.

! Missing number, treated as zero.
<to be read again> 
                   >
l.96 \end{table}
                
A number should have been here; I inserted `0'.
(If you can't figure out why I needed to see a number,
look up `weird error' in the index to The TeXbook.)

! Undefined control sequence.
<argument> \@currbox 
                     
l.96 \end{table}
                
The control sequence at the end of the top line
of your error message was never \def'ed. If you have
misspelled it (e.g., `\hobx'), type `I' and the correct
spelling (e.g., `I\hbox'). Otherwise just continue,
and I'll forget about whatever was undefined.

! Missing number, treated as zero.
<to be read again> 
                   \@elt 
l.96 \end{table}
                
A number should have been here; I inserted `0'.
(If you can't figure out why I needed to see a number,
look up `weird error' in the index to The TeXbook.)

! Missing = inserted for \ifnum.
<to be read again> 
                   \@elt 
l.96 \end{table}
                
I was expecting to see `<', `=', or `>'. Didn't.

! Missing number, treated as zero.
<to be read again> 
                   \@elt 
l.96 \end{table}
                
A number should have been here; I inserted `0'.
(If you can't figure out why I needed to see a number,
look up `weird error' in the index to The TeXbook.)


! LaTeX Error: This may be a LaTeX bug.

See the LaTeX manual or LaTeX Companion for explanation.
Type  H <return>  for immediate help.
 ...                                              
                                                  
l.96 \end{table}
                
Call for help

! Undefined control sequence.
\@addmarginpar ...advance \@tempdima \ht \@marbox 
                                                  \ifdim \@tempdima >\z@ \@l...
l.96 \end{table}
                
The control sequence at the end of the top line
of your error message was never \def'ed. If you have
misspelled it (e.g., `\hobx'), type `I' and the correct
spelling (e.g., `I\hbox'). Otherwise just continue,
and I'll forget about whatever was undefined.

! Bad register code (-1458863).
\@addmarginpar ...e \space moved}\else \@tempdima 
                                                  \z@ \fi \global \@mparbott...
l.96 \end{table}
                
A register number must be between 0 and 32767.
I changed this one to zero.

! Missing number, treated as zero.
<to be read again> 
                   \global 
l.96 \end{table}
                
A number should have been here; I inserted `0'.
(If you can't figure out why I needed to see a number,
look up `weird error' in the index to The TeXbook.)

! Illegal unit of measure (pt inserted).
<to be read again> 
                   \global 
l.96 \end{table}
                
Dimensions can be in units of em, ex, in, pt, pc,
cm, mm, dd, cc, nd, nc, bp, or sp; but yours is a new one!
I'll assume that you meant to say pt, for printer's points.
To recover gracefully from this error, it's best to
delete the erroneous units; e.g., type `2' to delete
two letters. (See Chapter 27 of The TeXbook.)

! Undefined control sequence.
\@addmarginpar ...vance \@mparbottom \dp \@marbox 
                                                  \global \advance \@mparbot...
l.96 \end{table}
                
The control sequence at the end of the top line
of your error message was never \def'ed. If you have
misspelled it (e.g., `\hobx'), type `I' and the correct
spelling (e.g., `I\hbox'). Otherwise just continue,
and I'll forget about whatever was undefined.

! Missing number, treated as zero.
<to be read again> 
                   \global 
l.96 \end{table}
                
A number should have been here; I inserted `0'.
(If you can't figure out why I needed to see a number,
look up `weird error' in the index to The TeXbook.)

! Undefined control sequence.
\@addmarginpar ...dvance \@tempdima -\ht \@marbox 
                                                  \global \setbox \@marbox \...
l.96 \end{table}
                
The control sequence at the end of the top line
of your error message was never \def'ed. If you have
misspelled it (e.g., `\hobx'), type `I' and the correct
spelling (e.g., `I\hbox'). Otherwise just continue,
and I'll forget about whatever was undefined.

! Missing number, treated as zero.
<to be read again> 
                   \global 
l.96 \end{table}
                
A number should have been here; I inserted `0'.
(If you can't figure out why I needed to see a number,
look up `weird error' in the index to The TeXbook.)

! Undefined control sequence.
\@addmarginpar ...marbox \global \setbox \@marbox 
                                                  \vbox {\vskip \@tempdima \...
l.96 \end{table}
                
The control sequence at the end of the top line
of your error message was never \def'ed. If you have
misspelled it (e.g., `\hobx'), type `I' and the correct
spelling (e.g., `I\hbox'). Otherwise just continue,
and I'll forget about whatever was undefined.

! Missing number, treated as zero.
<to be read again> 
                   \vbox 
l.96 \end{table}
                
A number should have been here; I inserted `0'.
(If you can't figure out why I needed to see a number,
look up `weird error' in the index to The TeXbook.)

! Undefined control sequence.
\@addmarginpar ...\vskip \@tempdima \box \@marbox 
                                                  }\global \ht \@marbox \z@ ...
l.96 \end{table}
                
The control sequence at the end of the top line
of your error message was never \def'ed. If you have
misspelled it (e.g., `\hobx'), type `I' and the correct
spelling (e.g., `I\hbox'). Otherwise just continue,
and I'll forget about whatever was undefined.

! Missing number, treated as zero.
<to be read again> 
                   }
l.96 \end{table}
                
A number should have been here; I inserted `0'.
(If you can't figure out why I needed to see a number,
look up `weird error' in the index to The TeXbook.)

! Undefined control sequence.
\@addmarginpar ... \@marbox }\global \ht \@marbox 
                                                  \z@ \global \dp \@marbox \...
l.96 \end{table}
                
The control sequence at the end of the top line
of your error message was never \def'ed. If you have
misspelled it (e.g., `\hobx'), type `I' and the correct
spelling (e.g., `I\hbox'). Otherwise just continue,
and I'll forget about whatever was undefined.

! Missing number, treated as zero.
<to be read again> 
                   \global 
l.96 \end{table}
                
A number should have been here; I inserted `0'.
(If you can't figure out why I needed to see a number,
look up `weird error' in the index to The TeXbook.)

! Illegal unit of measure (pt inserted).
<to be read again> 
                   \global 
l.96 \end{table}
                
Dimensions can be in units of em, ex, in, pt, pc,
cm, mm, dd, cc, nd, nc, bp, or sp; but yours is a new one!
I'll assume that you meant to say pt, for printer's points.
To recover gracefully from this error, it's best to
delete the erroneous units; e.g., type `2' to delete
two letters. (See Chapter 27 of The TeXbook.)

! Undefined control sequence.
\@addmarginpar ...marbox \z@ \global \dp \@marbox 
                                                  \z@ \kern -\@pagedp \noint...
l.96 \end{table}
                
The control sequence at the end of the top line
of your error message was never \def'ed. If you have
misspelled it (e.g., `\hobx'), type `I' and the correct
spelling (e.g., `I\hbox'). Otherwise just continue,
and I'll forget about whatever was undefined.

! Missing number, treated as zero.
<to be read again> 
                   \kern 
l.96 \end{table}
                
A number should have been here; I inserted `0'.
(If you can't figure out why I needed to see a number,
look up `weird error' in the index to The TeXbook.)

! Illegal unit of measure (pt inserted).
<to be read again> 
                   \kern 
l.96 \end{table}
                
Dimensions can be in units of em, ex, in, pt, pc,
cm, mm, dd, cc, nd, nc, bp, or sp; but yours is a new one!
I'll assume that you meant to say pt, for printer's points.
To recover gracefully from this error, it's best to
delete the erroneous units; e.g., type `2' to delete
two letters. (See Chapter 27 of The TeXbook.)

! Undefined control sequence.
\@addmarginpar ...arginparwidth \fi \box \@marbox 
                                                  \hss }\nointerlineskip \hb...
l.96 \end{table}
                
The control sequence at the end of the top line
of your error message was never \def'ed. If you have
misspelled it (e.g., `\hobx'), type `I' and the correct
spelling (e.g., `I\hbox'). Otherwise just continue,
and I'll forget about whatever was undefined.

! Missing number, treated as zero.
<to be read again> 
                   \hss 
l.96 \end{table}
                
A number should have been here; I inserted `0'.
(If you can't figure out why I needed to see a number,
look up `weird error' in the index to The TeXbook.)


! LaTeX Error: Too many unprocessed floats.

See the LaTeX manual or LaTeX Companion for explanation.
Type  H <return>  for immediate help.
 ...                                              
                                                  
l.97 \begin{table}[H]
                     
You've lost some text.  Try typing  <return>  to proceed.
If that doesn't work, type  X <return>  to quit.

! Undefined control sequence.
\@float@Hx ...ltovf \fi \global \setbox \@currbox 
                                                  \color@vbox \normalcolor \...
l.97 \begin{table}[H]
                     
The control sequence at the end of the top line
of your error message was never \def'ed. If you have
misspelled it (e.g., `\hobx'), type `I' and the correct
spelling (e.g., `I\hbox'). Otherwise just continue,
and I'll forget about whatever was undefined.

! Missing number, treated as zero.
<to be read again> 
                   \vbox 
l.97 \begin{table}[H]
                     
A number should have been here; I inserted `0'.
(If you can't figure out why I needed to see a number,
look up `weird error' in the index to The TeXbook.)

! Undefined control sequence.
\@largefloatcheck ->\ifdim \ht \@currbox 
                                         >\textheight \@tempdima -\textheigh...
l.121 \end{table}
                 
The control sequence at the end of the top line
of your error message was never \def'ed. If you have
misspelled it (e.g., `\hobx'), type `I' and the correct
spelling (e.g., `I\hbox'). Otherwise just continue,
and I'll forget about whatever was undefined.

! Missing number, treated as zero.
<to be read again> 
                   >
l.121 \end{table}
                 
A number should have been here; I inserted `0'.
(If you can't figure out why I needed to see a number,
look up `weird error' in the index to The TeXbook.)

! Undefined control sequence.
<argument> \@currbox 
                     
l.121 \end{table}
                 
The control sequence at the end of the top line
of your error message was never \def'ed. If you have
misspelled it (e.g., `\hobx'), type `I' and the correct
spelling (e.g., `I\hbox'). Otherwise just continue,
and I'll forget about whatever was undefined.

! Argument of \@xnext has an extra }.
<inserted text> 
                \par 
l.121 \end{table}
                 
I've run across a `}' that doesn't seem to match anything.
For example, `\def\a#1{...}' and `\a}' would produce
this error. If you simply proceed now, the `\par' that
I've just inserted will cause me to report a runaway
argument that might be the root of the problem. But if
your `}' was spurious, just type `2' and it will go away.

Runaway argument?
\@currbox \@currlist \ifnum \count \@currbox >\z@ \advance \@pageht \@pagedp \ETC.
! Paragraph ended before \@xnext was complete.
<to be read again> 
                   \par 
l.121 \end{table}
                 
I suspect you've forgotten a `}', causing me to apply this
control sequence to too much text. How can we recover?
My plan is to forget the whole thing and hope for the best.

! Extra \else.
\end@float ...pdima \penalty \@floatpenalty \else 
                                                  \vadjust {\penalty -\@Miv ...
l.121 \end{table}
                 
I'm ignoring this; it doesn't match any \if.

! You can't use `\vadjust' in vertical mode.
\end@float ...nalty \@floatpenalty \else \vadjust 
                                                  {\penalty -\@Miv \vbox {}\...
l.121 \end{table}
                 
Sorry, but I'm not programmed to handle this case;
I'll just pretend that you didn't ask for it.
If you're in the wrong mode, you might be able to
return to the right one by typing `I}' or `I$' or `I\par'.

! Argument of \@xnext has an extra }.
<inserted text> 
                \par 
l.121 \end{table}
                 
I've run across a `}' that doesn't seem to match anything.
For example, `\def\a#1{...}' and `\a}' would produce
this error. If you simply proceed now, the `\par' that
I've just inserted will cause me to report a runaway
argument that might be the root of the problem. But if
your `}' was spurious, just type `2' and it will go away.

Runaway argument?
\@currbox \@currlist \ifnum \count \@currbox >\z@ \advance \@pageht \@pagedp \ETC.
! Paragraph ended before \@xnext was complete.
<to be read again> 
                   \par 
l.121 \end{table}
                 
I suspect you've forgotten a `}', causing me to apply this
control sequence to too much text. How can we recover?
My plan is to forget the whole thing and hope for the best.

) (./results/small_model_informed_low_TMNL/results_table.tex

! LaTeX Error: Too many unprocessed floats.

See the LaTeX manual or LaTeX Companion for explanation.
Type  H <return>  for immediate help.
 ...                                              
                                                  
l.1 \begin{table}[H]
                    
You've lost some text.  Try typing  <return>  to proceed.
If that doesn't work, type  X <return>  to quit.

! Undefined control sequence.
\@float@Hx ...ltovf \fi \global \setbox \@currbox 
                                                  \color@vbox \normalcolor \...
l.1 \begin{table}[H]
                    
The control sequence at the end of the top line
of your error message was never \def'ed. If you have
misspelled it (e.g., `\hobx'), type `I' and the correct
spelling (e.g., `I\hbox'). Otherwise just continue,
and I'll forget about whatever was undefined.

! Missing number, treated as zero.
<to be read again> 
                   \vbox 
l.1 \begin{table}[H]
                    
A number should have been here; I inserted `0'.
(If you can't figure out why I needed to see a number,
look up `weird error' in the index to The TeXbook.)

! Undefined control sequence.
\@largefloatcheck ->\ifdim \ht \@currbox 
                                         >\textheight \@tempdima -\textheigh...
l.21 \end{table}
                
The control sequence at the end of the top line
of your error message was never \def'ed. If you have
misspelled it (e.g., `\hobx'), type `I' and the correct
spelling (e.g., `I\hbox'). Otherwise just continue,
and I'll forget about whatever was undefined.

! Missing number, treated as zero.
<to be read again> 
                   >
l.21 \end{table}
                
A number should have been here; I inserted `0'.
(If you can't figure out why I needed to see a number,
look up `weird error' in the index to The TeXbook.)

! Undefined control sequence.
<argument> \@currbox 
                     
l.21 \end{table}
                
The control sequence at the end of the top line
of your error message was never \def'ed. If you have
misspelled it (e.g., `\hobx'), type `I' and the correct
spelling (e.g., `I\hbox'). Otherwise just continue,
and I'll forget about whatever was undefined.

! Missing number, treated as zero.
<to be read again> 
                   \@elt 
l.21 \end{table}
                
A number should have been here; I inserted `0'.
(If you can't figure out why I needed to see a number,
look up `weird error' in the index to The TeXbook.)

! Missing = inserted for \ifnum.
<to be read again> 
                   \@elt 
l.21 \end{table}
                
I was expecting to see `<', `=', or `>'. Didn't.

! Missing number, treated as zero.
<to be read again> 
                   \@elt 
l.21 \end{table}
                
A number should have been here; I inserted `0'.
(If you can't figure out why I needed to see a number,
look up `weird error' in the index to The TeXbook.)


! LaTeX Error: This may be a LaTeX bug.

See the LaTeX manual or LaTeX Companion for explanation.
Type  H <return>  for immediate help.
 ...                                              
                                                  
l.21 \end{table}
                
Call for help

! Undefined control sequence.
\@addmarginpar ...advance \@tempdima \ht \@marbox 
                                                  \ifdim \@tempdima >\z@ \@l...
l.21 \end{table}
                
The control sequence at the end of the top line
of your error message was never \def'ed. If you have
misspelled it (e.g., `\hobx'), type `I' and the correct
spelling (e.g., `I\hbox'). Otherwise just continue,
and I'll forget about whatever was undefined.

! Missing number, treated as zero.
<to be read again> 
                   \protect 
l.21 \end{table}
                
A number should have been here; I inserted `0'.
(If you can't figure out why I needed to see a number,
look up `weird error' in the index to The TeXbook.)


LaTeX Warning: Marginpar on page 9 moved.

! Undefined control sequence.
\@addmarginpar ...vance \@mparbottom \dp \@marbox 
                                                  \global \advance \@mparbot...
l.21 \end{table}
                
The control sequence at the end of the top line
of your error message was never \def'ed. If you have
misspelled it (e.g., `\hobx'), type `I' and the correct
spelling (e.g., `I\hbox'). Otherwise just continue,
and I'll forget about whatever was undefined.

! Missing number, treated as zero.
<to be read again> 
                   \global 
l.21 \end{table}
                
A number should have been here; I inserted `0'.
(If you can't figure out why I needed to see a number,
look up `weird error' in the index to The TeXbook.)

! Undefined control sequence.
\@addmarginpar ...dvance \@tempdima -\ht \@marbox 
                                                  \global \setbox \@marbox \...
l.21 \end{table}
                
The control sequence at the end of the top line
of your error message was never \def'ed. If you have
misspelled it (e.g., `\hobx'), type `I' and the correct
spelling (e.g., `I\hbox'). Otherwise just continue,
and I'll forget about whatever was undefined.

! Missing number, treated as zero.
<to be read again> 
                   \global 
l.21 \end{table}
                
A number should have been here; I inserted `0'.
(If you can't figure out why I needed to see a number,
look up `weird error' in the index to The TeXbook.)

! Undefined control sequence.
\@addmarginpar ...marbox \global \setbox \@marbox 
                                                  \vbox {\vskip \@tempdima \...
l.21 \end{table}
                
The control sequence at the end of the top line
of your error message was never \def'ed. If you have
misspelled it (e.g., `\hobx'), type `I' and the correct
spelling (e.g., `I\hbox'). Otherwise just continue,
and I'll forget about whatever was undefined.

! Missing number, treated as zero.
<to be read again> 
                   \vbox 
l.21 \end{table}
                
A number should have been here; I inserted `0'.
(If you can't figure out why I needed to see a number,
look up `weird error' in the index to The TeXbook.)

! Undefined control sequence.
\@addmarginpar ...\vskip \@tempdima \box \@marbox 
                                                  }\global \ht \@marbox \z@ ...
l.21 \end{table}
                
The control sequence at the end of the top line
of your error message was never \def'ed. If you have
misspelled it (e.g., `\hobx'), type `I' and the correct
spelling (e.g., `I\hbox'). Otherwise just continue,
and I'll forget about whatever was undefined.

! Missing number, treated as zero.
<to be read again> 
                   }
l.21 \end{table}
                
A number should have been here; I inserted `0'.
(If you can't figure out why I needed to see a number,
look up `weird error' in the index to The TeXbook.)

! Undefined control sequence.
\@addmarginpar ... \@marbox }\global \ht \@marbox 
                                                  \z@ \global \dp \@marbox \...
l.21 \end{table}
                
The control sequence at the end of the top line
of your error message was never \def'ed. If you have
misspelled it (e.g., `\hobx'), type `I' and the correct
spelling (e.g., `I\hbox'). Otherwise just continue,
and I'll forget about whatever was undefined.

! Missing number, treated as zero.
<to be read again> 
                   \global 
l.21 \end{table}
                
A number should have been here; I inserted `0'.
(If you can't figure out why I needed to see a number,
look up `weird error' in the index to The TeXbook.)

! Illegal unit of measure (pt inserted).
<to be read again> 
                   \global 
l.21 \end{table}
                
Dimensions can be in units of em, ex, in, pt, pc,
cm, mm, dd, cc, nd, nc, bp, or sp; but yours is a new one!
I'll assume that you meant to say pt, for printer's points.
To recover gracefully from this error, it's best to
delete the erroneous units; e.g., type `2' to delete
two letters. (See Chapter 27 of The TeXbook.)

! Undefined control sequence.
\@addmarginpar ...marbox \z@ \global \dp \@marbox 
                                                  \z@ \kern -\@pagedp \noint...
l.21 \end{table}
                
The control sequence at the end of the top line
of your error message was never \def'ed. If you have
misspelled it (e.g., `\hobx'), type `I' and the correct
spelling (e.g., `I\hbox'). Otherwise just continue,
and I'll forget about whatever was undefined.

! Missing number, treated as zero.
<to be read again> 
                   \kern 
l.21 \end{table}
                
A number should have been here; I inserted `0'.
(If you can't figure out why I needed to see a number,
look up `weird error' in the index to The TeXbook.)

! Illegal unit of measure (pt inserted).
<to be read again> 
                   \kern 
l.21 \end{table}
                
Dimensions can be in units of em, ex, in, pt, pc,
cm, mm, dd, cc, nd, nc, bp, or sp; but yours is a new one!
I'll assume that you meant to say pt, for printer's points.
To recover gracefully from this error, it's best to
delete the erroneous units; e.g., type `2' to delete
two letters. (See Chapter 27 of The TeXbook.)

! Undefined control sequence.
\@addmarginpar ...arginparwidth \fi \box \@marbox 
                                                  \hss }\nointerlineskip \hb...
l.21 \end{table}
                
The control sequence at the end of the top line
of your error message was never \def'ed. If you have
misspelled it (e.g., `\hobx'), type `I' and the correct
spelling (e.g., `I\hbox'). Otherwise just continue,
and I'll forget about whatever was undefined.

! Missing number, treated as zero.
<to be read again> 
                   \hss 
l.21 \end{table}
                
A number should have been here; I inserted `0'.
(If you can't figure out why I needed to see a number,
look up `weird error' in the index to The TeXbook.)


! LaTeX Error: Too many unprocessed floats.

See the LaTeX manual or LaTeX Companion for explanation.
Type  H <return>  for immediate help.
 ...                                              
                                                  
l.22 \begin{table}[H]
                     
You've lost some text.  Try typing  <return>  to proceed.
If that doesn't work, type  X <return>  to quit.

! Undefined control sequence.
\@float@Hx ...ltovf \fi \global \setbox \@currbox 
                                                  \color@vbox \normalcolor \...
l.22 \begin{table}[H]
                     
The control sequence at the end of the top line
of your error message was never \def'ed. If you have
misspelled it (e.g., `\hobx'), type `I' and the correct
spelling (e.g., `I\hbox'). Otherwise just continue,
and I'll forget about whatever was undefined.

! Missing number, treated as zero.
<to be read again> 
                   \vbox 
l.22 \begin{table}[H]
                     
A number should have been here; I inserted `0'.
(If you can't figure out why I needed to see a number,
look up `weird error' in the index to The TeXbook.)

! Undefined control sequence.
\@largefloatcheck ->\ifdim \ht \@currbox 
                                         >\textheight \@tempdima -\textheigh...
l.47 \end{table}
                
The control sequence at the end of the top line
of your error message was never \def'ed. If you have
misspelled it (e.g., `\hobx'), type `I' and the correct
spelling (e.g., `I\hbox'). Otherwise just continue,
and I'll forget about whatever was undefined.

! Missing number, treated as zero.
<to be read again> 
                   >
l.47 \end{table}
                
A number should have been here; I inserted `0'.
(If you can't figure out why I needed to see a number,
look up `weird error' in the index to The TeXbook.)

! Undefined control sequence.
<argument> \@currbox 
                     
l.47 \end{table}
                
The control sequence at the end of the top line
of your error message was never \def'ed. If you have
misspelled it (e.g., `\hobx'), type `I' and the correct
spelling (e.g., `I\hbox'). Otherwise just continue,
and I'll forget about whatever was undefined.

! Argument of \@xnext has an extra }.
<inserted text> 
                \par 
l.47 \end{table}
                
I've run across a `}' that doesn't seem to match anything.
For example, `\def\a#1{...}' and `\a}' would produce
this error. If you simply proceed now, the `\par' that
I've just inserted will cause me to report a runaway
argument that might be the root of the problem. But if
your `}' was spurious, just type `2' and it will go away.

Runaway argument?
\@currbox \@currlist \ifnum \count \@currbox >\z@ \advance \@pageht \@pagedp \ETC.
! Paragraph ended before \@xnext was complete.
<to be read again> 
                   \par 
l.47 \end{table}
                
I suspect you've forgotten a `}', causing me to apply this
control sequence to too much text. How can we recover?
My plan is to forget the whole thing and hope for the best.

! Extra \else.
\end@float ...pdima \penalty \@floatpenalty \else 
                                                  \vadjust {\penalty -\@Miv ...
l.47 \end{table}
                
I'm ignoring this; it doesn't match any \if.

! You can't use `\vadjust' in vertical mode.
\end@float ...nalty \@floatpenalty \else \vadjust 
                                                  {\penalty -\@Miv \vbox {}\...
l.47 \end{table}
                
Sorry, but I'm not programmed to handle this case;
I'll just pretend that you didn't ask for it.
If you're in the wrong mode, you might be able to
return to the right one by typing `I}' or `I$' or `I\par'.

! Argument of \@xnext has an extra }.
<inserted text> 
                \par 
l.47 \end{table}
                
I've run across a `}' that doesn't seem to match anything.
For example, `\def\a#1{...}' and `\a}' would produce
this error. If you simply proceed now, the `\par' that
I've just inserted will cause me to report a runaway
argument that might be the root of the problem. But if
your `}' was spurious, just type `2' and it will go away.

Runaway argument?
\@currbox \@currlist \ifnum \count \@currbox >\z@ \advance \@pageht \@pagedp \ETC.
! Paragraph ended before \@xnext was complete.
<to be read again> 
                   \par 
l.47 \end{table}
                
I suspect you've forgotten a `}', causing me to apply this
control sequence to too much text. How can we recover?
My plan is to forget the whole thing and hope for the best.


! LaTeX Error: Too many unprocessed floats.

See the LaTeX manual or LaTeX Companion for explanation.
Type  H <return>  for immediate help.
 ...                                              
                                                  
l.48 \begin{table}[H]
                     
You've lost some text.  Try typing  <return>  to proceed.
If that doesn't work, type  X <return>  to quit.

! Undefined control sequence.
\@float@Hx ...ltovf \fi \global \setbox \@currbox 
                                                  \color@vbox \normalcolor \...
l.48 \begin{table}[H]
                     
The control sequence at the end of the top line
of your error message was never \def'ed. If you have
misspelled it (e.g., `\hobx'), type `I' and the correct
spelling (e.g., `I\hbox'). Otherwise just continue,
and I'll forget about whatever was undefined.

! Missing number, treated as zero.
<to be read again> 
                   \vbox 
l.48 \begin{table}[H]
                     
A number should have been here; I inserted `0'.
(If you can't figure out why I needed to see a number,
look up `weird error' in the index to The TeXbook.)

! Undefined control sequence.
\@largefloatcheck ->\ifdim \ht \@currbox 
                                         >\textheight \@tempdima -\textheigh...
l.73 \end{table}
                
The control sequence at the end of the top line
of your error message was never \def'ed. If you have
misspelled it (e.g., `\hobx'), type `I' and the correct
spelling (e.g., `I\hbox'). Otherwise just continue,
and I'll forget about whatever was undefined.

! Missing number, treated as zero.
<to be read again> 
                   >
l.73 \end{table}
                
A number should have been here; I inserted `0'.
(If you can't figure out why I needed to see a number,
look up `weird error' in the index to The TeXbook.)

! Undefined control sequence.
<argument> \@currbox 
                     
l.73 \end{table}
                
The control sequence at the end of the top line
of your error message was never \def'ed. If you have
misspelled it (e.g., `\hobx'), type `I' and the correct
spelling (e.g., `I\hbox'). Otherwise just continue,
and I'll forget about whatever was undefined.

! Missing number, treated as zero.
<to be read again> 
                   \@elt 
l.73 \end{table}
                
A number should have been here; I inserted `0'.
(If you can't figure out why I needed to see a number,
look up `weird error' in the index to The TeXbook.)

! Missing = inserted for \ifnum.
<to be read again> 
                   \@elt 
l.73 \end{table}
                
I was expecting to see `<', `=', or `>'. Didn't.

! Missing number, treated as zero.
<to be read again> 
                   \@elt 
l.73 \end{table}
                
A number should have been here; I inserted `0'.
(If you can't figure out why I needed to see a number,
look up `weird error' in the index to The TeXbook.)


! LaTeX Error: This may be a LaTeX bug.

See the LaTeX manual or LaTeX Companion for explanation.
Type  H <return>  for immediate help.
 ...                                              
                                                  
l.73 \end{table}
                
Call for help

! Undefined control sequence.
\@addmarginpar ...advance \@tempdima \ht \@marbox 
                                                  \ifdim \@tempdima >\z@ \@l...
l.73 \end{table}
                
The control sequence at the end of the top line
of your error message was never \def'ed. If you have
misspelled it (e.g., `\hobx'), type `I' and the correct
spelling (e.g., `I\hbox'). Otherwise just continue,
and I'll forget about whatever was undefined.

! Missing number, treated as zero.
<to be read again> 
                   \protect 
l.73 \end{table}
                
A number should have been here; I inserted `0'.
(If you can't figure out why I needed to see a number,
look up `weird error' in the index to The TeXbook.)


LaTeX Warning: Marginpar on page 9 moved.

! Undefined control sequence.
\@addmarginpar ...vance \@mparbottom \dp \@marbox 
                                                  \global \advance \@mparbot...
l.73 \end{table}
                
The control sequence at the end of the top line
of your error message was never \def'ed. If you have
misspelled it (e.g., `\hobx'), type `I' and the correct
spelling (e.g., `I\hbox'). Otherwise just continue,
and I'll forget about whatever was undefined.

! Missing number, treated as zero.
<to be read again> 
                   \global 
l.73 \end{table}
                
A number should have been here; I inserted `0'.
(If you can't figure out why I needed to see a number,
look up `weird error' in the index to The TeXbook.)

! Undefined control sequence.
\@addmarginpar ...dvance \@tempdima -\ht \@marbox 
                                                  \global \setbox \@marbox \...
l.73 \end{table}
                
The control sequence at the end of the top line
of your error message was never \def'ed. If you have
misspelled it (e.g., `\hobx'), type `I' and the correct
spelling (e.g., `I\hbox'). Otherwise just continue,
and I'll forget about whatever was undefined.

! Missing number, treated as zero.
<to be read again> 
                   \global 
l.73 \end{table}
                
A number should have been here; I inserted `0'.
(If you can't figure out why I needed to see a number,
look up `weird error' in the index to The TeXbook.)

! Undefined control sequence.
\@addmarginpar ...marbox \global \setbox \@marbox 
                                                  \vbox {\vskip \@tempdima \...
l.73 \end{table}
                
The control sequence at the end of the top line
of your error message was never \def'ed. If you have
misspelled it (e.g., `\hobx'), type `I' and the correct
spelling (e.g., `I\hbox'). Otherwise just continue,
and I'll forget about whatever was undefined.

! Missing number, treated as zero.
<to be read again> 
                   \vbox 
l.73 \end{table}
                
A number should have been here; I inserted `0'.
(If you can't figure out why I needed to see a number,
look up `weird error' in the index to The TeXbook.)

! Undefined control sequence.
\@addmarginpar ...\vskip \@tempdima \box \@marbox 
                                                  }\global \ht \@marbox \z@ ...
l.73 \end{table}
                
The control sequence at the end of the top line
of your error message was never \def'ed. If you have
misspelled it (e.g., `\hobx'), type `I' and the correct
spelling (e.g., `I\hbox'). Otherwise just continue,
and I'll forget about whatever was undefined.

! Missing number, treated as zero.
<to be read again> 
                   }
l.73 \end{table}
                
A number should have been here; I inserted `0'.
(If you can't figure out why I needed to see a number,
look up `weird error' in the index to The TeXbook.)

! Undefined control sequence.
\@addmarginpar ... \@marbox }\global \ht \@marbox 
                                                  \z@ \global \dp \@marbox \...
l.73 \end{table}
                
The control sequence at the end of the top line
of your error message was never \def'ed. If you have
misspelled it (e.g., `\hobx'), type `I' and the correct
spelling (e.g., `I\hbox'). Otherwise just continue,
and I'll forget about whatever was undefined.

! Missing number, treated as zero.
<to be read again> 
                   \global 
l.73 \end{table}
                
A number should have been here; I inserted `0'.
(If you can't figure out why I needed to see a number,
look up `weird error' in the index to The TeXbook.)

! Illegal unit of measure (pt inserted).
<to be read again> 
                   \global 
l.73 \end{table}
                
Dimensions can be in units of em, ex, in, pt, pc,
cm, mm, dd, cc, nd, nc, bp, or sp; but yours is a new one!
I'll assume that you meant to say pt, for printer's points.
To recover gracefully from this error, it's best to
delete the erroneous units; e.g., type `2' to delete
two letters. (See Chapter 27 of The TeXbook.)

! Undefined control sequence.
\@addmarginpar ...marbox \z@ \global \dp \@marbox 
                                                  \z@ \kern -\@pagedp \noint...
l.73 \end{table}
                
The control sequence at the end of the top line
of your error message was never \def'ed. If you have
misspelled it (e.g., `\hobx'), type `I' and the correct
spelling (e.g., `I\hbox'). Otherwise just continue,
and I'll forget about whatever was undefined.

! Missing number, treated as zero.
<to be read again> 
                   \kern 
l.73 \end{table}
                
A number should have been here; I inserted `0'.
(If you can't figure out why I needed to see a number,
look up `weird error' in the index to The TeXbook.)

! Illegal unit of measure (pt inserted).
<to be read again> 
                   \kern 
l.73 \end{table}
                
Dimensions can be in units of em, ex, in, pt, pc,
cm, mm, dd, cc, nd, nc, bp, or sp; but yours is a new one!
I'll assume that you meant to say pt, for printer's points.
To recover gracefully from this error, it's best to
delete the erroneous units; e.g., type `2' to delete
two letters. (See Chapter 27 of The TeXbook.)

! Undefined control sequence.
\@addmarginpar ...arginparwidth \fi \box \@marbox 
                                                  \hss }\nointerlineskip \hb...
l.73 \end{table}
                
The control sequence at the end of the top line
of your error message was never \def'ed. If you have
misspelled it (e.g., `\hobx'), type `I' and the correct
spelling (e.g., `I\hbox'). Otherwise just continue,
and I'll forget about whatever was undefined.

! Missing number, treated as zero.
<to be read again> 
                   \hss 
l.73 \end{table}
                
A number should have been here; I inserted `0'.
(If you can't figure out why I needed to see a number,
look up `weird error' in the index to The TeXbook.)


! LaTeX Error: Too many unprocessed floats.

See the LaTeX manual or LaTeX Companion for explanation.
Type  H <return>  for immediate help.
 ...                                              
                                                  
l.74 \begin{table}[H]
                     
You've lost some text.  Try typing  <return>  to proceed.
If that doesn't work, type  X <return>  to quit.

! Undefined control sequence.
\@float@Hx ...ltovf \fi \global \setbox \@currbox 
                                                  \color@vbox \normalcolor \...
l.74 \begin{table}[H]
                     
The control sequence at the end of the top line
of your error message was never \def'ed. If you have
misspelled it (e.g., `\hobx'), type `I' and the correct
spelling (e.g., `I\hbox'). Otherwise just continue,
and I'll forget about whatever was undefined.

! Missing number, treated as zero.
<to be read again> 
                   \vbox 
l.74 \begin{table}[H]
                     
A number should have been here; I inserted `0'.
(If you can't figure out why I needed to see a number,
look up `weird error' in the index to The TeXbook.)

! Undefined control sequence.
\@largefloatcheck ->\ifdim \ht \@currbox 
                                         >\textheight \@tempdima -\textheigh...
l.99 \end{table}
                
The control sequence at the end of the top line
of your error message was never \def'ed. If you have
misspelled it (e.g., `\hobx'), type `I' and the correct
spelling (e.g., `I\hbox'). Otherwise just continue,
and I'll forget about whatever was undefined.

! Missing number, treated as zero.
<to be read again> 
                   >
l.99 \end{table}
                
A number should have been here; I inserted `0'.
(If you can't figure out why I needed to see a number,
look up `weird error' in the index to The TeXbook.)

! Undefined control sequence.
<argument> \@currbox 
                     
l.99 \end{table}
                
The control sequence at the end of the top line
of your error message was never \def'ed. If you have
misspelled it (e.g., `\hobx'), type `I' and the correct
spelling (e.g., `I\hbox'). Otherwise just continue,
and I'll forget about whatever was undefined.

! Argument of \@xnext has an extra }.
<inserted text> 
                \par 
l.99 \end{table}
                
I've run across a `}' that doesn't seem to match anything.
For example, `\def\a#1{...}' and `\a}' would produce
this error. If you simply proceed now, the `\par' that
I've just inserted will cause me to report a runaway
argument that might be the root of the problem. But if
your `}' was spurious, just type `2' and it will go away.

Runaway argument?
\@currbox \@currlist \ifnum \count \@currbox >\z@ \advance \@pageht \@pagedp \ETC.
! Paragraph ended before \@xnext was complete.
<to be read again> 
                   \par 
l.99 \end{table}
                
I suspect you've forgotten a `}', causing me to apply this
control sequence to too much text. How can we recover?
My plan is to forget the whole thing and hope for the best.

! Extra \else.
\end@float ...pdima \penalty \@floatpenalty \else 
                                                  \vadjust {\penalty -\@Miv ...
l.99 \end{table}
                
I'm ignoring this; it doesn't match any \if.

! You can't use `\vadjust' in vertical mode.
\end@float ...nalty \@floatpenalty \else \vadjust 
                                                  {\penalty -\@Miv \vbox {}\...
l.99 \end{table}
                
Sorry, but I'm not programmed to handle this case;
I'll just pretend that you didn't ask for it.
If you're in the wrong mode, you might be able to
return to the right one by typing `I}' or `I$' or `I\par'.

! Argument of \@xnext has an extra }.
<inserted text> 
                \par 
l.99 \end{table}
                
I've run across a `}' that doesn't seem to match anything.
For example, `\def\a#1{...}' and `\a}' would produce
this error. If you simply proceed now, the `\par' that
I've just inserted will cause me to report a runaway
argument that might be the root of the problem. But if
your `}' was spurious, just type `2' and it will go away.

Runaway argument?
\@currbox \@currlist \ifnum \count \@currbox >\z@ \advance \@pageht \@pagedp \ETC.
! Paragraph ended before \@xnext was complete.
<to be read again> 
                   \par 
l.99 \end{table}
                
I suspect you've forgotten a `}', causing me to apply this
control sequence to too much text. How can we recover?
My plan is to forget the whole thing and hope for the best.

) (./results/small_model_informed_high_TMNL/results_table.tex

! LaTeX Error: Too many unprocessed floats.

See the LaTeX manual or LaTeX Companion for explanation.
Type  H <return>  for immediate help.
 ...                                              
                                                  
l.1 \begin{table}[H]
                    
You've lost some text.  Try typing  <return>  to proceed.
If that doesn't work, type  X <return>  to quit.

! Undefined control sequence.
\@float@Hx ...ltovf \fi \global \setbox \@currbox 
                                                  \color@vbox \normalcolor \...
l.1 \begin{table}[H]
                    
The control sequence at the end of the top line
of your error message was never \def'ed. If you have
misspelled it (e.g., `\hobx'), type `I' and the correct
spelling (e.g., `I\hbox'). Otherwise just continue,
and I'll forget about whatever was undefined.

! Missing number, treated as zero.
<to be read again> 
                   \vbox 
l.1 \begin{table}[H]
                    
A number should have been here; I inserted `0'.
(If you can't figure out why I needed to see a number,
look up `weird error' in the index to The TeXbook.)

! Undefined control sequence.
\@largefloatcheck ->\ifdim \ht \@currbox 
                                         >\textheight \@tempdima -\textheigh...
l.21 \end{table}
                
The control sequence at the end of the top line
of your error message was never \def'ed. If you have
misspelled it (e.g., `\hobx'), type `I' and the correct
spelling (e.g., `I\hbox'). Otherwise just continue,
and I'll forget about whatever was undefined.

! Missing number, treated as zero.
<to be read again> 
                   >
l.21 \end{table}
                
A number should have been here; I inserted `0'.
(If you can't figure out why I needed to see a number,
look up `weird error' in the index to The TeXbook.)

! Undefined control sequence.
<argument> \@currbox 
                     
l.21 \end{table}
                
The control sequence at the end of the top line
of your error message was never \def'ed. If you have
misspelled it (e.g., `\hobx'), type `I' and the correct
spelling (e.g., `I\hbox'). Otherwise just continue,
and I'll forget about whatever was undefined.

! Missing number, treated as zero.
<to be read again> 
                   \@elt 
l.21 \end{table}
                
A number should have been here; I inserted `0'.
(If you can't figure out why I needed to see a number,
look up `weird error' in the index to The TeXbook.)

! Missing = inserted for \ifnum.
<to be read again> 
                   \@elt 
l.21 \end{table}
                
I was expecting to see `<', `=', or `>'. Didn't.

! Missing number, treated as zero.
<to be read again> 
                   \@elt 
l.21 \end{table}
                
A number should have been here; I inserted `0'.
(If you can't figure out why I needed to see a number,
look up `weird error' in the index to The TeXbook.)


! LaTeX Error: This may be a LaTeX bug.

See the LaTeX manual or LaTeX Companion for explanation.
Type  H <return>  for immediate help.
 ...                                              
                                                  
l.21 \end{table}
                
Call for help

! Undefined control sequence.
\@addmarginpar ...advance \@tempdima \ht \@marbox 
                                                  \ifdim \@tempdima >\z@ \@l...
l.21 \end{table}
                
The control sequence at the end of the top line
of your error message was never \def'ed. If you have
misspelled it (e.g., `\hobx'), type `I' and the correct
spelling (e.g., `I\hbox'). Otherwise just continue,
and I'll forget about whatever was undefined.

! Missing number, treated as zero.
<to be read again> 
                   \protect 
l.21 \end{table}
                
A number should have been here; I inserted `0'.
(If you can't figure out why I needed to see a number,
look up `weird error' in the index to The TeXbook.)


LaTeX Warning: Marginpar on page 9 moved.

! Undefined control sequence.
\@addmarginpar ...vance \@mparbottom \dp \@marbox 
                                                  \global \advance \@mparbot...
l.21 \end{table}
                
The control sequence at the end of the top line
of your error message was never \def'ed. If you have
misspelled it (e.g., `\hobx'), type `I' and the correct
spelling (e.g., `I\hbox'). Otherwise just continue,
and I'll forget about whatever was undefined.

! Missing number, treated as zero.
<to be read again> 
                   \global 
l.21 \end{table}
                
A number should have been here; I inserted `0'.
(If you can't figure out why I needed to see a number,
look up `weird error' in the index to The TeXbook.)

! Undefined control sequence.
\@addmarginpar ...dvance \@tempdima -\ht \@marbox 
                                                  \global \setbox \@marbox \...
l.21 \end{table}
                
The control sequence at the end of the top line
of your error message was never \def'ed. If you have
misspelled it (e.g., `\hobx'), type `I' and the correct
spelling (e.g., `I\hbox'). Otherwise just continue,
and I'll forget about whatever was undefined.

! Missing number, treated as zero.
<to be read again> 
                   \global 
l.21 \end{table}
                
A number should have been here; I inserted `0'.
(If you can't figure out why I needed to see a number,
look up `weird error' in the index to The TeXbook.)

! Undefined control sequence.
\@addmarginpar ...marbox \global \setbox \@marbox 
                                                  \vbox {\vskip \@tempdima \...
l.21 \end{table}
                
The control sequence at the end of the top line
of your error message was never \def'ed. If you have
misspelled it (e.g., `\hobx'), type `I' and the correct
spelling (e.g., `I\hbox'). Otherwise just continue,
and I'll forget about whatever was undefined.

! Missing number, treated as zero.
<to be read again> 
                   \vbox 
l.21 \end{table}
                
A number should have been here; I inserted `0'.
(If you can't figure out why I needed to see a number,
look up `weird error' in the index to The TeXbook.)

! Undefined control sequence.
\@addmarginpar ...\vskip \@tempdima \box \@marbox 
                                                  }\global \ht \@marbox \z@ ...
l.21 \end{table}
                
The control sequence at the end of the top line
of your error message was never \def'ed. If you have
misspelled it (e.g., `\hobx'), type `I' and the correct
spelling (e.g., `I\hbox'). Otherwise just continue,
and I'll forget about whatever was undefined.

! Missing number, treated as zero.
<to be read again> 
                   }
l.21 \end{table}
                
A number should have been here; I inserted `0'.
(If you can't figure out why I needed to see a number,
look up `weird error' in the index to The TeXbook.)

! Undefined control sequence.
\@addmarginpar ... \@marbox }\global \ht \@marbox 
                                                  \z@ \global \dp \@marbox \...
l.21 \end{table}
                
The control sequence at the end of the top line
of your error message was never \def'ed. If you have
misspelled it (e.g., `\hobx'), type `I' and the correct
spelling (e.g., `I\hbox'). Otherwise just continue,
and I'll forget about whatever was undefined.

! Missing number, treated as zero.
<to be read again> 
                   \global 
l.21 \end{table}
                
A number should have been here; I inserted `0'.
(If you can't figure out why I needed to see a number,
look up `weird error' in the index to The TeXbook.)

! Illegal unit of measure (pt inserted).
<to be read again> 
                   \global 
l.21 \end{table}
                
Dimensions can be in units of em, ex, in, pt, pc,
cm, mm, dd, cc, nd, nc, bp, or sp; but yours is a new one!
I'll assume that you meant to say pt, for printer's points.
To recover gracefully from this error, it's best to
delete the erroneous units; e.g., type `2' to delete
two letters. (See Chapter 27 of The TeXbook.)

! Undefined control sequence.
\@addmarginpar ...marbox \z@ \global \dp \@marbox 
                                                  \z@ \kern -\@pagedp \noint...
l.21 \end{table}
                
The control sequence at the end of the top line
of your error message was never \def'ed. If you have
misspelled it (e.g., `\hobx'), type `I' and the correct
spelling (e.g., `I\hbox'). Otherwise just continue,
and I'll forget about whatever was undefined.

! Missing number, treated as zero.
<to be read again> 
                   \kern 
l.21 \end{table}
                
A number should have been here; I inserted `0'.
(If you can't figure out why I needed to see a number,
look up `weird error' in the index to The TeXbook.)

! Illegal unit of measure (pt inserted).
<to be read again> 
                   \kern 
l.21 \end{table}
                
Dimensions can be in units of em, ex, in, pt, pc,
cm, mm, dd, cc, nd, nc, bp, or sp; but yours is a new one!
I'll assume that you meant to say pt, for printer's points.
To recover gracefully from this error, it's best to
delete the erroneous units; e.g., type `2' to delete
two letters. (See Chapter 27 of The TeXbook.)

! Undefined control sequence.
\@addmarginpar ...arginparwidth \fi \box \@marbox 
                                                  \hss }\nointerlineskip \hb...
l.21 \end{table}
                
The control sequence at the end of the top line
of your error message was never \def'ed. If you have
misspelled it (e.g., `\hobx'), type `I' and the correct
spelling (e.g., `I\hbox'). Otherwise just continue,
and I'll forget about whatever was undefined.

! Missing number, treated as zero.
<to be read again> 
                   \hss 
l.21 \end{table}
                
A number should have been here; I inserted `0'.
(If you can't figure out why I needed to see a number,
look up `weird error' in the index to The TeXbook.)


! LaTeX Error: Too many unprocessed floats.

See the LaTeX manual or LaTeX Companion for explanation.
Type  H <return>  for immediate help.
 ...                                              
                                                  
l.22 \begin{table}[H]
                     
You've lost some text.  Try typing  <return>  to proceed.
If that doesn't work, type  X <return>  to quit.

! Undefined control sequence.
\@float@Hx ...ltovf \fi \global \setbox \@currbox 
                                                  \color@vbox \normalcolor \...
l.22 \begin{table}[H]
                     
The control sequence at the end of the top line
of your error message was never \def'ed. If you have
misspelled it (e.g., `\hobx'), type `I' and the correct
spelling (e.g., `I\hbox'). Otherwise just continue,
and I'll forget about whatever was undefined.

! Missing number, treated as zero.
<to be read again> 
                   \vbox 
l.22 \begin{table}[H]
                     
A number should have been here; I inserted `0'.
(If you can't figure out why I needed to see a number,
look up `weird error' in the index to The TeXbook.)

! Undefined control sequence.
\@largefloatcheck ->\ifdim \ht \@currbox 
                                         >\textheight \@tempdima -\textheigh...
l.47 \end{table}
                
The control sequence at the end of the top line
of your error message was never \def'ed. If you have
misspelled it (e.g., `\hobx'), type `I' and the correct
spelling (e.g., `I\hbox'). Otherwise just continue,
and I'll forget about whatever was undefined.

! Missing number, treated as zero.
<to be read again> 
                   >
l.47 \end{table}
                
A number should have been here; I inserted `0'.
(If you can't figure out why I needed to see a number,
look up `weird error' in the index to The TeXbook.)

! Undefined control sequence.
<argument> \@currbox 
                     
l.47 \end{table}
                
The control sequence at the end of the top line
of your error message was never \def'ed. If you have
misspelled it (e.g., `\hobx'), type `I' and the correct
spelling (e.g., `I\hbox'). Otherwise just continue,
and I'll forget about whatever was undefined.

! Argument of \@xnext has an extra }.
<inserted text> 
                \par 
l.47 \end{table}
                
I've run across a `}' that doesn't seem to match anything.
For example, `\def\a#1{...}' and `\a}' would produce
this error. If you simply proceed now, the `\par' that
I've just inserted will cause me to report a runaway
argument that might be the root of the problem. But if
your `}' was spurious, just type `2' and it will go away.

Runaway argument?
\@currbox \@currlist \ifnum \count \@currbox >\z@ \advance \@pageht \@pagedp \ETC.
! Paragraph ended before \@xnext was complete.
<to be read again> 
                   \par 
l.47 \end{table}
                
I suspect you've forgotten a `}', causing me to apply this
control sequence to too much text. How can we recover?
My plan is to forget the whole thing and hope for the best.

! Extra \else.
\end@float ...pdima \penalty \@floatpenalty \else 
                                                  \vadjust {\penalty -\@Miv ...
l.47 \end{table}
                
I'm ignoring this; it doesn't match any \if.

! You can't use `\vadjust' in vertical mode.
\end@float ...nalty \@floatpenalty \else \vadjust 
                                                  {\penalty -\@Miv \vbox {}\...
l.47 \end{table}
                
Sorry, but I'm not programmed to handle this case;
I'll just pretend that you didn't ask for it.
If you're in the wrong mode, you might be able to
return to the right one by typing `I}' or `I$' or `I\par'.

! Argument of \@xnext has an extra }.
<inserted text> 
                \par 
l.47 \end{table}
                
I've run across a `}' that doesn't seem to match anything.
For example, `\def\a#1{...}' and `\a}' would produce
this error. If you simply proceed now, the `\par' that
I've just inserted will cause me to report a runaway
argument that might be the root of the problem. But if
your `}' was spurious, just type `2' and it will go away.

Runaway argument?
\@currbox \@currlist \ifnum \count \@currbox >\z@ \advance \@pageht \@pagedp \ETC.
! Paragraph ended before \@xnext was complete.
<to be read again> 
                   \par 
l.47 \end{table}
                
I suspect you've forgotten a `}', causing me to apply this
control sequence to too much text. How can we recover?
My plan is to forget the whole thing and hope for the best.


! LaTeX Error: Too many unprocessed floats.

See the LaTeX manual or LaTeX Companion for explanation.
Type  H <return>  for immediate help.
 ...                                              
                                                  
l.48 \begin{table}[H]
                     
You've lost some text.  Try typing  <return>  to proceed.
If that doesn't work, type  X <return>  to quit.

! Undefined control sequence.
\@float@Hx ...ltovf \fi \global \setbox \@currbox 
                                                  \color@vbox \normalcolor \...
l.48 \begin{table}[H]
                     
The control sequence at the end of the top line
of your error message was never \def'ed. If you have
misspelled it (e.g., `\hobx'), type `I' and the correct
spelling (e.g., `I\hbox'). Otherwise just continue,
and I'll forget about whatever was undefined.

! Missing number, treated as zero.
<to be read again> 
                   \vbox 
l.48 \begin{table}[H]
                     
A number should have been here; I inserted `0'.
(If you can't figure out why I needed to see a number,
look up `weird error' in the index to The TeXbook.)

! Undefined control sequence.
\@largefloatcheck ->\ifdim \ht \@currbox 
                                         >\textheight \@tempdima -\textheigh...
l.73 \end{table}
                
The control sequence at the end of the top line
of your error message was never \def'ed. If you have
misspelled it (e.g., `\hobx'), type `I' and the correct
spelling (e.g., `I\hbox'). Otherwise just continue,
and I'll forget about whatever was undefined.

! Missing number, treated as zero.
<to be read again> 
                   >
l.73 \end{table}
                
A number should have been here; I inserted `0'.
(If you can't figure out why I needed to see a number,
look up `weird error' in the index to The TeXbook.)

! Undefined control sequence.
<argument> \@currbox 
                     
l.73 \end{table}
                
The control sequence at the end of the top line
of your error message was never \def'ed. If you have
misspelled it (e.g., `\hobx'), type `I' and the correct
spelling (e.g., `I\hbox'). Otherwise just continue,
and I'll forget about whatever was undefined.

! Missing number, treated as zero.
<to be read again> 
                   \@elt 
l.73 \end{table}
                
A number should have been here; I inserted `0'.
(If you can't figure out why I needed to see a number,
look up `weird error' in the index to The TeXbook.)

! Missing = inserted for \ifnum.
<to be read again> 
                   \@elt 
l.73 \end{table}
                
I was expecting to see `<', `=', or `>'. Didn't.

! Missing number, treated as zero.
<to be read again> 
                   \@elt 
l.73 \end{table}
                
A number should have been here; I inserted `0'.
(If you can't figure out why I needed to see a number,
look up `weird error' in the index to The TeXbook.)


! LaTeX Error: This may be a LaTeX bug.

See the LaTeX manual or LaTeX Companion for explanation.
Type  H <return>  for immediate help.
 ...                                              
                                                  
l.73 \end{table}
                
Call for help

! Undefined control sequence.
\@addmarginpar ...advance \@tempdima \ht \@marbox 
                                                  \ifdim \@tempdima >\z@ \@l...
l.73 \end{table}
                
The control sequence at the end of the top line
of your error message was never \def'ed. If you have
misspelled it (e.g., `\hobx'), type `I' and the correct
spelling (e.g., `I\hbox'). Otherwise just continue,
and I'll forget about whatever was undefined.

! Missing number, treated as zero.
<to be read again> 
                   \protect 
l.73 \end{table}
                
A number should have been here; I inserted `0'.
(If you can't figure out why I needed to see a number,
look up `weird error' in the index to The TeXbook.)


LaTeX Warning: Marginpar on page 9 moved.

! Undefined control sequence.
\@addmarginpar ...vance \@mparbottom \dp \@marbox 
                                                  \global \advance \@mparbot...
l.73 \end{table}
                
The control sequence at the end of the top line
of your error message was never \def'ed. If you have
misspelled it (e.g., `\hobx'), type `I' and the correct
spelling (e.g., `I\hbox'). Otherwise just continue,
and I'll forget about whatever was undefined.

! Missing number, treated as zero.
<to be read again> 
                   \global 
l.73 \end{table}
                
A number should have been here; I inserted `0'.
(If you can't figure out why I needed to see a number,
look up `weird error' in the index to The TeXbook.)

! Undefined control sequence.
\@addmarginpar ...dvance \@tempdima -\ht \@marbox 
                                                  \global \setbox \@marbox \...
l.73 \end{table}
                
The control sequence at the end of the top line
of your error message was never \def'ed. If you have
misspelled it (e.g., `\hobx'), type `I' and the correct
spelling (e.g., `I\hbox'). Otherwise just continue,
and I'll forget about whatever was undefined.

! Missing number, treated as zero.
<to be read again> 
                   \global 
l.73 \end{table}
                
A number should have been here; I inserted `0'.
(If you can't figure out why I needed to see a number,
look up `weird error' in the index to The TeXbook.)

! Undefined control sequence.
\@addmarginpar ...marbox \global \setbox \@marbox 
                                                  \vbox {\vskip \@tempdima \...
l.73 \end{table}
                
The control sequence at the end of the top line
of your error message was never \def'ed. If you have
misspelled it (e.g., `\hobx'), type `I' and the correct
spelling (e.g., `I\hbox'). Otherwise just continue,
and I'll forget about whatever was undefined.

! Missing number, treated as zero.
<to be read again> 
                   \vbox 
l.73 \end{table}
                
A number should have been here; I inserted `0'.
(If you can't figure out why I needed to see a number,
look up `weird error' in the index to The TeXbook.)

! Undefined control sequence.
\@addmarginpar ...\vskip \@tempdima \box \@marbox 
                                                  }\global \ht \@marbox \z@ ...
l.73 \end{table}
                
The control sequence at the end of the top line
of your error message was never \def'ed. If you have
misspelled it (e.g., `\hobx'), type `I' and the correct
spelling (e.g., `I\hbox'). Otherwise just continue,
and I'll forget about whatever was undefined.

! Missing number, treated as zero.
<to be read again> 
                   }
l.73 \end{table}
                
A number should have been here; I inserted `0'.
(If you can't figure out why I needed to see a number,
look up `weird error' in the index to The TeXbook.)

! Undefined control sequence.
\@addmarginpar ... \@marbox }\global \ht \@marbox 
                                                  \z@ \global \dp \@marbox \...
l.73 \end{table}
                
The control sequence at the end of the top line
of your error message was never \def'ed. If you have
misspelled it (e.g., `\hobx'), type `I' and the correct
spelling (e.g., `I\hbox'). Otherwise just continue,
and I'll forget about whatever was undefined.

! Missing number, treated as zero.
<to be read again> 
                   \global 
l.73 \end{table}
                
A number should have been here; I inserted `0'.
(If you can't figure out why I needed to see a number,
look up `weird error' in the index to The TeXbook.)

! Illegal unit of measure (pt inserted).
<to be read again> 
                   \global 
l.73 \end{table}
                
Dimensions can be in units of em, ex, in, pt, pc,
cm, mm, dd, cc, nd, nc, bp, or sp; but yours is a new one!
I'll assume that you meant to say pt, for printer's points.
To recover gracefully from this error, it's best to
delete the erroneous units; e.g., type `2' to delete
two letters. (See Chapter 27 of The TeXbook.)

! Undefined control sequence.
\@addmarginpar ...marbox \z@ \global \dp \@marbox 
                                                  \z@ \kern -\@pagedp \noint...
l.73 \end{table}
                
The control sequence at the end of the top line
of your error message was never \def'ed. If you have
misspelled it (e.g., `\hobx'), type `I' and the correct
spelling (e.g., `I\hbox'). Otherwise just continue,
and I'll forget about whatever was undefined.

! Missing number, treated as zero.
<to be read again> 
                   \kern 
l.73 \end{table}
                
A number should have been here; I inserted `0'.
(If you can't figure out why I needed to see a number,
look up `weird error' in the index to The TeXbook.)

! Illegal unit of measure (pt inserted).
<to be read again> 
                   \kern 
l.73 \end{table}
                
Dimensions can be in units of em, ex, in, pt, pc,
cm, mm, dd, cc, nd, nc, bp, or sp; but yours is a new one!
I'll assume that you meant to say pt, for printer's points.
To recover gracefully from this error, it's best to
delete the erroneous units; e.g., type `2' to delete
two letters. (See Chapter 27 of The TeXbook.)

! Undefined control sequence.
\@addmarginpar ...arginparwidth \fi \box \@marbox 
                                                  \hss }\nointerlineskip \hb...
l.73 \end{table}
                
The control sequence at the end of the top line
of your error message was never \def'ed. If you have
misspelled it (e.g., `\hobx'), type `I' and the correct
spelling (e.g., `I\hbox'). Otherwise just continue,
and I'll forget about whatever was undefined.

! Missing number, treated as zero.
<to be read again> 
                   \hss 
l.73 \end{table}
                
A number should have been here; I inserted `0'.
(If you can't figure out why I needed to see a number,
look up `weird error' in the index to The TeXbook.)


! LaTeX Error: Too many unprocessed floats.

See the LaTeX manual or LaTeX Companion for explanation.
Type  H <return>  for immediate help.
 ...                                              
                                                  
l.74 \begin{table}[H]
                     
You've lost some text.  Try typing  <return>  to proceed.
If that doesn't work, type  X <return>  to quit.

! Undefined control sequence.
\@float@Hx ...ltovf \fi \global \setbox \@currbox 
                                                  \color@vbox \normalcolor \...
l.74 \begin{table}[H]
                     
The control sequence at the end of the top line
of your error message was never \def'ed. If you have
misspelled it (e.g., `\hobx'), type `I' and the correct
spelling (e.g., `I\hbox'). Otherwise just continue,
and I'll forget about whatever was undefined.

! Missing number, treated as zero.
<to be read again> 
                   \vbox 
l.74 \begin{table}[H]
                     
A number should have been here; I inserted `0'.
(If you can't figure out why I needed to see a number,
look up `weird error' in the index to The TeXbook.)

! Undefined control sequence.
\@largefloatcheck ->\ifdim \ht \@currbox 
                                         >\textheight \@tempdima -\textheigh...
l.99 \end{table}
                
The control sequence at the end of the top line
of your error message was never \def'ed. If you have
misspelled it (e.g., `\hobx'), type `I' and the correct
spelling (e.g., `I\hbox'). Otherwise just continue,
and I'll forget about whatever was undefined.

! Missing number, treated as zero.
<to be read again> 
                   >
l.99 \end{table}
                
A number should have been here; I inserted `0'.
(If you can't figure out why I needed to see a number,
look up `weird error' in the index to The TeXbook.)

! Undefined control sequence.
<argument> \@currbox 
                     
l.99 \end{table}
                
The control sequence at the end of the top line
of your error message was never \def'ed. If you have
misspelled it (e.g., `\hobx'), type `I' and the correct
spelling (e.g., `I\hbox'). Otherwise just continue,
and I'll forget about whatever was undefined.

! Argument of \@xnext has an extra }.
<inserted text> 
                \par 
l.99 \end{table}
                
I've run across a `}' that doesn't seem to match anything.
For example, `\def\a#1{...}' and `\a}' would produce
this error. If you simply proceed now, the `\par' that
I've just inserted will cause me to report a runaway
argument that might be the root of the problem. But if
your `}' was spurious, just type `2' and it will go away.

Runaway argument?
\@currbox \@currlist \ifnum \count \@currbox >\z@ \advance \@pageht \@pagedp \ETC.
! Paragraph ended before \@xnext was complete.
<to be read again> 
                   \par 
l.99 \end{table}
                
I suspect you've forgotten a `}', causing me to apply this
control sequence to too much text. How can we recover?
My plan is to forget the whole thing and hope for the best.

! Extra \else.
\end@float ...pdima \penalty \@floatpenalty \else 
                                                  \vadjust {\penalty -\@Miv ...
l.99 \end{table}
                
I'm ignoring this; it doesn't match any \if.

! You can't use `\vadjust' in vertical mode.
\end@float ...nalty \@floatpenalty \else \vadjust 
                                                  {\penalty -\@Miv \vbox {}\...
l.99 \end{table}
                
Sorry, but I'm not programmed to handle this case;
I'll just pretend that you didn't ask for it.
If you're in the wrong mode, you might be able to
return to the right one by typing `I}' or `I$' or `I\par'.

! Argument of \@xnext has an extra }.
<inserted text> 
                \par 
l.99 \end{table}
                
I've run across a `}' that doesn't seem to match anything.
For example, `\def\a#1{...}' and `\a}' would produce
this error. If you simply proceed now, the `\par' that
I've just inserted will cause me to report a runaway
argument that might be the root of the problem. But if
your `}' was spurious, just type `2' and it will go away.

Runaway argument?
\@currbox \@currlist \ifnum \count \@currbox >\z@ \advance \@pageht \@pagedp \ETC.
! Paragraph ended before \@xnext was complete.
<to be read again> 
                   \par 
l.99 \end{table}
                
I suspect you've forgotten a `}', causing me to apply this
control sequence to too much text. How can we recover?
My plan is to forget the whole thing and hope for the best.

) (./results/small_classical_low_NLogit/results_table.tex

! LaTeX Error: Too many unprocessed floats.

See the LaTeX manual or LaTeX Companion for explanation.
Type  H <return>  for immediate help.
 ...                                              
                                                  
l.1 \begin{table}[H]
                    
You've lost some text.  Try typing  <return>  to proceed.
If that doesn't work, type  X <return>  to quit.

! Undefined control sequence.
\@float@Hx ...ltovf \fi \global \setbox \@currbox 
                                                  \color@vbox \normalcolor \...
l.1 \begin{table}[H]
                    
The control sequence at the end of the top line
of your error message was never \def'ed. If you have
misspelled it (e.g., `\hobx'), type `I' and the correct
spelling (e.g., `I\hbox'). Otherwise just continue,
and I'll forget about whatever was undefined.

! Missing number, treated as zero.
<to be read again> 
                   \vbox 
l.1 \begin{table}[H]
                    
A number should have been here; I inserted `0'.
(If you can't figure out why I needed to see a number,
look up `weird error' in the index to The TeXbook.)

! Undefined control sequence.
\@largefloatcheck ->\ifdim \ht \@currbox 
                                         >\textheight \@tempdima -\textheigh...
l.21 \end{table}
                
The control sequence at the end of the top line
of your error message was never \def'ed. If you have
misspelled it (e.g., `\hobx'), type `I' and the correct
spelling (e.g., `I\hbox'). Otherwise just continue,
and I'll forget about whatever was undefined.

! Missing number, treated as zero.
<to be read again> 
                   >
l.21 \end{table}
                
A number should have been here; I inserted `0'.
(If you can't figure out why I needed to see a number,
look up `weird error' in the index to The TeXbook.)

! Undefined control sequence.
<argument> \@currbox 
                     
l.21 \end{table}
                
The control sequence at the end of the top line
of your error message was never \def'ed. If you have
misspelled it (e.g., `\hobx'), type `I' and the correct
spelling (e.g., `I\hbox'). Otherwise just continue,
and I'll forget about whatever was undefined.

! Missing number, treated as zero.
<to be read again> 
                   \@elt 
l.21 \end{table}
                
A number should have been here; I inserted `0'.
(If you can't figure out why I needed to see a number,
look up `weird error' in the index to The TeXbook.)

! Missing = inserted for \ifnum.
<to be read again> 
                   \@elt 
l.21 \end{table}
                
I was expecting to see `<', `=', or `>'. Didn't.

! Missing number, treated as zero.
<to be read again> 
                   \@elt 
l.21 \end{table}
                
A number should have been here; I inserted `0'.
(If you can't figure out why I needed to see a number,
look up `weird error' in the index to The TeXbook.)


! LaTeX Error: This may be a LaTeX bug.

See the LaTeX manual or LaTeX Companion for explanation.
Type  H <return>  for immediate help.
 ...                                              
                                                  
l.21 \end{table}
                
Call for help

! Undefined control sequence.
\@addmarginpar ...advance \@tempdima \ht \@marbox 
                                                  \ifdim \@tempdima >\z@ \@l...
l.21 \end{table}
                
The control sequence at the end of the top line
of your error message was never \def'ed. If you have
misspelled it (e.g., `\hobx'), type `I' and the correct
spelling (e.g., `I\hbox'). Otherwise just continue,
and I'll forget about whatever was undefined.

! Missing number, treated as zero.
<to be read again> 
                   \protect 
l.21 \end{table}
                
A number should have been here; I inserted `0'.
(If you can't figure out why I needed to see a number,
look up `weird error' in the index to The TeXbook.)


LaTeX Warning: Marginpar on page 9 moved.

! Undefined control sequence.
\@addmarginpar ...vance \@mparbottom \dp \@marbox 
                                                  \global \advance \@mparbot...
l.21 \end{table}
                
The control sequence at the end of the top line
of your error message was never \def'ed. If you have
misspelled it (e.g., `\hobx'), type `I' and the correct
spelling (e.g., `I\hbox'). Otherwise just continue,
and I'll forget about whatever was undefined.

! Missing number, treated as zero.
<to be read again> 
                   \global 
l.21 \end{table}
                
A number should have been here; I inserted `0'.
(If you can't figure out why I needed to see a number,
look up `weird error' in the index to The TeXbook.)

! Undefined control sequence.
\@addmarginpar ...dvance \@tempdima -\ht \@marbox 
                                                  \global \setbox \@marbox \...
l.21 \end{table}
                
The control sequence at the end of the top line
of your error message was never \def'ed. If you have
misspelled it (e.g., `\hobx'), type `I' and the correct
spelling (e.g., `I\hbox'). Otherwise just continue,
and I'll forget about whatever was undefined.

! Missing number, treated as zero.
<to be read again> 
                   \global 
l.21 \end{table}
                
A number should have been here; I inserted `0'.
(If you can't figure out why I needed to see a number,
look up `weird error' in the index to The TeXbook.)

! Undefined control sequence.
\@addmarginpar ...marbox \global \setbox \@marbox 
                                                  \vbox {\vskip \@tempdima \...
l.21 \end{table}
                
The control sequence at the end of the top line
of your error message was never \def'ed. If you have
misspelled it (e.g., `\hobx'), type `I' and the correct
spelling (e.g., `I\hbox'). Otherwise just continue,
and I'll forget about whatever was undefined.

! Missing number, treated as zero.
<to be read again> 
                   \vbox 
l.21 \end{table}
                
A number should have been here; I inserted `0'.
(If you can't figure out why I needed to see a number,
look up `weird error' in the index to The TeXbook.)

! Undefined control sequence.
\@addmarginpar ...\vskip \@tempdima \box \@marbox 
                                                  }\global \ht \@marbox \z@ ...
l.21 \end{table}
                
The control sequence at the end of the top line
of your error message was never \def'ed. If you have
misspelled it (e.g., `\hobx'), type `I' and the correct
spelling (e.g., `I\hbox'). Otherwise just continue,
and I'll forget about whatever was undefined.

! Missing number, treated as zero.
<to be read again> 
                   }
l.21 \end{table}
                
A number should have been here; I inserted `0'.
(If you can't figure out why I needed to see a number,
look up `weird error' in the index to The TeXbook.)

! Undefined control sequence.
\@addmarginpar ... \@marbox }\global \ht \@marbox 
                                                  \z@ \global \dp \@marbox \...
l.21 \end{table}
                
The control sequence at the end of the top line
of your error message was never \def'ed. If you have
misspelled it (e.g., `\hobx'), type `I' and the correct
spelling (e.g., `I\hbox'). Otherwise just continue,
and I'll forget about whatever was undefined.

! Missing number, treated as zero.
<to be read again> 
                   \global 
l.21 \end{table}
                
A number should have been here; I inserted `0'.
(If you can't figure out why I needed to see a number,
look up `weird error' in the index to The TeXbook.)

! Illegal unit of measure (pt inserted).
<to be read again> 
                   \global 
l.21 \end{table}
                
Dimensions can be in units of em, ex, in, pt, pc,
cm, mm, dd, cc, nd, nc, bp, or sp; but yours is a new one!
I'll assume that you meant to say pt, for printer's points.
To recover gracefully from this error, it's best to
delete the erroneous units; e.g., type `2' to delete
two letters. (See Chapter 27 of The TeXbook.)

! Undefined control sequence.
\@addmarginpar ...marbox \z@ \global \dp \@marbox 
                                                  \z@ \kern -\@pagedp \noint...
l.21 \end{table}
                
The control sequence at the end of the top line
of your error message was never \def'ed. If you have
misspelled it (e.g., `\hobx'), type `I' and the correct
spelling (e.g., `I\hbox'). Otherwise just continue,
and I'll forget about whatever was undefined.

! Missing number, treated as zero.
<to be read again> 
                   \kern 
l.21 \end{table}
                
A number should have been here; I inserted `0'.
(If you can't figure out why I needed to see a number,
look up `weird error' in the index to The TeXbook.)

! Illegal unit of measure (pt inserted).
<to be read again> 
                   \kern 
l.21 \end{table}
                
Dimensions can be in units of em, ex, in, pt, pc,
cm, mm, dd, cc, nd, nc, bp, or sp; but yours is a new one!
I'll assume that you meant to say pt, for printer's points.
To recover gracefully from this error, it's best to
delete the erroneous units; e.g., type `2' to delete
two letters. (See Chapter 27 of The TeXbook.)

! Undefined control sequence.
\@addmarginpar ...arginparwidth \fi \box \@marbox 
                                                  \hss }\nointerlineskip \hb...
l.21 \end{table}
                
The control sequence at the end of the top line
of your error message was never \def'ed. If you have
misspelled it (e.g., `\hobx'), type `I' and the correct
spelling (e.g., `I\hbox'). Otherwise just continue,
and I'll forget about whatever was undefined.

! Missing number, treated as zero.
<to be read again> 
                   \hss 
l.21 \end{table}
                
A number should have been here; I inserted `0'.
(If you can't figure out why I needed to see a number,
look up `weird error' in the index to The TeXbook.)


! LaTeX Error: Too many unprocessed floats.

See the LaTeX manual or LaTeX Companion for explanation.
Type  H <return>  for immediate help.
 ...                                              
                                                  
l.22 \begin{table}[H]
                     
You've lost some text.  Try typing  <return>  to proceed.
If that doesn't work, type  X <return>  to quit.

! Undefined control sequence.
\@float@Hx ...ltovf \fi \global \setbox \@currbox 
                                                  \color@vbox \normalcolor \...
l.22 \begin{table}[H]
                     
The control sequence at the end of the top line
of your error message was never \def'ed. If you have
misspelled it (e.g., `\hobx'), type `I' and the correct
spelling (e.g., `I\hbox'). Otherwise just continue,
and I'll forget about whatever was undefined.

! Missing number, treated as zero.
<to be read again> 
                   \vbox 
l.22 \begin{table}[H]
                     
A number should have been here; I inserted `0'.
(If you can't figure out why I needed to see a number,
look up `weird error' in the index to The TeXbook.)

! Undefined control sequence.
\@largefloatcheck ->\ifdim \ht \@currbox 
                                         >\textheight \@tempdima -\textheigh...
l.46 \end{table}
                
The control sequence at the end of the top line
of your error message was never \def'ed. If you have
misspelled it (e.g., `\hobx'), type `I' and the correct
spelling (e.g., `I\hbox'). Otherwise just continue,
and I'll forget about whatever was undefined.

! Missing number, treated as zero.
<to be read again> 
                   >
l.46 \end{table}
                
A number should have been here; I inserted `0'.
(If you can't figure out why I needed to see a number,
look up `weird error' in the index to The TeXbook.)

! Undefined control sequence.
<argument> \@currbox 
                     
l.46 \end{table}
                
The control sequence at the end of the top line
of your error message was never \def'ed. If you have
misspelled it (e.g., `\hobx'), type `I' and the correct
spelling (e.g., `I\hbox'). Otherwise just continue,
and I'll forget about whatever was undefined.

! Argument of \@xnext has an extra }.
<inserted text> 
                \par 
l.46 \end{table}
                
I've run across a `}' that doesn't seem to match anything.
For example, `\def\a#1{...}' and `\a}' would produce
this error. If you simply proceed now, the `\par' that
I've just inserted will cause me to report a runaway
argument that might be the root of the problem. But if
your `}' was spurious, just type `2' and it will go away.

Runaway argument?
\@currbox \@currlist \ifnum \count \@currbox >\z@ \advance \@pageht \@pagedp \ETC.
! Paragraph ended before \@xnext was complete.
<to be read again> 
                   \par 
l.46 \end{table}
                
I suspect you've forgotten a `}', causing me to apply this
control sequence to too much text. How can we recover?
My plan is to forget the whole thing and hope for the best.

! Extra \else.
\end@float ...pdima \penalty \@floatpenalty \else 
                                                  \vadjust {\penalty -\@Miv ...
l.46 \end{table}
                
I'm ignoring this; it doesn't match any \if.

! You can't use `\vadjust' in vertical mode.
\end@float ...nalty \@floatpenalty \else \vadjust 
                                                  {\penalty -\@Miv \vbox {}\...
l.46 \end{table}
                
Sorry, but I'm not programmed to handle this case;
I'll just pretend that you didn't ask for it.
If you're in the wrong mode, you might be able to
return to the right one by typing `I}' or `I$' or `I\par'.

! Argument of \@xnext has an extra }.
<inserted text> 
                \par 
l.46 \end{table}
                
I've run across a `}' that doesn't seem to match anything.
For example, `\def\a#1{...}' and `\a}' would produce
this error. If you simply proceed now, the `\par' that
I've just inserted will cause me to report a runaway
argument that might be the root of the problem. But if
your `}' was spurious, just type `2' and it will go away.

Runaway argument?
\@currbox \@currlist \ifnum \count \@currbox >\z@ \advance \@pageht \@pagedp \ETC.
! Paragraph ended before \@xnext was complete.
<to be read again> 
                   \par 
l.46 \end{table}
                
I suspect you've forgotten a `}', causing me to apply this
control sequence to too much text. How can we recover?
My plan is to forget the whole thing and hope for the best.


! LaTeX Error: Too many unprocessed floats.

See the LaTeX manual or LaTeX Companion for explanation.
Type  H <return>  for immediate help.
 ...                                              
                                                  
l.47 \begin{table}[H]
                     
You've lost some text.  Try typing  <return>  to proceed.
If that doesn't work, type  X <return>  to quit.

! Undefined control sequence.
\@float@Hx ...ltovf \fi \global \setbox \@currbox 
                                                  \color@vbox \normalcolor \...
l.47 \begin{table}[H]
                     
The control sequence at the end of the top line
of your error message was never \def'ed. If you have
misspelled it (e.g., `\hobx'), type `I' and the correct
spelling (e.g., `I\hbox'). Otherwise just continue,
and I'll forget about whatever was undefined.

! Missing number, treated as zero.
<to be read again> 
                   \vbox 
l.47 \begin{table}[H]
                     
A number should have been here; I inserted `0'.
(If you can't figure out why I needed to see a number,
look up `weird error' in the index to The TeXbook.)

! Undefined control sequence.
\@largefloatcheck ->\ifdim \ht \@currbox 
                                         >\textheight \@tempdima -\textheigh...
l.71 \end{table}
                
The control sequence at the end of the top line
of your error message was never \def'ed. If you have
misspelled it (e.g., `\hobx'), type `I' and the correct
spelling (e.g., `I\hbox'). Otherwise just continue,
and I'll forget about whatever was undefined.

! Missing number, treated as zero.
<to be read again> 
                   >
l.71 \end{table}
                
A number should have been here; I inserted `0'.
(If you can't figure out why I needed to see a number,
look up `weird error' in the index to The TeXbook.)

! Undefined control sequence.
<argument> \@currbox 
                     
l.71 \end{table}
                
The control sequence at the end of the top line
of your error message was never \def'ed. If you have
misspelled it (e.g., `\hobx'), type `I' and the correct
spelling (e.g., `I\hbox'). Otherwise just continue,
and I'll forget about whatever was undefined.

! Missing number, treated as zero.
<to be read again> 
                   \@elt 
l.71 \end{table}
                
A number should have been here; I inserted `0'.
(If you can't figure out why I needed to see a number,
look up `weird error' in the index to The TeXbook.)

! Missing = inserted for \ifnum.
<to be read again> 
                   \@elt 
l.71 \end{table}
                
I was expecting to see `<', `=', or `>'. Didn't.

! Missing number, treated as zero.
<to be read again> 
                   \@elt 
l.71 \end{table}
                
A number should have been here; I inserted `0'.
(If you can't figure out why I needed to see a number,
look up `weird error' in the index to The TeXbook.)


! LaTeX Error: This may be a LaTeX bug.

See the LaTeX manual or LaTeX Companion for explanation.
Type  H <return>  for immediate help.
 ...                                              
                                                  
l.71 \end{table}
                
Call for help

! Undefined control sequence.
\@addmarginpar ...advance \@tempdima \ht \@marbox 
                                                  \ifdim \@tempdima >\z@ \@l...
l.71 \end{table}
                
The control sequence at the end of the top line
of your error message was never \def'ed. If you have
misspelled it (e.g., `\hobx'), type `I' and the correct
spelling (e.g., `I\hbox'). Otherwise just continue,
and I'll forget about whatever was undefined.

! Missing number, treated as zero.
<to be read again> 
                   \protect 
l.71 \end{table}
                
A number should have been here; I inserted `0'.
(If you can't figure out why I needed to see a number,
look up `weird error' in the index to The TeXbook.)


LaTeX Warning: Marginpar on page 9 moved.

! Undefined control sequence.
\@addmarginpar ...vance \@mparbottom \dp \@marbox 
                                                  \global \advance \@mparbot...
l.71 \end{table}
                
The control sequence at the end of the top line
of your error message was never \def'ed. If you have
misspelled it (e.g., `\hobx'), type `I' and the correct
spelling (e.g., `I\hbox'). Otherwise just continue,
and I'll forget about whatever was undefined.

! Missing number, treated as zero.
<to be read again> 
                   \global 
l.71 \end{table}
                
A number should have been here; I inserted `0'.
(If you can't figure out why I needed to see a number,
look up `weird error' in the index to The TeXbook.)

! Undefined control sequence.
\@addmarginpar ...dvance \@tempdima -\ht \@marbox 
                                                  \global \setbox \@marbox \...
l.71 \end{table}
                
The control sequence at the end of the top line
of your error message was never \def'ed. If you have
misspelled it (e.g., `\hobx'), type `I' and the correct
spelling (e.g., `I\hbox'). Otherwise just continue,
and I'll forget about whatever was undefined.

! Missing number, treated as zero.
<to be read again> 
                   \global 
l.71 \end{table}
                
A number should have been here; I inserted `0'.
(If you can't figure out why I needed to see a number,
look up `weird error' in the index to The TeXbook.)

! Undefined control sequence.
\@addmarginpar ...marbox \global \setbox \@marbox 
                                                  \vbox {\vskip \@tempdima \...
l.71 \end{table}
                
The control sequence at the end of the top line
of your error message was never \def'ed. If you have
misspelled it (e.g., `\hobx'), type `I' and the correct
spelling (e.g., `I\hbox'). Otherwise just continue,
and I'll forget about whatever was undefined.

! Missing number, treated as zero.
<to be read again> 
                   \vbox 
l.71 \end{table}
                
A number should have been here; I inserted `0'.
(If you can't figure out why I needed to see a number,
look up `weird error' in the index to The TeXbook.)

! Undefined control sequence.
\@addmarginpar ...\vskip \@tempdima \box \@marbox 
                                                  }\global \ht \@marbox \z@ ...
l.71 \end{table}
                
The control sequence at the end of the top line
of your error message was never \def'ed. If you have
misspelled it (e.g., `\hobx'), type `I' and the correct
spelling (e.g., `I\hbox'). Otherwise just continue,
and I'll forget about whatever was undefined.

! Missing number, treated as zero.
<to be read again> 
                   }
l.71 \end{table}
                
A number should have been here; I inserted `0'.
(If you can't figure out why I needed to see a number,
look up `weird error' in the index to The TeXbook.)

! Undefined control sequence.
\@addmarginpar ... \@marbox }\global \ht \@marbox 
                                                  \z@ \global \dp \@marbox \...
l.71 \end{table}
                
The control sequence at the end of the top line
of your error message was never \def'ed. If you have
misspelled it (e.g., `\hobx'), type `I' and the correct
spelling (e.g., `I\hbox'). Otherwise just continue,
and I'll forget about whatever was undefined.

! Missing number, treated as zero.
<to be read again> 
                   \global 
l.71 \end{table}
                
A number should have been here; I inserted `0'.
(If you can't figure out why I needed to see a number,
look up `weird error' in the index to The TeXbook.)

! Illegal unit of measure (pt inserted).
<to be read again> 
                   \global 
l.71 \end{table}
                
Dimensions can be in units of em, ex, in, pt, pc,
cm, mm, dd, cc, nd, nc, bp, or sp; but yours is a new one!
I'll assume that you meant to say pt, for printer's points.
To recover gracefully from this error, it's best to
delete the erroneous units; e.g., type `2' to delete
two letters. (See Chapter 27 of The TeXbook.)

! Undefined control sequence.
\@addmarginpar ...marbox \z@ \global \dp \@marbox 
                                                  \z@ \kern -\@pagedp \noint...
l.71 \end{table}
                
The control sequence at the end of the top line
of your error message was never \def'ed. If you have
misspelled it (e.g., `\hobx'), type `I' and the correct
spelling (e.g., `I\hbox'). Otherwise just continue,
and I'll forget about whatever was undefined.

! Missing number, treated as zero.
<to be read again> 
                   \kern 
l.71 \end{table}
                
A number should have been here; I inserted `0'.
(If you can't figure out why I needed to see a number,
look up `weird error' in the index to The TeXbook.)

! Illegal unit of measure (pt inserted).
<to be read again> 
                   \kern 
l.71 \end{table}
                
Dimensions can be in units of em, ex, in, pt, pc,
cm, mm, dd, cc, nd, nc, bp, or sp; but yours is a new one!
I'll assume that you meant to say pt, for printer's points.
To recover gracefully from this error, it's best to
delete the erroneous units; e.g., type `2' to delete
two letters. (See Chapter 27 of The TeXbook.)

! Undefined control sequence.
\@addmarginpar ...arginparwidth \fi \box \@marbox 
                                                  \hss }\nointerlineskip \hb...
l.71 \end{table}
                
The control sequence at the end of the top line
of your error message was never \def'ed. If you have
misspelled it (e.g., `\hobx'), type `I' and the correct
spelling (e.g., `I\hbox'). Otherwise just continue,
and I'll forget about whatever was undefined.

! Missing number, treated as zero.
<to be read again> 
                   \hss 
l.71 \end{table}
                
A number should have been here; I inserted `0'.
(If you can't figure out why I needed to see a number,
look up `weird error' in the index to The TeXbook.)


! LaTeX Error: Too many unprocessed floats.

See the LaTeX manual or LaTeX Companion for explanation.
Type  H <return>  for immediate help.
 ...                                              
                                                  
l.72 \begin{table}[H]
                     
You've lost some text.  Try typing  <return>  to proceed.
If that doesn't work, type  X <return>  to quit.

! Undefined control sequence.
\@float@Hx ...ltovf \fi \global \setbox \@currbox 
                                                  \color@vbox \normalcolor \...
l.72 \begin{table}[H]
                     
The control sequence at the end of the top line
of your error message was never \def'ed. If you have
misspelled it (e.g., `\hobx'), type `I' and the correct
spelling (e.g., `I\hbox'). Otherwise just continue,
and I'll forget about whatever was undefined.

! Missing number, treated as zero.
<to be read again> 
                   \vbox 
l.72 \begin{table}[H]
                     
A number should have been here; I inserted `0'.
(If you can't figure out why I needed to see a number,
look up `weird error' in the index to The TeXbook.)

! Undefined control sequence.
\@largefloatcheck ->\ifdim \ht \@currbox 
                                         >\textheight \@tempdima -\textheigh...
l.96 \end{table}
                
The control sequence at the end of the top line
of your error message was never \def'ed. If you have
misspelled it (e.g., `\hobx'), type `I' and the correct
spelling (e.g., `I\hbox'). Otherwise just continue,
and I'll forget about whatever was undefined.

! Missing number, treated as zero.
<to be read again> 
                   >
l.96 \end{table}
                
A number should have been here; I inserted `0'.
(If you can't figure out why I needed to see a number,
look up `weird error' in the index to The TeXbook.)

! Undefined control sequence.
<argument> \@currbox 
                     
l.96 \end{table}
                
The control sequence at the end of the top line
of your error message was never \def'ed. If you have
misspelled it (e.g., `\hobx'), type `I' and the correct
spelling (e.g., `I\hbox'). Otherwise just continue,
and I'll forget about whatever was undefined.

! Argument of \@xnext has an extra }.
<inserted text> 
                \par 
l.96 \end{table}
                
I've run across a `}' that doesn't seem to match anything.
For example, `\def\a#1{...}' and `\a}' would produce
this error. If you simply proceed now, the `\par' that
I've just inserted will cause me to report a runaway
argument that might be the root of the problem. But if
your `}' was spurious, just type `2' and it will go away.

Runaway argument?
\@currbox \@currlist \ifnum \count \@currbox >\z@ \advance \@pageht \@pagedp \ETC.
! Paragraph ended before \@xnext was complete.
<to be read again> 
                   \par 
l.96 \end{table}
                
I suspect you've forgotten a `}', causing me to apply this
control sequence to too much text. How can we recover?
My plan is to forget the whole thing and hope for the best.

! Extra \else.
\end@float ...pdima \penalty \@floatpenalty \else 
                                                  \vadjust {\penalty -\@Miv ...
l.96 \end{table}
                
I'm ignoring this; it doesn't match any \if.

! You can't use `\vadjust' in vertical mode.
\end@float ...nalty \@floatpenalty \else \vadjust 
                                                  {\penalty -\@Miv \vbox {}\...
l.96 \end{table}
                
Sorry, but I'm not programmed to handle this case;
I'll just pretend that you didn't ask for it.
If you're in the wrong mode, you might be able to
return to the right one by typing `I}' or `I$' or `I\par'.

! Argument of \@xnext has an extra }.
<inserted text> 
                \par 
l.96 \end{table}
                
I've run across a `}' that doesn't seem to match anything.
For example, `\def\a#1{...}' and `\a}' would produce
this error. If you simply proceed now, the `\par' that
I've just inserted will cause me to report a runaway
argument that might be the root of the problem. But if
your `}' was spurious, just type `2' and it will go away.

Runaway argument?
\@currbox \@currlist \ifnum \count \@currbox >\z@ \advance \@pageht \@pagedp \ETC.
! Paragraph ended before \@xnext was complete.
<to be read again> 
                   \par 
l.96 \end{table}
                
I suspect you've forgotten a `}', causing me to apply this
control sequence to too much text. How can we recover?
My plan is to forget the whole thing and hope for the best.


! LaTeX Error: Too many unprocessed floats.

See the LaTeX manual or LaTeX Companion for explanation.
Type  H <return>  for immediate help.
 ...                                              
                                                  
l.97 \begin{table}[H]
                     
You've lost some text.  Try typing  <return>  to proceed.
If that doesn't work, type  X <return>  to quit.

! Undefined control sequence.
\@float@Hx ...ltovf \fi \global \setbox \@currbox 
                                                  \color@vbox \normalcolor \...
l.97 \begin{table}[H]
                     
The control sequence at the end of the top line
of your error message was never \def'ed. If you have
misspelled it (e.g., `\hobx'), type `I' and the correct
spelling (e.g., `I\hbox'). Otherwise just continue,
and I'll forget about whatever was undefined.

! Missing number, treated as zero.
<to be read again> 
                   \vbox 
l.97 \begin{table}[H]
                     
A number should have been here; I inserted `0'.
(If you can't figure out why I needed to see a number,
look up `weird error' in the index to The TeXbook.)

! Undefined control sequence.
\@largefloatcheck ->\ifdim \ht \@currbox 
                                         >\textheight \@tempdima -\textheigh...
l.121 \end{table}
                 
The control sequence at the end of the top line
of your error message was never \def'ed. If you have
misspelled it (e.g., `\hobx'), type `I' and the correct
spelling (e.g., `I\hbox'). Otherwise just continue,
and I'll forget about whatever was undefined.

! Missing number, treated as zero.
<to be read again> 
                   >
l.121 \end{table}
                 
A number should have been here; I inserted `0'.
(If you can't figure out why I needed to see a number,
look up `weird error' in the index to The TeXbook.)

! Undefined control sequence.
<argument> \@currbox 
                     
l.121 \end{table}
                 
The control sequence at the end of the top line
of your error message was never \def'ed. If you have
misspelled it (e.g., `\hobx'), type `I' and the correct
spelling (e.g., `I\hbox'). Otherwise just continue,
and I'll forget about whatever was undefined.

! Missing number, treated as zero.
<to be read again> 
                   \@elt 
l.121 \end{table}
                 
A number should have been here; I inserted `0'.
(If you can't figure out why I needed to see a number,
look up `weird error' in the index to The TeXbook.)

! Missing = inserted for \ifnum.
<to be read again> 
                   \@elt 
l.121 \end{table}
                 
I was expecting to see `<', `=', or `>'. Didn't.

! Missing number, treated as zero.
<to be read again> 
                   \@elt 
l.121 \end{table}
                 
A number should have been here; I inserted `0'.
(If you can't figure out why I needed to see a number,
look up `weird error' in the index to The TeXbook.)


! LaTeX Error: This may be a LaTeX bug.

See the LaTeX manual or LaTeX Companion for explanation.
Type  H <return>  for immediate help.
 ...                                              
                                                  
l.121 \end{table}
                 
Call for help

! Undefined control sequence.
\@addmarginpar ...advance \@tempdima \ht \@marbox 
                                                  \ifdim \@tempdima >\z@ \@l...
l.121 \end{table}
                 
The control sequence at the end of the top line
of your error message was never \def'ed. If you have
misspelled it (e.g., `\hobx'), type `I' and the correct
spelling (e.g., `I\hbox'). Otherwise just continue,
and I'll forget about whatever was undefined.

! Missing number, treated as zero.
<to be read again> 
                   \protect 
l.121 \end{table}
                 
A number should have been here; I inserted `0'.
(If you can't figure out why I needed to see a number,
look up `weird error' in the index to The TeXbook.)


LaTeX Warning: Marginpar on page 9 moved.

! Undefined control sequence.
\@addmarginpar ...vance \@mparbottom \dp \@marbox 
                                                  \global \advance \@mparbot...
l.121 \end{table}
                 
The control sequence at the end of the top line
of your error message was never \def'ed. If you have
misspelled it (e.g., `\hobx'), type `I' and the correct
spelling (e.g., `I\hbox'). Otherwise just continue,
and I'll forget about whatever was undefined.

! Missing number, treated as zero.
<to be read again> 
                   \global 
l.121 \end{table}
                 
A number should have been here; I inserted `0'.
(If you can't figure out why I needed to see a number,
look up `weird error' in the index to The TeXbook.)

! Undefined control sequence.
\@addmarginpar ...dvance \@tempdima -\ht \@marbox 
                                                  \global \setbox \@marbox \...
l.121 \end{table}
                 
The control sequence at the end of the top line
of your error message was never \def'ed. If you have
misspelled it (e.g., `\hobx'), type `I' and the correct
spelling (e.g., `I\hbox'). Otherwise just continue,
and I'll forget about whatever was undefined.

! Missing number, treated as zero.
<to be read again> 
                   \global 
l.121 \end{table}
                 
A number should have been here; I inserted `0'.
(If you can't figure out why I needed to see a number,
look up `weird error' in the index to The TeXbook.)

! Undefined control sequence.
\@addmarginpar ...marbox \global \setbox \@marbox 
                                                  \vbox {\vskip \@tempdima \...
l.121 \end{table}
                 
The control sequence at the end of the top line
of your error message was never \def'ed. If you have
misspelled it (e.g., `\hobx'), type `I' and the correct
spelling (e.g., `I\hbox'). Otherwise just continue,
and I'll forget about whatever was undefined.

! Missing number, treated as zero.
<to be read again> 
                   \vbox 
l.121 \end{table}
                 
A number should have been here; I inserted `0'.
(If you can't figure out why I needed to see a number,
look up `weird error' in the index to The TeXbook.)

! Undefined control sequence.
\@addmarginpar ...\vskip \@tempdima \box \@marbox 
                                                  }\global \ht \@marbox \z@ ...
l.121 \end{table}
                 
The control sequence at the end of the top line
of your error message was never \def'ed. If you have
misspelled it (e.g., `\hobx'), type `I' and the correct
spelling (e.g., `I\hbox'). Otherwise just continue,
and I'll forget about whatever was undefined.

! Missing number, treated as zero.
<to be read again> 
                   }
l.121 \end{table}
                 
A number should have been here; I inserted `0'.
(If you can't figure out why I needed to see a number,
look up `weird error' in the index to The TeXbook.)

! Undefined control sequence.
\@addmarginpar ... \@marbox }\global \ht \@marbox 
                                                  \z@ \global \dp \@marbox \...
l.121 \end{table}
                 
The control sequence at the end of the top line
of your error message was never \def'ed. If you have
misspelled it (e.g., `\hobx'), type `I' and the correct
spelling (e.g., `I\hbox'). Otherwise just continue,
and I'll forget about whatever was undefined.

! Missing number, treated as zero.
<to be read again> 
                   \global 
l.121 \end{table}
                 
A number should have been here; I inserted `0'.
(If you can't figure out why I needed to see a number,
look up `weird error' in the index to The TeXbook.)

! Illegal unit of measure (pt inserted).
<to be read again> 
                   \global 
l.121 \end{table}
                 
Dimensions can be in units of em, ex, in, pt, pc,
cm, mm, dd, cc, nd, nc, bp, or sp; but yours is a new one!
I'll assume that you meant to say pt, for printer's points.
To recover gracefully from this error, it's best to
delete the erroneous units; e.g., type `2' to delete
two letters. (See Chapter 27 of The TeXbook.)

! Undefined control sequence.
\@addmarginpar ...marbox \z@ \global \dp \@marbox 
                                                  \z@ \kern -\@pagedp \noint...
l.121 \end{table}
                 
The control sequence at the end of the top line
of your error message was never \def'ed. If you have
misspelled it (e.g., `\hobx'), type `I' and the correct
spelling (e.g., `I\hbox'). Otherwise just continue,
and I'll forget about whatever was undefined.

! Missing number, treated as zero.
<to be read again> 
                   \kern 
l.121 \end{table}
                 
A number should have been here; I inserted `0'.
(If you can't figure out why I needed to see a number,
look up `weird error' in the index to The TeXbook.)

! Illegal unit of measure (pt inserted).
<to be read again> 
                   \kern 
l.121 \end{table}
                 
Dimensions can be in units of em, ex, in, pt, pc,
cm, mm, dd, cc, nd, nc, bp, or sp; but yours is a new one!
I'll assume that you meant to say pt, for printer's points.
To recover gracefully from this error, it's best to
delete the erroneous units; e.g., type `2' to delete
two letters. (See Chapter 27 of The TeXbook.)

! Undefined control sequence.
\@addmarginpar ...arginparwidth \fi \box \@marbox 
                                                  \hss }\nointerlineskip \hb...
l.121 \end{table}
                 
The control sequence at the end of the top line
of your error message was never \def'ed. If you have
misspelled it (e.g., `\hobx'), type `I' and the correct
spelling (e.g., `I\hbox'). Otherwise just continue,
and I'll forget about whatever was undefined.

! Missing number, treated as zero.
<to be read again> 
                   \hss 
l.121 \end{table}
                 
A number should have been here; I inserted `0'.
(If you can't figure out why I needed to see a number,
look up `weird error' in the index to The TeXbook.)

) (./results/small_classical_high_NLogit/results_table.tex

! LaTeX Error: Too many unprocessed floats.

See the LaTeX manual or LaTeX Companion for explanation.
Type  H <return>  for immediate help.
 ...                                              
                                                  
l.1 \begin{table}[H]
                    
You've lost some text.  Try typing  <return>  to proceed.
If that doesn't work, type  X <return>  to quit.

! Undefined control sequence.
\@float@Hx ...ltovf \fi \global \setbox \@currbox 
                                                  \color@vbox \normalcolor \...
l.1 \begin{table}[H]
                    
The control sequence at the end of the top line
of your error message was never \def'ed. If you have
misspelled it (e.g., `\hobx'), type `I' and the correct
spelling (e.g., `I\hbox'). Otherwise just continue,
and I'll forget about whatever was undefined.

! Missing number, treated as zero.
<to be read again> 
                   \vbox 
l.1 \begin{table}[H]
                    
A number should have been here; I inserted `0'.
(If you can't figure out why I needed to see a number,
look up `weird error' in the index to The TeXbook.)

! Undefined control sequence.
\@largefloatcheck ->\ifdim \ht \@currbox 
                                         >\textheight \@tempdima -\textheigh...
l.21 \end{table}
                
The control sequence at the end of the top line
of your error message was never \def'ed. If you have
misspelled it (e.g., `\hobx'), type `I' and the correct
spelling (e.g., `I\hbox'). Otherwise just continue,
and I'll forget about whatever was undefined.

! Missing number, treated as zero.
<to be read again> 
                   >
l.21 \end{table}
                
A number should have been here; I inserted `0'.
(If you can't figure out why I needed to see a number,
look up `weird error' in the index to The TeXbook.)

! Undefined control sequence.
<argument> \@currbox 
                     
l.21 \end{table}
                
The control sequence at the end of the top line
of your error message was never \def'ed. If you have
misspelled it (e.g., `\hobx'), type `I' and the correct
spelling (e.g., `I\hbox'). Otherwise just continue,
and I'll forget about whatever was undefined.

! Argument of \@xnext has an extra }.
<inserted text> 
                \par 
l.21 \end{table}
                
I've run across a `}' that doesn't seem to match anything.
For example, `\def\a#1{...}' and `\a}' would produce
this error. If you simply proceed now, the `\par' that
I've just inserted will cause me to report a runaway
argument that might be the root of the problem. But if
your `}' was spurious, just type `2' and it will go away.

Runaway argument?
\@currbox \@currlist \ifnum \count \@currbox >\z@ \advance \@pageht \@pagedp \ETC.
! Paragraph ended before \@xnext was complete.
<to be read again> 
                   \par 
l.21 \end{table}
                
I suspect you've forgotten a `}', causing me to apply this
control sequence to too much text. How can we recover?
My plan is to forget the whole thing and hope for the best.

! Extra \else.
\end@float ...pdima \penalty \@floatpenalty \else 
                                                  \vadjust {\penalty -\@Miv ...
l.21 \end{table}
                
I'm ignoring this; it doesn't match any \if.

! You can't use `\vadjust' in vertical mode.
\end@float ...nalty \@floatpenalty \else \vadjust 
                                                  {\penalty -\@Miv \vbox {}\...
l.21 \end{table}
                
Sorry, but I'm not programmed to handle this case;
I'll just pretend that you didn't ask for it.
If you're in the wrong mode, you might be able to
return to the right one by typing `I}' or `I$' or `I\par'.

! Argument of \@xnext has an extra }.
<inserted text> 
                \par 
l.21 \end{table}
                
I've run across a `}' that doesn't seem to match anything.
For example, `\def\a#1{...}' and `\a}' would produce
this error. If you simply proceed now, the `\par' that
I've just inserted will cause me to report a runaway
argument that might be the root of the problem. But if
your `}' was spurious, just type `2' and it will go away.

Runaway argument?
\@currbox \@currlist \ifnum \count \@currbox >\z@ \advance \@pageht \@pagedp \ETC.
! Paragraph ended before \@xnext was complete.
<to be read again> 
                   \par 
l.21 \end{table}
                
I suspect you've forgotten a `}', causing me to apply this
control sequence to too much text. How can we recover?
My plan is to forget the whole thing and hope for the best.


! LaTeX Error: Too many unprocessed floats.

See the LaTeX manual or LaTeX Companion for explanation.
Type  H <return>  for immediate help.
 ...                                              
                                                  
l.22 \begin{table}[H]
                     
You've lost some text.  Try typing  <return>  to proceed.
If that doesn't work, type  X <return>  to quit.

! Undefined control sequence.
\@float@Hx ...ltovf \fi \global \setbox \@currbox 
                                                  \color@vbox \normalcolor \...
l.22 \begin{table}[H]
                     
The control sequence at the end of the top line
of your error message was never \def'ed. If you have
misspelled it (e.g., `\hobx'), type `I' and the correct
spelling (e.g., `I\hbox'). Otherwise just continue,
and I'll forget about whatever was undefined.

! Missing number, treated as zero.
<to be read again> 
                   \vbox 
l.22 \begin{table}[H]
                     
A number should have been here; I inserted `0'.
(If you can't figure out why I needed to see a number,
look up `weird error' in the index to The TeXbook.)

! Undefined control sequence.
\@largefloatcheck ->\ifdim \ht \@currbox 
                                         >\textheight \@tempdima -\textheigh...
l.46 \end{table}
                
The control sequence at the end of the top line
of your error message was never \def'ed. If you have
misspelled it (e.g., `\hobx'), type `I' and the correct
spelling (e.g., `I\hbox'). Otherwise just continue,
and I'll forget about whatever was undefined.

! Missing number, treated as zero.
<to be read again> 
                   >
l.46 \end{table}
                
A number should have been here; I inserted `0'.
(If you can't figure out why I needed to see a number,
look up `weird error' in the index to The TeXbook.)

! Undefined control sequence.
<argument> \@currbox 
                     
l.46 \end{table}
                
The control sequence at the end of the top line
of your error message was never \def'ed. If you have
misspelled it (e.g., `\hobx'), type `I' and the correct
spelling (e.g., `I\hbox'). Otherwise just continue,
and I'll forget about whatever was undefined.

! Missing number, treated as zero.
<to be read again> 
                   \@elt 
l.46 \end{table}
                
A number should have been here; I inserted `0'.
(If you can't figure out why I needed to see a number,
look up `weird error' in the index to The TeXbook.)

! Missing = inserted for \ifnum.
<to be read again> 
                   \@elt 
l.46 \end{table}
                
I was expecting to see `<', `=', or `>'. Didn't.

! Missing number, treated as zero.
<to be read again> 
                   \@elt 
l.46 \end{table}
                
A number should have been here; I inserted `0'.
(If you can't figure out why I needed to see a number,
look up `weird error' in the index to The TeXbook.)


! LaTeX Error: This may be a LaTeX bug.

See the LaTeX manual or LaTeX Companion for explanation.
Type  H <return>  for immediate help.
 ...                                              
                                                  
l.46 \end{table}
                
Call for help

! Undefined control sequence.
\@addmarginpar ...advance \@tempdima \ht \@marbox 
                                                  \ifdim \@tempdima >\z@ \@l...
l.46 \end{table}
                
The control sequence at the end of the top line
of your error message was never \def'ed. If you have
misspelled it (e.g., `\hobx'), type `I' and the correct
spelling (e.g., `I\hbox'). Otherwise just continue,
and I'll forget about whatever was undefined.

! Missing number, treated as zero.
<to be read again> 
                   \protect 
l.46 \end{table}
                
A number should have been here; I inserted `0'.
(If you can't figure out why I needed to see a number,
look up `weird error' in the index to The TeXbook.)


LaTeX Warning: Marginpar on page 9 moved.

! Undefined control sequence.
\@addmarginpar ...vance \@mparbottom \dp \@marbox 
                                                  \global \advance \@mparbot...
l.46 \end{table}
                
The control sequence at the end of the top line
of your error message was never \def'ed. If you have
misspelled it (e.g., `\hobx'), type `I' and the correct
spelling (e.g., `I\hbox'). Otherwise just continue,
and I'll forget about whatever was undefined.

! Missing number, treated as zero.
<to be read again> 
                   \global 
l.46 \end{table}
                
A number should have been here; I inserted `0'.
(If you can't figure out why I needed to see a number,
look up `weird error' in the index to The TeXbook.)

! Undefined control sequence.
\@addmarginpar ...dvance \@tempdima -\ht \@marbox 
                                                  \global \setbox \@marbox \...
l.46 \end{table}
                
The control sequence at the end of the top line
of your error message was never \def'ed. If you have
misspelled it (e.g., `\hobx'), type `I' and the correct
spelling (e.g., `I\hbox'). Otherwise just continue,
and I'll forget about whatever was undefined.

! Missing number, treated as zero.
<to be read again> 
                   \global 
l.46 \end{table}
                
A number should have been here; I inserted `0'.
(If you can't figure out why I needed to see a number,
look up `weird error' in the index to The TeXbook.)

! Undefined control sequence.
\@addmarginpar ...marbox \global \setbox \@marbox 
                                                  \vbox {\vskip \@tempdima \...
l.46 \end{table}
                
The control sequence at the end of the top line
of your error message was never \def'ed. If you have
misspelled it (e.g., `\hobx'), type `I' and the correct
spelling (e.g., `I\hbox'). Otherwise just continue,
and I'll forget about whatever was undefined.

! Missing number, treated as zero.
<to be read again> 
                   \vbox 
l.46 \end{table}
                
A number should have been here; I inserted `0'.
(If you can't figure out why I needed to see a number,
look up `weird error' in the index to The TeXbook.)

! Undefined control sequence.
\@addmarginpar ...\vskip \@tempdima \box \@marbox 
                                                  }\global \ht \@marbox \z@ ...
l.46 \end{table}
                
The control sequence at the end of the top line
of your error message was never \def'ed. If you have
misspelled it (e.g., `\hobx'), type `I' and the correct
spelling (e.g., `I\hbox'). Otherwise just continue,
and I'll forget about whatever was undefined.

! Missing number, treated as zero.
<to be read again> 
                   }
l.46 \end{table}
                
A number should have been here; I inserted `0'.
(If you can't figure out why I needed to see a number,
look up `weird error' in the index to The TeXbook.)

! Undefined control sequence.
\@addmarginpar ... \@marbox }\global \ht \@marbox 
                                                  \z@ \global \dp \@marbox \...
l.46 \end{table}
                
The control sequence at the end of the top line
of your error message was never \def'ed. If you have
misspelled it (e.g., `\hobx'), type `I' and the correct
spelling (e.g., `I\hbox'). Otherwise just continue,
and I'll forget about whatever was undefined.

! Missing number, treated as zero.
<to be read again> 
                   \global 
l.46 \end{table}
                
A number should have been here; I inserted `0'.
(If you can't figure out why I needed to see a number,
look up `weird error' in the index to The TeXbook.)

! Illegal unit of measure (pt inserted).
<to be read again> 
                   \global 
l.46 \end{table}
                
Dimensions can be in units of em, ex, in, pt, pc,
cm, mm, dd, cc, nd, nc, bp, or sp; but yours is a new one!
I'll assume that you meant to say pt, for printer's points.
To recover gracefully from this error, it's best to
delete the erroneous units; e.g., type `2' to delete
two letters. (See Chapter 27 of The TeXbook.)

! Undefined control sequence.
\@addmarginpar ...marbox \z@ \global \dp \@marbox 
                                                  \z@ \kern -\@pagedp \noint...
l.46 \end{table}
                
The control sequence at the end of the top line
of your error message was never \def'ed. If you have
misspelled it (e.g., `\hobx'), type `I' and the correct
spelling (e.g., `I\hbox'). Otherwise just continue,
and I'll forget about whatever was undefined.

! Missing number, treated as zero.
<to be read again> 
                   \kern 
l.46 \end{table}
                
A number should have been here; I inserted `0'.
(If you can't figure out why I needed to see a number,
look up `weird error' in the index to The TeXbook.)

! Illegal unit of measure (pt inserted).
<to be read again> 
                   \kern 
l.46 \end{table}
                
Dimensions can be in units of em, ex, in, pt, pc,
cm, mm, dd, cc, nd, nc, bp, or sp; but yours is a new one!
I'll assume that you meant to say pt, for printer's points.
To recover gracefully from this error, it's best to
delete the erroneous units; e.g., type `2' to delete
two letters. (See Chapter 27 of The TeXbook.)

! Undefined control sequence.
\@addmarginpar ...arginparwidth \fi \box \@marbox 
                                                  \hss }\nointerlineskip \hb...
l.46 \end{table}
                
The control sequence at the end of the top line
of your error message was never \def'ed. If you have
misspelled it (e.g., `\hobx'), type `I' and the correct
spelling (e.g., `I\hbox'). Otherwise just continue,
and I'll forget about whatever was undefined.

! Missing number, treated as zero.
<to be read again> 
                   \hss 
l.46 \end{table}
                
A number should have been here; I inserted `0'.
(If you can't figure out why I needed to see a number,
look up `weird error' in the index to The TeXbook.)


! LaTeX Error: Too many unprocessed floats.

See the LaTeX manual or LaTeX Companion for explanation.
Type  H <return>  for immediate help.
 ...                                              
                                                  
l.47 \begin{table}[H]
                     
You've lost some text.  Try typing  <return>  to proceed.
If that doesn't work, type  X <return>  to quit.

! Undefined control sequence.
\@float@Hx ...ltovf \fi \global \setbox \@currbox 
                                                  \color@vbox \normalcolor \...
l.47 \begin{table}[H]
                     
The control sequence at the end of the top line
of your error message was never \def'ed. If you have
misspelled it (e.g., `\hobx'), type `I' and the correct
spelling (e.g., `I\hbox'). Otherwise just continue,
and I'll forget about whatever was undefined.

! Missing number, treated as zero.
<to be read again> 
                   \vbox 
l.47 \begin{table}[H]
                     
A number should have been here; I inserted `0'.
(If you can't figure out why I needed to see a number,
look up `weird error' in the index to The TeXbook.)

! Undefined control sequence.
\@largefloatcheck ->\ifdim \ht \@currbox 
                                         >\textheight \@tempdima -\textheigh...
l.71 \end{table}
                
The control sequence at the end of the top line
of your error message was never \def'ed. If you have
misspelled it (e.g., `\hobx'), type `I' and the correct
spelling (e.g., `I\hbox'). Otherwise just continue,
and I'll forget about whatever was undefined.

! Missing number, treated as zero.
<to be read again> 
                   >
l.71 \end{table}
                
A number should have been here; I inserted `0'.
(If you can't figure out why I needed to see a number,
look up `weird error' in the index to The TeXbook.)

! Undefined control sequence.
<argument> \@currbox 
                     
l.71 \end{table}
                
The control sequence at the end of the top line
of your error message was never \def'ed. If you have
misspelled it (e.g., `\hobx'), type `I' and the correct
spelling (e.g., `I\hbox'). Otherwise just continue,
and I'll forget about whatever was undefined.

! Argument of \@xnext has an extra }.
<inserted text> 
                \par 
l.71 \end{table}
                
I've run across a `}' that doesn't seem to match anything.
For example, `\def\a#1{...}' and `\a}' would produce
this error. If you simply proceed now, the `\par' that
I've just inserted will cause me to report a runaway
argument that might be the root of the problem. But if
your `}' was spurious, just type `2' and it will go away.

Runaway argument?
\@currbox \@currlist \ifnum \count \@currbox >\z@ \advance \@pageht \@pagedp \ETC.
! Paragraph ended before \@xnext was complete.
<to be read again> 
                   \par 
l.71 \end{table}
                
I suspect you've forgotten a `}', causing me to apply this
control sequence to too much text. How can we recover?
My plan is to forget the whole thing and hope for the best.

! Extra \else.
\end@float ...pdima \penalty \@floatpenalty \else 
                                                  \vadjust {\penalty -\@Miv ...
l.71 \end{table}
                
I'm ignoring this; it doesn't match any \if.

! You can't use `\vadjust' in vertical mode.
\end@float ...nalty \@floatpenalty \else \vadjust 
                                                  {\penalty -\@Miv \vbox {}\...
l.71 \end{table}
                
Sorry, but I'm not programmed to handle this case;
I'll just pretend that you didn't ask for it.
If you're in the wrong mode, you might be able to
return to the right one by typing `I}' or `I$' or `I\par'.

! Argument of \@xnext has an extra }.
<inserted text> 
                \par 
l.71 \end{table}
                
I've run across a `}' that doesn't seem to match anything.
For example, `\def\a#1{...}' and `\a}' would produce
this error. If you simply proceed now, the `\par' that
I've just inserted will cause me to report a runaway
argument that might be the root of the problem. But if
your `}' was spurious, just type `2' and it will go away.

Runaway argument?
\@currbox \@currlist \ifnum \count \@currbox >\z@ \advance \@pageht \@pagedp \ETC.
! Paragraph ended before \@xnext was complete.
<to be read again> 
                   \par 
l.71 \end{table}
                
I suspect you've forgotten a `}', causing me to apply this
control sequence to too much text. How can we recover?
My plan is to forget the whole thing and hope for the best.


! LaTeX Error: Too many unprocessed floats.

See the LaTeX manual or LaTeX Companion for explanation.
Type  H <return>  for immediate help.
 ...                                              
                                                  
l.72 \begin{table}[H]
                     
You've lost some text.  Try typing  <return>  to proceed.
If that doesn't work, type  X <return>  to quit.

! Undefined control sequence.
\@float@Hx ...ltovf \fi \global \setbox \@currbox 
                                                  \color@vbox \normalcolor \...
l.72 \begin{table}[H]
                     
The control sequence at the end of the top line
of your error message was never \def'ed. If you have
misspelled it (e.g., `\hobx'), type `I' and the correct
spelling (e.g., `I\hbox'). Otherwise just continue,
and I'll forget about whatever was undefined.

! Missing number, treated as zero.
<to be read again> 
                   \vbox 
l.72 \begin{table}[H]
                     
A number should have been here; I inserted `0'.
(If you can't figure out why I needed to see a number,
look up `weird error' in the index to The TeXbook.)

! Undefined control sequence.
\@largefloatcheck ->\ifdim \ht \@currbox 
                                         >\textheight \@tempdima -\textheigh...
l.96 \end{table}
                
The control sequence at the end of the top line
of your error message was never \def'ed. If you have
misspelled it (e.g., `\hobx'), type `I' and the correct
spelling (e.g., `I\hbox'). Otherwise just continue,
and I'll forget about whatever was undefined.

! Missing number, treated as zero.
<to be read again> 
                   >
l.96 \end{table}
                
A number should have been here; I inserted `0'.
(If you can't figure out why I needed to see a number,
look up `weird error' in the index to The TeXbook.)

! Undefined control sequence.
<argument> \@currbox 
                     
l.96 \end{table}
                
The control sequence at the end of the top line
of your error message was never \def'ed. If you have
misspelled it (e.g., `\hobx'), type `I' and the correct
spelling (e.g., `I\hbox'). Otherwise just continue,
and I'll forget about whatever was undefined.

! Missing number, treated as zero.
<to be read again> 
                   \@elt 
l.96 \end{table}
                
A number should have been here; I inserted `0'.
(If you can't figure out why I needed to see a number,
look up `weird error' in the index to The TeXbook.)

! Missing = inserted for \ifnum.
<to be read again> 
                   \@elt 
l.96 \end{table}
                
I was expecting to see `<', `=', or `>'. Didn't.

! Missing number, treated as zero.
<to be read again> 
                   \@elt 
l.96 \end{table}
                
A number should have been here; I inserted `0'.
(If you can't figure out why I needed to see a number,
look up `weird error' in the index to The TeXbook.)


! LaTeX Error: This may be a LaTeX bug.

See the LaTeX manual or LaTeX Companion for explanation.
Type  H <return>  for immediate help.
 ...                                              
                                                  
l.96 \end{table}
                
Call for help

! Undefined control sequence.
\@addmarginpar ...advance \@tempdima \ht \@marbox 
                                                  \ifdim \@tempdima >\z@ \@l...
l.96 \end{table}
                
The control sequence at the end of the top line
of your error message was never \def'ed. If you have
misspelled it (e.g., `\hobx'), type `I' and the correct
spelling (e.g., `I\hbox'). Otherwise just continue,
and I'll forget about whatever was undefined.

! Missing number, treated as zero.
<to be read again> 
                   \protect 
l.96 \end{table}
                
A number should have been here; I inserted `0'.
(If you can't figure out why I needed to see a number,
look up `weird error' in the index to The TeXbook.)


LaTeX Warning: Marginpar on page 9 moved.

! Undefined control sequence.
\@addmarginpar ...vance \@mparbottom \dp \@marbox 
                                                  \global \advance \@mparbot...
l.96 \end{table}
                
The control sequence at the end of the top line
of your error message was never \def'ed. If you have
misspelled it (e.g., `\hobx'), type `I' and the correct
spelling (e.g., `I\hbox'). Otherwise just continue,
and I'll forget about whatever was undefined.

! Missing number, treated as zero.
<to be read again> 
                   \global 
l.96 \end{table}
                
A number should have been here; I inserted `0'.
(If you can't figure out why I needed to see a number,
look up `weird error' in the index to The TeXbook.)

! Undefined control sequence.
\@addmarginpar ...dvance \@tempdima -\ht \@marbox 
                                                  \global \setbox \@marbox \...
l.96 \end{table}
                
The control sequence at the end of the top line
of your error message was never \def'ed. If you have
misspelled it (e.g., `\hobx'), type `I' and the correct
spelling (e.g., `I\hbox'). Otherwise just continue,
and I'll forget about whatever was undefined.

! Missing number, treated as zero.
<to be read again> 
                   \global 
l.96 \end{table}
                
A number should have been here; I inserted `0'.
(If you can't figure out why I needed to see a number,
look up `weird error' in the index to The TeXbook.)

! Undefined control sequence.
\@addmarginpar ...marbox \global \setbox \@marbox 
                                                  \vbox {\vskip \@tempdima \...
l.96 \end{table}
                
The control sequence at the end of the top line
of your error message was never \def'ed. If you have
misspelled it (e.g., `\hobx'), type `I' and the correct
spelling (e.g., `I\hbox'). Otherwise just continue,
and I'll forget about whatever was undefined.

! Missing number, treated as zero.
<to be read again> 
                   \vbox 
l.96 \end{table}
                
A number should have been here; I inserted `0'.
(If you can't figure out why I needed to see a number,
look up `weird error' in the index to The TeXbook.)

! Undefined control sequence.
\@addmarginpar ...\vskip \@tempdima \box \@marbox 
                                                  }\global \ht \@marbox \z@ ...
l.96 \end{table}
                
The control sequence at the end of the top line
of your error message was never \def'ed. If you have
misspelled it (e.g., `\hobx'), type `I' and the correct
spelling (e.g., `I\hbox'). Otherwise just continue,
and I'll forget about whatever was undefined.

! Missing number, treated as zero.
<to be read again> 
                   }
l.96 \end{table}
                
A number should have been here; I inserted `0'.
(If you can't figure out why I needed to see a number,
look up `weird error' in the index to The TeXbook.)

! Undefined control sequence.
\@addmarginpar ... \@marbox }\global \ht \@marbox 
                                                  \z@ \global \dp \@marbox \...
l.96 \end{table}
                
The control sequence at the end of the top line
of your error message was never \def'ed. If you have
misspelled it (e.g., `\hobx'), type `I' and the correct
spelling (e.g., `I\hbox'). Otherwise just continue,
and I'll forget about whatever was undefined.

! Missing number, treated as zero.
<to be read again> 
                   \global 
l.96 \end{table}
                
A number should have been here; I inserted `0'.
(If you can't figure out why I needed to see a number,
look up `weird error' in the index to The TeXbook.)

! Illegal unit of measure (pt inserted).
<to be read again> 
                   \global 
l.96 \end{table}
                
Dimensions can be in units of em, ex, in, pt, pc,
cm, mm, dd, cc, nd, nc, bp, or sp; but yours is a new one!
I'll assume that you meant to say pt, for printer's points.
To recover gracefully from this error, it's best to
delete the erroneous units; e.g., type `2' to delete
two letters. (See Chapter 27 of The TeXbook.)

! Undefined control sequence.
\@addmarginpar ...marbox \z@ \global \dp \@marbox 
                                                  \z@ \kern -\@pagedp \noint...
l.96 \end{table}
                
The control sequence at the end of the top line
of your error message was never \def'ed. If you have
misspelled it (e.g., `\hobx'), type `I' and the correct
spelling (e.g., `I\hbox'). Otherwise just continue,
and I'll forget about whatever was undefined.

! Missing number, treated as zero.
<to be read again> 
                   \kern 
l.96 \end{table}
                
A number should have been here; I inserted `0'.
(If you can't figure out why I needed to see a number,
look up `weird error' in the index to The TeXbook.)

! Illegal unit of measure (pt inserted).
<to be read again> 
                   \kern 
l.96 \end{table}
                
Dimensions can be in units of em, ex, in, pt, pc,
cm, mm, dd, cc, nd, nc, bp, or sp; but yours is a new one!
I'll assume that you meant to say pt, for printer's points.
To recover gracefully from this error, it's best to
delete the erroneous units; e.g., type `2' to delete
two letters. (See Chapter 27 of The TeXbook.)

! Undefined control sequence.
\@addmarginpar ...arginparwidth \fi \box \@marbox 
                                                  \hss }\nointerlineskip \hb...
l.96 \end{table}
                
The control sequence at the end of the top line
of your error message was never \def'ed. If you have
misspelled it (e.g., `\hobx'), type `I' and the correct
spelling (e.g., `I\hbox'). Otherwise just continue,
and I'll forget about whatever was undefined.

! Missing number, treated as zero.
<to be read again> 
                   \hss 
l.96 \end{table}
                
A number should have been here; I inserted `0'.
(If you can't figure out why I needed to see a number,
look up `weird error' in the index to The TeXbook.)


! LaTeX Error: Too many unprocessed floats.

See the LaTeX manual or LaTeX Companion for explanation.
Type  H <return>  for immediate help.
 ...                                              
                                                  
l.97 \begin{table}[H]
                     
You've lost some text.  Try typing  <return>  to proceed.
If that doesn't work, type  X <return>  to quit.

! Undefined control sequence.
\@float@Hx ...ltovf \fi \global \setbox \@currbox 
                                                  \color@vbox \normalcolor \...
l.97 \begin{table}[H]
                     
The control sequence at the end of the top line
of your error message was never \def'ed. If you have
misspelled it (e.g., `\hobx'), type `I' and the correct
spelling (e.g., `I\hbox'). Otherwise just continue,
and I'll forget about whatever was undefined.

! Missing number, treated as zero.
<to be read again> 
                   \vbox 
l.97 \begin{table}[H]
                     
A number should have been here; I inserted `0'.
(If you can't figure out why I needed to see a number,
look up `weird error' in the index to The TeXbook.)

! Undefined control sequence.
\@largefloatcheck ->\ifdim \ht \@currbox 
                                         >\textheight \@tempdima -\textheigh...
l.121 \end{table}
                 
The control sequence at the end of the top line
of your error message was never \def'ed. If you have
misspelled it (e.g., `\hobx'), type `I' and the correct
spelling (e.g., `I\hbox'). Otherwise just continue,
and I'll forget about whatever was undefined.

! Missing number, treated as zero.
<to be read again> 
                   >
l.121 \end{table}
                 
A number should have been here; I inserted `0'.
(If you can't figure out why I needed to see a number,
look up `weird error' in the index to The TeXbook.)

! Undefined control sequence.
<argument> \@currbox 
                     
l.121 \end{table}
                 
The control sequence at the end of the top line
of your error message was never \def'ed. If you have
misspelled it (e.g., `\hobx'), type `I' and the correct
spelling (e.g., `I\hbox'). Otherwise just continue,
and I'll forget about whatever was undefined.

! Argument of \@xnext has an extra }.
<inserted text> 
                \par 
l.121 \end{table}
                 
I've run across a `}' that doesn't seem to match anything.
For example, `\def\a#1{...}' and `\a}' would produce
this error. If you simply proceed now, the `\par' that
I've just inserted will cause me to report a runaway
argument that might be the root of the problem. But if
your `}' was spurious, just type `2' and it will go away.

Runaway argument?
\@currbox \@currlist \ifnum \count \@currbox >\z@ \advance \@pageht \@pagedp \ETC.
! Paragraph ended before \@xnext was complete.
<to be read again> 
                   \par 
l.121 \end{table}
                 
I suspect you've forgotten a `}', causing me to apply this
control sequence to too much text. How can we recover?
My plan is to forget the whole thing and hope for the best.

! Extra \else.
\end@float ...pdima \penalty \@floatpenalty \else 
                                                  \vadjust {\penalty -\@Miv ...
l.121 \end{table}
                 
I'm ignoring this; it doesn't match any \if.

! You can't use `\vadjust' in vertical mode.
\end@float ...nalty \@floatpenalty \else \vadjust 
                                                  {\penalty -\@Miv \vbox {}\...
l.121 \end{table}
                 
Sorry, but I'm not programmed to handle this case;
I'll just pretend that you didn't ask for it.
If you're in the wrong mode, you might be able to
return to the right one by typing `I}' or `I$' or `I\par'.

! Argument of \@xnext has an extra }.
<inserted text> 
                \par 
l.121 \end{table}
                 
I've run across a `}' that doesn't seem to match anything.
For example, `\def\a#1{...}' and `\a}' would produce
this error. If you simply proceed now, the `\par' that
I've just inserted will cause me to report a runaway
argument that might be the root of the problem. But if
your `}' was spurious, just type `2' and it will go away.

Runaway argument?
\@currbox \@currlist \ifnum \count \@currbox >\z@ \advance \@pageht \@pagedp \ETC.
! Paragraph ended before \@xnext was complete.
<to be read again> 
                   \par 
l.121 \end{table}
                 
I suspect you've forgotten a `}', causing me to apply this
control sequence to too much text. How can we recover?
My plan is to forget the whole thing and hope for the best.

) (./results/small_model_informed_low_NLogit/results_table.tex

! LaTeX Error: Too many unprocessed floats.

See the LaTeX manual or LaTeX Companion for explanation.
Type  H <return>  for immediate help.
 ...                                              
                                                  
l.1 \begin{table}[H]
                    
You've lost some text.  Try typing  <return>  to proceed.
If that doesn't work, type  X <return>  to quit.

! Undefined control sequence.
\@float@Hx ...ltovf \fi \global \setbox \@currbox 
                                                  \color@vbox \normalcolor \...
l.1 \begin{table}[H]
                    
The control sequence at the end of the top line
of your error message was never \def'ed. If you have
misspelled it (e.g., `\hobx'), type `I' and the correct
spelling (e.g., `I\hbox'). Otherwise just continue,
and I'll forget about whatever was undefined.

! Missing number, treated as zero.
<to be read again> 
                   \vbox 
l.1 \begin{table}[H]
                    
A number should have been here; I inserted `0'.
(If you can't figure out why I needed to see a number,
look up `weird error' in the index to The TeXbook.)

! Undefined control sequence.
\@largefloatcheck ->\ifdim \ht \@currbox 
                                         >\textheight \@tempdima -\textheigh...
l.21 \end{table}
                
The control sequence at the end of the top line
of your error message was never \def'ed. If you have
misspelled it (e.g., `\hobx'), type `I' and the correct
spelling (e.g., `I\hbox'). Otherwise just continue,
and I'll forget about whatever was undefined.

! Missing number, treated as zero.
<to be read again> 
                   >
l.21 \end{table}
                
A number should have been here; I inserted `0'.
(If you can't figure out why I needed to see a number,
look up `weird error' in the index to The TeXbook.)

! Undefined control sequence.
<argument> \@currbox 
                     
l.21 \end{table}
                
The control sequence at the end of the top line
of your error message was never \def'ed. If you have
misspelled it (e.g., `\hobx'), type `I' and the correct
spelling (e.g., `I\hbox'). Otherwise just continue,
and I'll forget about whatever was undefined.

! Missing number, treated as zero.
<to be read again> 
                   \@elt 
l.21 \end{table}
                
A number should have been here; I inserted `0'.
(If you can't figure out why I needed to see a number,
look up `weird error' in the index to The TeXbook.)

! Missing = inserted for \ifnum.
<to be read again> 
                   \@elt 
l.21 \end{table}
                
I was expecting to see `<', `=', or `>'. Didn't.

! Missing number, treated as zero.
<to be read again> 
                   \@elt 
l.21 \end{table}
                
A number should have been here; I inserted `0'.
(If you can't figure out why I needed to see a number,
look up `weird error' in the index to The TeXbook.)


! LaTeX Error: This may be a LaTeX bug.

See the LaTeX manual or LaTeX Companion for explanation.
Type  H <return>  for immediate help.
 ...                                              
                                                  
l.21 \end{table}
                
Call for help

! Undefined control sequence.
\@addmarginpar ...advance \@tempdima \ht \@marbox 
                                                  \ifdim \@tempdima >\z@ \@l...
l.21 \end{table}
                
The control sequence at the end of the top line
of your error message was never \def'ed. If you have
misspelled it (e.g., `\hobx'), type `I' and the correct
spelling (e.g., `I\hbox'). Otherwise just continue,
and I'll forget about whatever was undefined.

! Missing number, treated as zero.
<to be read again> 
                   \protect 
l.21 \end{table}
                
A number should have been here; I inserted `0'.
(If you can't figure out why I needed to see a number,
look up `weird error' in the index to The TeXbook.)


LaTeX Warning: Marginpar on page 9 moved.

! Undefined control sequence.
\@addmarginpar ...vance \@mparbottom \dp \@marbox 
                                                  \global \advance \@mparbot...
l.21 \end{table}
                
The control sequence at the end of the top line
of your error message was never \def'ed. If you have
misspelled it (e.g., `\hobx'), type `I' and the correct
spelling (e.g., `I\hbox'). Otherwise just continue,
and I'll forget about whatever was undefined.

! Missing number, treated as zero.
<to be read again> 
                   \global 
l.21 \end{table}
                
A number should have been here; I inserted `0'.
(If you can't figure out why I needed to see a number,
look up `weird error' in the index to The TeXbook.)

! Undefined control sequence.
\@addmarginpar ...dvance \@tempdima -\ht \@marbox 
                                                  \global \setbox \@marbox \...
l.21 \end{table}
                
The control sequence at the end of the top line
of your error message was never \def'ed. If you have
misspelled it (e.g., `\hobx'), type `I' and the correct
spelling (e.g., `I\hbox'). Otherwise just continue,
and I'll forget about whatever was undefined.

! Missing number, treated as zero.
<to be read again> 
                   \global 
l.21 \end{table}
                
A number should have been here; I inserted `0'.
(If you can't figure out why I needed to see a number,
look up `weird error' in the index to The TeXbook.)

! Undefined control sequence.
\@addmarginpar ...marbox \global \setbox \@marbox 
                                                  \vbox {\vskip \@tempdima \...
l.21 \end{table}
                
The control sequence at the end of the top line
of your error message was never \def'ed. If you have
misspelled it (e.g., `\hobx'), type `I' and the correct
spelling (e.g., `I\hbox'). Otherwise just continue,
and I'll forget about whatever was undefined.

! Missing number, treated as zero.
<to be read again> 
                   \vbox 
l.21 \end{table}
                
A number should have been here; I inserted `0'.
(If you can't figure out why I needed to see a number,
look up `weird error' in the index to The TeXbook.)

! Undefined control sequence.
\@addmarginpar ...\vskip \@tempdima \box \@marbox 
                                                  }\global \ht \@marbox \z@ ...
l.21 \end{table}
                
The control sequence at the end of the top line
of your error message was never \def'ed. If you have
misspelled it (e.g., `\hobx'), type `I' and the correct
spelling (e.g., `I\hbox'). Otherwise just continue,
and I'll forget about whatever was undefined.

! Missing number, treated as zero.
<to be read again> 
                   }
l.21 \end{table}
                
A number should have been here; I inserted `0'.
(If you can't figure out why I needed to see a number,
look up `weird error' in the index to The TeXbook.)

! Undefined control sequence.
\@addmarginpar ... \@marbox }\global \ht \@marbox 
                                                  \z@ \global \dp \@marbox \...
l.21 \end{table}
                
The control sequence at the end of the top line
of your error message was never \def'ed. If you have
misspelled it (e.g., `\hobx'), type `I' and the correct
spelling (e.g., `I\hbox'). Otherwise just continue,
and I'll forget about whatever was undefined.

! Missing number, treated as zero.
<to be read again> 
                   \global 
l.21 \end{table}
                
A number should have been here; I inserted `0'.
(If you can't figure out why I needed to see a number,
look up `weird error' in the index to The TeXbook.)

! Illegal unit of measure (pt inserted).
<to be read again> 
                   \global 
l.21 \end{table}
                
Dimensions can be in units of em, ex, in, pt, pc,
cm, mm, dd, cc, nd, nc, bp, or sp; but yours is a new one!
I'll assume that you meant to say pt, for printer's points.
To recover gracefully from this error, it's best to
delete the erroneous units; e.g., type `2' to delete
two letters. (See Chapter 27 of The TeXbook.)

! Undefined control sequence.
\@addmarginpar ...marbox \z@ \global \dp \@marbox 
                                                  \z@ \kern -\@pagedp \noint...
l.21 \end{table}
                
The control sequence at the end of the top line
of your error message was never \def'ed. If you have
misspelled it (e.g., `\hobx'), type `I' and the correct
spelling (e.g., `I\hbox'). Otherwise just continue,
and I'll forget about whatever was undefined.

! Missing number, treated as zero.
<to be read again> 
                   \kern 
l.21 \end{table}
                
A number should have been here; I inserted `0'.
(If you can't figure out why I needed to see a number,
look up `weird error' in the index to The TeXbook.)

! Illegal unit of measure (pt inserted).
<to be read again> 
                   \kern 
l.21 \end{table}
                
Dimensions can be in units of em, ex, in, pt, pc,
cm, mm, dd, cc, nd, nc, bp, or sp; but yours is a new one!
I'll assume that you meant to say pt, for printer's points.
To recover gracefully from this error, it's best to
delete the erroneous units; e.g., type `2' to delete
two letters. (See Chapter 27 of The TeXbook.)

! Undefined control sequence.
\@addmarginpar ...arginparwidth \fi \box \@marbox 
                                                  \hss }\nointerlineskip \hb...
l.21 \end{table}
                
The control sequence at the end of the top line
of your error message was never \def'ed. If you have
misspelled it (e.g., `\hobx'), type `I' and the correct
spelling (e.g., `I\hbox'). Otherwise just continue,
and I'll forget about whatever was undefined.

! Missing number, treated as zero.
<to be read again> 
                   \hss 
l.21 \end{table}
                
A number should have been here; I inserted `0'.
(If you can't figure out why I needed to see a number,
look up `weird error' in the index to The TeXbook.)


! LaTeX Error: Too many unprocessed floats.

See the LaTeX manual or LaTeX Companion for explanation.
Type  H <return>  for immediate help.
 ...                                              
                                                  
l.22 \begin{table}[H]
                     
You've lost some text.  Try typing  <return>  to proceed.
If that doesn't work, type  X <return>  to quit.

! Undefined control sequence.
\@float@Hx ...ltovf \fi \global \setbox \@currbox 
                                                  \color@vbox \normalcolor \...
l.22 \begin{table}[H]
                     
The control sequence at the end of the top line
of your error message was never \def'ed. If you have
misspelled it (e.g., `\hobx'), type `I' and the correct
spelling (e.g., `I\hbox'). Otherwise just continue,
and I'll forget about whatever was undefined.

! Missing number, treated as zero.
<to be read again> 
                   \vbox 
l.22 \begin{table}[H]
                     
A number should have been here; I inserted `0'.
(If you can't figure out why I needed to see a number,
look up `weird error' in the index to The TeXbook.)

! Undefined control sequence.
\@largefloatcheck ->\ifdim \ht \@currbox 
                                         >\textheight \@tempdima -\textheigh...
l.47 \end{table}
                
The control sequence at the end of the top line
of your error message was never \def'ed. If you have
misspelled it (e.g., `\hobx'), type `I' and the correct
spelling (e.g., `I\hbox'). Otherwise just continue,
and I'll forget about whatever was undefined.

! Missing number, treated as zero.
<to be read again> 
                   >
l.47 \end{table}
                
A number should have been here; I inserted `0'.
(If you can't figure out why I needed to see a number,
look up `weird error' in the index to The TeXbook.)

! Undefined control sequence.
<argument> \@currbox 
                     
l.47 \end{table}
                
The control sequence at the end of the top line
of your error message was never \def'ed. If you have
misspelled it (e.g., `\hobx'), type `I' and the correct
spelling (e.g., `I\hbox'). Otherwise just continue,
and I'll forget about whatever was undefined.

! Argument of \@xnext has an extra }.
<inserted text> 
                \par 
l.47 \end{table}
                
I've run across a `}' that doesn't seem to match anything.
For example, `\def\a#1{...}' and `\a}' would produce
this error. If you simply proceed now, the `\par' that
I've just inserted will cause me to report a runaway
argument that might be the root of the problem. But if
your `}' was spurious, just type `2' and it will go away.

Runaway argument?
\@currbox \@currlist \ifnum \count \@currbox >\z@ \advance \@pageht \@pagedp \ETC.
! Paragraph ended before \@xnext was complete.
<to be read again> 
                   \par 
l.47 \end{table}
                
I suspect you've forgotten a `}', causing me to apply this
control sequence to too much text. How can we recover?
My plan is to forget the whole thing and hope for the best.

! Extra \else.
\end@float ...pdima \penalty \@floatpenalty \else 
                                                  \vadjust {\penalty -\@Miv ...
l.47 \end{table}
                
I'm ignoring this; it doesn't match any \if.

! You can't use `\vadjust' in vertical mode.
\end@float ...nalty \@floatpenalty \else \vadjust 
                                                  {\penalty -\@Miv \vbox {}\...
l.47 \end{table}
                
Sorry, but I'm not programmed to handle this case;
I'll just pretend that you didn't ask for it.
If you're in the wrong mode, you might be able to
return to the right one by typing `I}' or `I$' or `I\par'.

! Argument of \@xnext has an extra }.
<inserted text> 
                \par 
l.47 \end{table}
                
I've run across a `}' that doesn't seem to match anything.
For example, `\def\a#1{...}' and `\a}' would produce
this error. If you simply proceed now, the `\par' that
I've just inserted will cause me to report a runaway
argument that might be the root of the problem. But if
your `}' was spurious, just type `2' and it will go away.

Runaway argument?
\@currbox \@currlist \ifnum \count \@currbox >\z@ \advance \@pageht \@pagedp \ETC.
! Paragraph ended before \@xnext was complete.
<to be read again> 
                   \par 
l.47 \end{table}
                
I suspect you've forgotten a `}', causing me to apply this
control sequence to too much text. How can we recover?
My plan is to forget the whole thing and hope for the best.


! LaTeX Error: Too many unprocessed floats.

See the LaTeX manual or LaTeX Companion for explanation.
Type  H <return>  for immediate help.
 ...                                              
                                                  
l.48 \begin{table}[H]
                     
You've lost some text.  Try typing  <return>  to proceed.
If that doesn't work, type  X <return>  to quit.

! Undefined control sequence.
\@float@Hx ...ltovf \fi \global \setbox \@currbox 
                                                  \color@vbox \normalcolor \...
l.48 \begin{table}[H]
                     
The control sequence at the end of the top line
of your error message was never \def'ed. If you have
misspelled it (e.g., `\hobx'), type `I' and the correct
spelling (e.g., `I\hbox'). Otherwise just continue,
and I'll forget about whatever was undefined.

! Missing number, treated as zero.
<to be read again> 
                   \vbox 
l.48 \begin{table}[H]
                     
A number should have been here; I inserted `0'.
(If you can't figure out why I needed to see a number,
look up `weird error' in the index to The TeXbook.)

! Undefined control sequence.
\@largefloatcheck ->\ifdim \ht \@currbox 
                                         >\textheight \@tempdima -\textheigh...
l.73 \end{table}
                
The control sequence at the end of the top line
of your error message was never \def'ed. If you have
misspelled it (e.g., `\hobx'), type `I' and the correct
spelling (e.g., `I\hbox'). Otherwise just continue,
and I'll forget about whatever was undefined.

! Missing number, treated as zero.
<to be read again> 
                   >
l.73 \end{table}
                
A number should have been here; I inserted `0'.
(If you can't figure out why I needed to see a number,
look up `weird error' in the index to The TeXbook.)

! Undefined control sequence.
<argument> \@currbox 
                     
l.73 \end{table}
                
The control sequence at the end of the top line
of your error message was never \def'ed. If you have
misspelled it (e.g., `\hobx'), type `I' and the correct
spelling (e.g., `I\hbox'). Otherwise just continue,
and I'll forget about whatever was undefined.

! Missing number, treated as zero.
<to be read again> 
                   \@elt 
l.73 \end{table}
                
A number should have been here; I inserted `0'.
(If you can't figure out why I needed to see a number,
look up `weird error' in the index to The TeXbook.)

! Missing = inserted for \ifnum.
<to be read again> 
                   \@elt 
l.73 \end{table}
                
I was expecting to see `<', `=', or `>'. Didn't.

! Missing number, treated as zero.
<to be read again> 
                   \@elt 
l.73 \end{table}
                
A number should have been here; I inserted `0'.
(If you can't figure out why I needed to see a number,
look up `weird error' in the index to The TeXbook.)


! LaTeX Error: This may be a LaTeX bug.

See the LaTeX manual or LaTeX Companion for explanation.
Type  H <return>  for immediate help.
 ...                                              
                                                  
l.73 \end{table}
                
Call for help

! Undefined control sequence.
\@addmarginpar ...advance \@tempdima \ht \@marbox 
                                                  \ifdim \@tempdima >\z@ \@l...
l.73 \end{table}
                
The control sequence at the end of the top line
of your error message was never \def'ed. If you have
misspelled it (e.g., `\hobx'), type `I' and the correct
spelling (e.g., `I\hbox'). Otherwise just continue,
and I'll forget about whatever was undefined.

! Missing number, treated as zero.
<to be read again> 
                   \protect 
l.73 \end{table}
                
A number should have been here; I inserted `0'.
(If you can't figure out why I needed to see a number,
look up `weird error' in the index to The TeXbook.)


LaTeX Warning: Marginpar on page 9 moved.

! Undefined control sequence.
\@addmarginpar ...vance \@mparbottom \dp \@marbox 
                                                  \global \advance \@mparbot...
l.73 \end{table}
                
The control sequence at the end of the top line
of your error message was never \def'ed. If you have
misspelled it (e.g., `\hobx'), type `I' and the correct
spelling (e.g., `I\hbox'). Otherwise just continue,
and I'll forget about whatever was undefined.

! Missing number, treated as zero.
<to be read again> 
                   \global 
l.73 \end{table}
                
A number should have been here; I inserted `0'.
(If you can't figure out why I needed to see a number,
look up `weird error' in the index to The TeXbook.)

! Undefined control sequence.
\@addmarginpar ...dvance \@tempdima -\ht \@marbox 
                                                  \global \setbox \@marbox \...
l.73 \end{table}
                
The control sequence at the end of the top line
of your error message was never \def'ed. If you have
misspelled it (e.g., `\hobx'), type `I' and the correct
spelling (e.g., `I\hbox'). Otherwise just continue,
and I'll forget about whatever was undefined.

! Missing number, treated as zero.
<to be read again> 
                   \global 
l.73 \end{table}
                
A number should have been here; I inserted `0'.
(If you can't figure out why I needed to see a number,
look up `weird error' in the index to The TeXbook.)

! Undefined control sequence.
\@addmarginpar ...marbox \global \setbox \@marbox 
                                                  \vbox {\vskip \@tempdima \...
l.73 \end{table}
                
The control sequence at the end of the top line
of your error message was never \def'ed. If you have
misspelled it (e.g., `\hobx'), type `I' and the correct
spelling (e.g., `I\hbox'). Otherwise just continue,
and I'll forget about whatever was undefined.

! Missing number, treated as zero.
<to be read again> 
                   \vbox 
l.73 \end{table}
                
A number should have been here; I inserted `0'.
(If you can't figure out why I needed to see a number,
look up `weird error' in the index to The TeXbook.)

! Undefined control sequence.
\@addmarginpar ...\vskip \@tempdima \box \@marbox 
                                                  }\global \ht \@marbox \z@ ...
l.73 \end{table}
                
The control sequence at the end of the top line
of your error message was never \def'ed. If you have
misspelled it (e.g., `\hobx'), type `I' and the correct
spelling (e.g., `I\hbox'). Otherwise just continue,
and I'll forget about whatever was undefined.

! Missing number, treated as zero.
<to be read again> 
                   }
l.73 \end{table}
                
A number should have been here; I inserted `0'.
(If you can't figure out why I needed to see a number,
look up `weird error' in the index to The TeXbook.)

! Undefined control sequence.
\@addmarginpar ... \@marbox }\global \ht \@marbox 
                                                  \z@ \global \dp \@marbox \...
l.73 \end{table}
                
The control sequence at the end of the top line
of your error message was never \def'ed. If you have
misspelled it (e.g., `\hobx'), type `I' and the correct
spelling (e.g., `I\hbox'). Otherwise just continue,
and I'll forget about whatever was undefined.

! Missing number, treated as zero.
<to be read again> 
                   \global 
l.73 \end{table}
                
A number should have been here; I inserted `0'.
(If you can't figure out why I needed to see a number,
look up `weird error' in the index to The TeXbook.)

! Illegal unit of measure (pt inserted).
<to be read again> 
                   \global 
l.73 \end{table}
                
Dimensions can be in units of em, ex, in, pt, pc,
cm, mm, dd, cc, nd, nc, bp, or sp; but yours is a new one!
I'll assume that you meant to say pt, for printer's points.
To recover gracefully from this error, it's best to
delete the erroneous units; e.g., type `2' to delete
two letters. (See Chapter 27 of The TeXbook.)

! Undefined control sequence.
\@addmarginpar ...marbox \z@ \global \dp \@marbox 
                                                  \z@ \kern -\@pagedp \noint...
l.73 \end{table}
                
The control sequence at the end of the top line
of your error message was never \def'ed. If you have
misspelled it (e.g., `\hobx'), type `I' and the correct
spelling (e.g., `I\hbox'). Otherwise just continue,
and I'll forget about whatever was undefined.

! Missing number, treated as zero.
<to be read again> 
                   \kern 
l.73 \end{table}
                
A number should have been here; I inserted `0'.
(If you can't figure out why I needed to see a number,
look up `weird error' in the index to The TeXbook.)

! Illegal unit of measure (pt inserted).
<to be read again> 
                   \kern 
l.73 \end{table}
                
Dimensions can be in units of em, ex, in, pt, pc,
cm, mm, dd, cc, nd, nc, bp, or sp; but yours is a new one!
I'll assume that you meant to say pt, for printer's points.
To recover gracefully from this error, it's best to
delete the erroneous units; e.g., type `2' to delete
two letters. (See Chapter 27 of The TeXbook.)

! Undefined control sequence.
\@addmarginpar ...arginparwidth \fi \box \@marbox 
                                                  \hss }\nointerlineskip \hb...
l.73 \end{table}
                
The control sequence at the end of the top line
of your error message was never \def'ed. If you have
misspelled it (e.g., `\hobx'), type `I' and the correct
spelling (e.g., `I\hbox'). Otherwise just continue,
and I'll forget about whatever was undefined.

! Missing number, treated as zero.
<to be read again> 
                   \hss 
l.73 \end{table}
                
A number should have been here; I inserted `0'.
(If you can't figure out why I needed to see a number,
look up `weird error' in the index to The TeXbook.)


! LaTeX Error: Too many unprocessed floats.

See the LaTeX manual or LaTeX Companion for explanation.
Type  H <return>  for immediate help.
 ...                                              
                                                  
l.74 \begin{table}[H]
                     
You've lost some text.  Try typing  <return>  to proceed.
If that doesn't work, type  X <return>  to quit.

! Undefined control sequence.
\@float@Hx ...ltovf \fi \global \setbox \@currbox 
                                                  \color@vbox \normalcolor \...
l.74 \begin{table}[H]
                     
The control sequence at the end of the top line
of your error message was never \def'ed. If you have
misspelled it (e.g., `\hobx'), type `I' and the correct
spelling (e.g., `I\hbox'). Otherwise just continue,
and I'll forget about whatever was undefined.

! Missing number, treated as zero.
<to be read again> 
                   \vbox 
l.74 \begin{table}[H]
                     
A number should have been here; I inserted `0'.
(If you can't figure out why I needed to see a number,
look up `weird error' in the index to The TeXbook.)

! Undefined control sequence.
\@largefloatcheck ->\ifdim \ht \@currbox 
                                         >\textheight \@tempdima -\textheigh...
l.99 \end{table}
                
The control sequence at the end of the top line
of your error message was never \def'ed. If you have
misspelled it (e.g., `\hobx'), type `I' and the correct
spelling (e.g., `I\hbox'). Otherwise just continue,
and I'll forget about whatever was undefined.

! Missing number, treated as zero.
<to be read again> 
                   >
l.99 \end{table}
                
A number should have been here; I inserted `0'.
(If you can't figure out why I needed to see a number,
look up `weird error' in the index to The TeXbook.)

! Undefined control sequence.
<argument> \@currbox 
                     
l.99 \end{table}
                
The control sequence at the end of the top line
of your error message was never \def'ed. If you have
misspelled it (e.g., `\hobx'), type `I' and the correct
spelling (e.g., `I\hbox'). Otherwise just continue,
and I'll forget about whatever was undefined.

! Argument of \@xnext has an extra }.
<inserted text> 
                \par 
l.99 \end{table}
                
I've run across a `}' that doesn't seem to match anything.
For example, `\def\a#1{...}' and `\a}' would produce
this error. If you simply proceed now, the `\par' that
I've just inserted will cause me to report a runaway
argument that might be the root of the problem. But if
your `}' was spurious, just type `2' and it will go away.

Runaway argument?
\@currbox \@currlist \ifnum \count \@currbox >\z@ \advance \@pageht \@pagedp \ETC.
! Paragraph ended before \@xnext was complete.
<to be read again> 
                   \par 
l.99 \end{table}
                
I suspect you've forgotten a `}', causing me to apply this
control sequence to too much text. How can we recover?
My plan is to forget the whole thing and hope for the best.

! Extra \else.
\end@float ...pdima \penalty \@floatpenalty \else 
                                                  \vadjust {\penalty -\@Miv ...
l.99 \end{table}
                
I'm ignoring this; it doesn't match any \if.

! You can't use `\vadjust' in vertical mode.
\end@float ...nalty \@floatpenalty \else \vadjust 
                                                  {\penalty -\@Miv \vbox {}\...
l.99 \end{table}
                
Sorry, but I'm not programmed to handle this case;
I'll just pretend that you didn't ask for it.
If you're in the wrong mode, you might be able to
return to the right one by typing `I}' or `I$' or `I\par'.

! Argument of \@xnext has an extra }.
<inserted text> 
                \par 
l.99 \end{table}
                
I've run across a `}' that doesn't seem to match anything.
For example, `\def\a#1{...}' and `\a}' would produce
this error. If you simply proceed now, the `\par' that
I've just inserted will cause me to report a runaway
argument that might be the root of the problem. But if
your `}' was spurious, just type `2' and it will go away.

Runaway argument?
\@currbox \@currlist \ifnum \count \@currbox >\z@ \advance \@pageht \@pagedp \ETC.
! Paragraph ended before \@xnext was complete.
<to be read again> 
                   \par 
l.99 \end{table}
                
I suspect you've forgotten a `}', causing me to apply this
control sequence to too much text. How can we recover?
My plan is to forget the whole thing and hope for the best.

) (./results/small_model_informed_high_NLogit/results_table.tex

! LaTeX Error: Too many unprocessed floats.

See the LaTeX manual or LaTeX Companion for explanation.
Type  H <return>  for immediate help.
 ...                                              
                                                  
l.1 \begin{table}[H]
                    
You've lost some text.  Try typing  <return>  to proceed.
If that doesn't work, type  X <return>  to quit.

! Undefined control sequence.
\@float@Hx ...ltovf \fi \global \setbox \@currbox 
                                                  \color@vbox \normalcolor \...
l.1 \begin{table}[H]
                    
The control sequence at the end of the top line
of your error message was never \def'ed. If you have
misspelled it (e.g., `\hobx'), type `I' and the correct
spelling (e.g., `I\hbox'). Otherwise just continue,
and I'll forget about whatever was undefined.

! Missing number, treated as zero.
<to be read again> 
                   \vbox 
l.1 \begin{table}[H]
                    
A number should have been here; I inserted `0'.
(If you can't figure out why I needed to see a number,
look up `weird error' in the index to The TeXbook.)

! Undefined control sequence.
\@largefloatcheck ->\ifdim \ht \@currbox 
                                         >\textheight \@tempdima -\textheigh...
l.21 \end{table}
                
The control sequence at the end of the top line
of your error message was never \def'ed. If you have
misspelled it (e.g., `\hobx'), type `I' and the correct
spelling (e.g., `I\hbox'). Otherwise just continue,
and I'll forget about whatever was undefined.

! Missing number, treated as zero.
<to be read again> 
                   >
l.21 \end{table}
                
A number should have been here; I inserted `0'.
(If you can't figure out why I needed to see a number,
look up `weird error' in the index to The TeXbook.)

! Undefined control sequence.
<argument> \@currbox 
                     
l.21 \end{table}
                
The control sequence at the end of the top line
of your error message was never \def'ed. If you have
misspelled it (e.g., `\hobx'), type `I' and the correct
spelling (e.g., `I\hbox'). Otherwise just continue,
and I'll forget about whatever was undefined.

! Missing number, treated as zero.
<to be read again> 
                   \@elt 
l.21 \end{table}
                
A number should have been here; I inserted `0'.
(If you can't figure out why I needed to see a number,
look up `weird error' in the index to The TeXbook.)

! Missing = inserted for \ifnum.
<to be read again> 
                   \@elt 
l.21 \end{table}
                
I was expecting to see `<', `=', or `>'. Didn't.

! Missing number, treated as zero.
<to be read again> 
                   \@elt 
l.21 \end{table}
                
A number should have been here; I inserted `0'.
(If you can't figure out why I needed to see a number,
look up `weird error' in the index to The TeXbook.)


! LaTeX Error: This may be a LaTeX bug.

See the LaTeX manual or LaTeX Companion for explanation.
Type  H <return>  for immediate help.
 ...                                              
                                                  
l.21 \end{table}
                
Call for help

! Undefined control sequence.
\@addmarginpar ...advance \@tempdima \ht \@marbox 
                                                  \ifdim \@tempdima >\z@ \@l...
l.21 \end{table}
                
The control sequence at the end of the top line
of your error message was never \def'ed. If you have
misspelled it (e.g., `\hobx'), type `I' and the correct
spelling (e.g., `I\hbox'). Otherwise just continue,
and I'll forget about whatever was undefined.

! Missing number, treated as zero.
<to be read again> 
                   \protect 
l.21 \end{table}
                
A number should have been here; I inserted `0'.
(If you can't figure out why I needed to see a number,
look up `weird error' in the index to The TeXbook.)


LaTeX Warning: Marginpar on page 9 moved.

! Undefined control sequence.
\@addmarginpar ...vance \@mparbottom \dp \@marbox 
                                                  \global \advance \@mparbot...
l.21 \end{table}
                
The control sequence at the end of the top line
of your error message was never \def'ed. If you have
misspelled it (e.g., `\hobx'), type `I' and the correct
spelling (e.g., `I\hbox'). Otherwise just continue,
and I'll forget about whatever was undefined.

! Missing number, treated as zero.
<to be read again> 
                   \global 
l.21 \end{table}
                
A number should have been here; I inserted `0'.
(If you can't figure out why I needed to see a number,
look up `weird error' in the index to The TeXbook.)

! Undefined control sequence.
\@addmarginpar ...dvance \@tempdima -\ht \@marbox 
                                                  \global \setbox \@marbox \...
l.21 \end{table}
                
The control sequence at the end of the top line
of your error message was never \def'ed. If you have
misspelled it (e.g., `\hobx'), type `I' and the correct
spelling (e.g., `I\hbox'). Otherwise just continue,
and I'll forget about whatever was undefined.

! Missing number, treated as zero.
<to be read again> 
                   \global 
l.21 \end{table}
                
A number should have been here; I inserted `0'.
(If you can't figure out why I needed to see a number,
look up `weird error' in the index to The TeXbook.)

! Undefined control sequence.
\@addmarginpar ...marbox \global \setbox \@marbox 
                                                  \vbox {\vskip \@tempdima \...
l.21 \end{table}
                
The control sequence at the end of the top line
of your error message was never \def'ed. If you have
misspelled it (e.g., `\hobx'), type `I' and the correct
spelling (e.g., `I\hbox'). Otherwise just continue,
and I'll forget about whatever was undefined.

! Missing number, treated as zero.
<to be read again> 
                   \vbox 
l.21 \end{table}
                
A number should have been here; I inserted `0'.
(If you can't figure out why I needed to see a number,
look up `weird error' in the index to The TeXbook.)

! Undefined control sequence.
\@addmarginpar ...\vskip \@tempdima \box \@marbox 
                                                  }\global \ht \@marbox \z@ ...
l.21 \end{table}
                
The control sequence at the end of the top line
of your error message was never \def'ed. If you have
misspelled it (e.g., `\hobx'), type `I' and the correct
spelling (e.g., `I\hbox'). Otherwise just continue,
and I'll forget about whatever was undefined.

! Missing number, treated as zero.
<to be read again> 
                   }
l.21 \end{table}
                
A number should have been here; I inserted `0'.
(If you can't figure out why I needed to see a number,
look up `weird error' in the index to The TeXbook.)

! Undefined control sequence.
\@addmarginpar ... \@marbox }\global \ht \@marbox 
                                                  \z@ \global \dp \@marbox \...
l.21 \end{table}
                
The control sequence at the end of the top line
of your error message was never \def'ed. If you have
misspelled it (e.g., `\hobx'), type `I' and the correct
spelling (e.g., `I\hbox'). Otherwise just continue,
and I'll forget about whatever was undefined.

! Missing number, treated as zero.
<to be read again> 
                   \global 
l.21 \end{table}
                
A number should have been here; I inserted `0'.
(If you can't figure out why I needed to see a number,
look up `weird error' in the index to The TeXbook.)

! Illegal unit of measure (pt inserted).
<to be read again> 
                   \global 
l.21 \end{table}
                
Dimensions can be in units of em, ex, in, pt, pc,
cm, mm, dd, cc, nd, nc, bp, or sp; but yours is a new one!
I'll assume that you meant to say pt, for printer's points.
To recover gracefully from this error, it's best to
delete the erroneous units; e.g., type `2' to delete
two letters. (See Chapter 27 of The TeXbook.)

! Undefined control sequence.
\@addmarginpar ...marbox \z@ \global \dp \@marbox 
                                                  \z@ \kern -\@pagedp \noint...
l.21 \end{table}
                
The control sequence at the end of the top line
of your error message was never \def'ed. If you have
misspelled it (e.g., `\hobx'), type `I' and the correct
spelling (e.g., `I\hbox'). Otherwise just continue,
and I'll forget about whatever was undefined.

! Missing number, treated as zero.
<to be read again> 
                   \kern 
l.21 \end{table}
                
A number should have been here; I inserted `0'.
(If you can't figure out why I needed to see a number,
look up `weird error' in the index to The TeXbook.)

! Illegal unit of measure (pt inserted).
<to be read again> 
                   \kern 
l.21 \end{table}
                
Dimensions can be in units of em, ex, in, pt, pc,
cm, mm, dd, cc, nd, nc, bp, or sp; but yours is a new one!
I'll assume that you meant to say pt, for printer's points.
To recover gracefully from this error, it's best to
delete the erroneous units; e.g., type `2' to delete
two letters. (See Chapter 27 of The TeXbook.)

! Undefined control sequence.
\@addmarginpar ...arginparwidth \fi \box \@marbox 
                                                  \hss }\nointerlineskip \hb...
l.21 \end{table}
                
The control sequence at the end of the top line
of your error message was never \def'ed. If you have
misspelled it (e.g., `\hobx'), type `I' and the correct
spelling (e.g., `I\hbox'). Otherwise just continue,
and I'll forget about whatever was undefined.

! Missing number, treated as zero.
<to be read again> 
                   \hss 
l.21 \end{table}
                
A number should have been here; I inserted `0'.
(If you can't figure out why I needed to see a number,
look up `weird error' in the index to The TeXbook.)



[9
pdfTeX warning (ext4): destination with the same identifier (name{table.5}) has been already used, duplicate ignored
<argument> ...shipout:D \box_use:N \l_shipout_box 
                                                  \__shipout_drop_firstpage_...
l.21 \end{table}
                
pdfTeX warning (ext4): destination with the same identifier (name{table.6}) has been already used, duplicate ignored
<argument> ...shipout:D \box_use:N \l_shipout_box 
                                                  \__shipout_drop_firstpage_...
l.21 \end{table}
                
pdfTeX warning (ext4): destination with the same identifier (name{table.88}) has been already used, duplicate ignored
<argument> ...shipout:D \box_use:N \l_shipout_box 
                                                  \__shipout_drop_firstpage_...
l.21 \end{table}
                
pdfTeX warning (ext4): destination with the same identifier (name{table.91}) has been already used, duplicate ignored
<argument> ...shipout:D \box_use:N \l_shipout_box 
                                                  \__shipout_drop_firstpage_...
l.21 \end{table}
                
pdfTeX warning (ext4): destination with the same identifier (name{table.94}) has been already used, duplicate ignored
<argument> ...shipout:D \box_use:N \l_shipout_box 
                                                  \__shipout_drop_firstpage_...
l.21 \end{table}
                
pdfTeX warning (ext4): destination with the same identifier (name{table.97}) has been already used, duplicate ignored
<argument> ...shipout:D \box_use:N \l_shipout_box 
                                                  \__shipout_drop_firstpage_...
l.21 \end{table}
                
pdfTeX warning (ext4): destination with the same identifier (name{table.99}) has been already used, duplicate ignored
<argument> ...shipout:D \box_use:N \l_shipout_box 
                                                  \__shipout_drop_firstpage_...
l.21 \end{table}
                
pdfTeX warning (ext4): destination with the same identifier (name{table.100}) has been already used, duplicate ignored
<argument> ...shipout:D \box_use:N \l_shipout_box 
                                                  \__shipout_drop_firstpage_...
l.21 \end{table}
                
pdfTeX warning (ext4): destination with the same identifier (name{table.102}) has been already used, duplicate ignored
<argument> ...shipout:D \box_use:N \l_shipout_box 
                                                  \__shipout_drop_firstpage_...
l.21 \end{table}
                
pdfTeX warning (ext4): destination with the same identifier (name{table.105}) has been already used, duplicate ignored
<argument> ...shipout:D \box_use:N \l_shipout_box 
                                                  \__shipout_drop_firstpage_...
l.21 \end{table}
                ]

! LaTeX Error: Too many unprocessed floats.

See the LaTeX manual or LaTeX Companion for explanation.
Type  H <return>  for immediate help.
 ...                                              
                                                  
l.74 \begin{table}[H]
                     
You've lost some text.  Try typing  <return>  to proceed.
If that doesn't work, type  X <return>  to quit.

! Undefined control sequence.
\@float@Hx ...ltovf \fi \global \setbox \@currbox 
                                                  \color@vbox \normalcolor \...
l.74 \begin{table}[H]
                     
The control sequence at the end of the top line
of your error message was never \def'ed. If you have
misspelled it (e.g., `\hobx'), type `I' and the correct
spelling (e.g., `I\hbox'). Otherwise just continue,
and I'll forget about whatever was undefined.

! Missing number, treated as zero.
<to be read again> 
                   \vbox 
l.74 \begin{table}[H]
                     
A number should have been here; I inserted `0'.
(If you can't figure out why I needed to see a number,
look up `weird error' in the index to The TeXbook.)

! Undefined control sequence.
\@largefloatcheck ->\ifdim \ht \@currbox 
                                         >\textheight \@tempdima -\textheigh...
l.99 \end{table}
                
The control sequence at the end of the top line
of your error message was never \def'ed. If you have
misspelled it (e.g., `\hobx'), type `I' and the correct
spelling (e.g., `I\hbox'). Otherwise just continue,
and I'll forget about whatever was undefined.

! Missing number, treated as zero.
<to be read again> 
                   >
l.99 \end{table}
                
A number should have been here; I inserted `0'.
(If you can't figure out why I needed to see a number,
look up `weird error' in the index to The TeXbook.)

! Undefined control sequence.
<argument> \@currbox 
                     
l.99 \end{table}
                
The control sequence at the end of the top line
of your error message was never \def'ed. If you have
misspelled it (e.g., `\hobx'), type `I' and the correct
spelling (e.g., `I\hbox'). Otherwise just continue,
and I'll forget about whatever was undefined.

! Argument of \@xnext has an extra }.
<inserted text> 
                \par 
l.99 \end{table}
                
I've run across a `}' that doesn't seem to match anything.
For example, `\def\a#1{...}' and `\a}' would produce
this error. If you simply proceed now, the `\par' that
I've just inserted will cause me to report a runaway
argument that might be the root of the problem. But if
your `}' was spurious, just type `2' and it will go away.

Runaway argument?
\@currbox \@currlist \ifnum \count \@currbox >\z@ \advance \@pageht \@pagedp \ETC.
! Paragraph ended before \@xnext was complete.
<to be read again> 
                   \par 
l.99 \end{table}
                
I suspect you've forgotten a `}', causing me to apply this
control sequence to too much text. How can we recover?
My plan is to forget the whole thing and hope for the best.

! Extra \else.
\end@float ...pdima \penalty \@floatpenalty \else 
                                                  \vadjust {\penalty -\@Miv ...
l.99 \end{table}
                
I'm ignoring this; it doesn't match any \if.

! You can't use `\vadjust' in vertical mode.
\end@float ...nalty \@floatpenalty \else \vadjust 
                                                  {\penalty -\@Miv \vbox {}\...
l.99 \end{table}
                
Sorry, but I'm not programmed to handle this case;
I'll just pretend that you didn't ask for it.
If you're in the wrong mode, you might be able to
return to the right one by typing `I}' or `I$' or `I\par'.

! Argument of \@xnext has an extra }.
<inserted text> 
                \par 
l.99 \end{table}
                
I've run across a `}' that doesn't seem to match anything.
For example, `\def\a#1{...}' and `\a}' would produce
this error. If you simply proceed now, the `\par' that
I've just inserted will cause me to report a runaway
argument that might be the root of the problem. But if
your `}' was spurious, just type `2' and it will go away.

Runaway argument?
\@currbox \@currlist \ifnum \count \@currbox >\z@ \advance \@pageht \@pagedp \ETC.
! Paragraph ended before \@xnext was complete.
<to be read again> 
                   \par 
l.99 \end{table}
                
I suspect you've forgotten a `}', causing me to apply this
control sequence to too much text. How can we recover?
My plan is to forget the whole thing and hope for the best.

) (./results/large_classical_low_MNL/results_table.tex

! LaTeX Error: Too many unprocessed floats.

See the LaTeX manual or LaTeX Companion for explanation.
Type  H <return>  for immediate help.
 ...                                              
                                                  
l.1 \begin{table}[H]
                    
You've lost some text.  Try typing  <return>  to proceed.
If that doesn't work, type  X <return>  to quit.

! Undefined control sequence.
\@float@Hx ...ltovf \fi \global \setbox \@currbox 
                                                  \color@vbox \normalcolor \...
l.1 \begin{table}[H]
                    
The control sequence at the end of the top line
of your error message was never \def'ed. If you have
misspelled it (e.g., `\hobx'), type `I' and the correct
spelling (e.g., `I\hbox'). Otherwise just continue,
and I'll forget about whatever was undefined.

! Missing number, treated as zero.
<to be read again> 
                   \vbox 
l.1 \begin{table}[H]
                    
A number should have been here; I inserted `0'.
(If you can't figure out why I needed to see a number,
look up `weird error' in the index to The TeXbook.)

! Undefined control sequence.
\@largefloatcheck ->\ifdim \ht \@currbox 
                                         >\textheight \@tempdima -\textheigh...
l.21 \end{table}
                
The control sequence at the end of the top line
of your error message was never \def'ed. If you have
misspelled it (e.g., `\hobx'), type `I' and the correct
spelling (e.g., `I\hbox'). Otherwise just continue,
and I'll forget about whatever was undefined.

! Missing number, treated as zero.
<to be read again> 
                   >
l.21 \end{table}
                
A number should have been here; I inserted `0'.
(If you can't figure out why I needed to see a number,
look up `weird error' in the index to The TeXbook.)

! Undefined control sequence.
<argument> \@currbox 
                     
l.21 \end{table}
                
The control sequence at the end of the top line
of your error message was never \def'ed. If you have
misspelled it (e.g., `\hobx'), type `I' and the correct
spelling (e.g., `I\hbox'). Otherwise just continue,
and I'll forget about whatever was undefined.

! Missing number, treated as zero.
<to be read again> 
                   \@elt 
l.21 \end{table}
                
A number should have been here; I inserted `0'.
(If you can't figure out why I needed to see a number,
look up `weird error' in the index to The TeXbook.)

! Missing = inserted for \ifnum.
<to be read again> 
                   \@elt 
l.21 \end{table}
                
I was expecting to see `<', `=', or `>'. Didn't.

! Missing number, treated as zero.
<to be read again> 
                   \@elt 
l.21 \end{table}
                
A number should have been here; I inserted `0'.
(If you can't figure out why I needed to see a number,
look up `weird error' in the index to The TeXbook.)


! LaTeX Error: This may be a LaTeX bug.

See the LaTeX manual or LaTeX Companion for explanation.
Type  H <return>  for immediate help.
 ...                                              
                                                  
l.21 \end{table}
                
Call for help

! Undefined control sequence.
\@addmarginpar ...advance \@tempdima \ht \@marbox 
                                                  \ifdim \@tempdima >\z@ \@l...
l.21 \end{table}
                
The control sequence at the end of the top line
of your error message was never \def'ed. If you have
misspelled it (e.g., `\hobx'), type `I' and the correct
spelling (e.g., `I\hbox'). Otherwise just continue,
and I'll forget about whatever was undefined.

! Bad register code (-6218988).
\@addmarginpar ...e \space moved}\else \@tempdima 
                                                  \z@ \fi \global \@mparbott...
l.21 \end{table}
                
A register number must be between 0 and 32767.
I changed this one to zero.

! Missing number, treated as zero.
<to be read again> 
                   \global 
l.21 \end{table}
                
A number should have been here; I inserted `0'.
(If you can't figure out why I needed to see a number,
look up `weird error' in the index to The TeXbook.)

! Illegal unit of measure (pt inserted).
<to be read again> 
                   \global 
l.21 \end{table}
                
Dimensions can be in units of em, ex, in, pt, pc,
cm, mm, dd, cc, nd, nc, bp, or sp; but yours is a new one!
I'll assume that you meant to say pt, for printer's points.
To recover gracefully from this error, it's best to
delete the erroneous units; e.g., type `2' to delete
two letters. (See Chapter 27 of The TeXbook.)

! Undefined control sequence.
\@addmarginpar ...vance \@mparbottom \dp \@marbox 
                                                  \global \advance \@mparbot...
l.21 \end{table}
                
The control sequence at the end of the top line
of your error message was never \def'ed. If you have
misspelled it (e.g., `\hobx'), type `I' and the correct
spelling (e.g., `I\hbox'). Otherwise just continue,
and I'll forget about whatever was undefined.

! Missing number, treated as zero.
<to be read again> 
                   \global 
l.21 \end{table}
                
A number should have been here; I inserted `0'.
(If you can't figure out why I needed to see a number,
look up `weird error' in the index to The TeXbook.)

! Undefined control sequence.
\@addmarginpar ...dvance \@tempdima -\ht \@marbox 
                                                  \global \setbox \@marbox \...
l.21 \end{table}
                
The control sequence at the end of the top line
of your error message was never \def'ed. If you have
misspelled it (e.g., `\hobx'), type `I' and the correct
spelling (e.g., `I\hbox'). Otherwise just continue,
and I'll forget about whatever was undefined.

! Missing number, treated as zero.
<to be read again> 
                   \global 
l.21 \end{table}
                
A number should have been here; I inserted `0'.
(If you can't figure out why I needed to see a number,
look up `weird error' in the index to The TeXbook.)

! Undefined control sequence.
\@addmarginpar ...marbox \global \setbox \@marbox 
                                                  \vbox {\vskip \@tempdima \...
l.21 \end{table}
                
The control sequence at the end of the top line
of your error message was never \def'ed. If you have
misspelled it (e.g., `\hobx'), type `I' and the correct
spelling (e.g., `I\hbox'). Otherwise just continue,
and I'll forget about whatever was undefined.

! Missing number, treated as zero.
<to be read again> 
                   \vbox 
l.21 \end{table}
                
A number should have been here; I inserted `0'.
(If you can't figure out why I needed to see a number,
look up `weird error' in the index to The TeXbook.)

! Undefined control sequence.
\@addmarginpar ...\vskip \@tempdima \box \@marbox 
                                                  }\global \ht \@marbox \z@ ...
l.21 \end{table}
                
The control sequence at the end of the top line
of your error message was never \def'ed. If you have
misspelled it (e.g., `\hobx'), type `I' and the correct
spelling (e.g., `I\hbox'). Otherwise just continue,
and I'll forget about whatever was undefined.

! Missing number, treated as zero.
<to be read again> 
                   }
l.21 \end{table}
                
A number should have been here; I inserted `0'.
(If you can't figure out why I needed to see a number,
look up `weird error' in the index to The TeXbook.)

! Undefined control sequence.
\@addmarginpar ... \@marbox }\global \ht \@marbox 
                                                  \z@ \global \dp \@marbox \...
l.21 \end{table}
                
The control sequence at the end of the top line
of your error message was never \def'ed. If you have
misspelled it (e.g., `\hobx'), type `I' and the correct
spelling (e.g., `I\hbox'). Otherwise just continue,
and I'll forget about whatever was undefined.

! Missing number, treated as zero.
<to be read again> 
                   \global 
l.21 \end{table}
                
A number should have been here; I inserted `0'.
(If you can't figure out why I needed to see a number,
look up `weird error' in the index to The TeXbook.)

! Illegal unit of measure (pt inserted).
<to be read again> 
                   \global 
l.21 \end{table}
                
Dimensions can be in units of em, ex, in, pt, pc,
cm, mm, dd, cc, nd, nc, bp, or sp; but yours is a new one!
I'll assume that you meant to say pt, for printer's points.
To recover gracefully from this error, it's best to
delete the erroneous units; e.g., type `2' to delete
two letters. (See Chapter 27 of The TeXbook.)

! Undefined control sequence.
\@addmarginpar ...marbox \z@ \global \dp \@marbox 
                                                  \z@ \kern -\@pagedp \noint...
l.21 \end{table}
                
The control sequence at the end of the top line
of your error message was never \def'ed. If you have
misspelled it (e.g., `\hobx'), type `I' and the correct
spelling (e.g., `I\hbox'). Otherwise just continue,
and I'll forget about whatever was undefined.

! Missing number, treated as zero.
<to be read again> 
                   \kern 
l.21 \end{table}
                
A number should have been here; I inserted `0'.
(If you can't figure out why I needed to see a number,
look up `weird error' in the index to The TeXbook.)

! Illegal unit of measure (pt inserted).
<to be read again> 
                   \kern 
l.21 \end{table}
                
Dimensions can be in units of em, ex, in, pt, pc,
cm, mm, dd, cc, nd, nc, bp, or sp; but yours is a new one!
I'll assume that you meant to say pt, for printer's points.
To recover gracefully from this error, it's best to
delete the erroneous units; e.g., type `2' to delete
two letters. (See Chapter 27 of The TeXbook.)

! Undefined control sequence.
\@addmarginpar ...arginparwidth \fi \box \@marbox 
                                                  \hss }\nointerlineskip \hb...
l.21 \end{table}
                
The control sequence at the end of the top line
of your error message was never \def'ed. If you have
misspelled it (e.g., `\hobx'), type `I' and the correct
spelling (e.g., `I\hbox'). Otherwise just continue,
and I'll forget about whatever was undefined.

! Missing number, treated as zero.
<to be read again> 
                   \hss 
l.21 \end{table}
                
A number should have been here; I inserted `0'.
(If you can't figure out why I needed to see a number,
look up `weird error' in the index to The TeXbook.)

) (./results/large_classical_high_MNL/results_table.tex

! LaTeX Error: Too many unprocessed floats.

See the LaTeX manual or LaTeX Companion for explanation.
Type  H <return>  for immediate help.
 ...                                              
                                                  
l.1 \begin{table}[H]
                    
You've lost some text.  Try typing  <return>  to proceed.
If that doesn't work, type  X <return>  to quit.

! Undefined control sequence.
\@float@Hx ...ltovf \fi \global \setbox \@currbox 
                                                  \color@vbox \normalcolor \...
l.1 \begin{table}[H]
                    
The control sequence at the end of the top line
of your error message was never \def'ed. If you have
misspelled it (e.g., `\hobx'), type `I' and the correct
spelling (e.g., `I\hbox'). Otherwise just continue,
and I'll forget about whatever was undefined.

! Missing number, treated as zero.
<to be read again> 
                   \vbox 
l.1 \begin{table}[H]
                    
A number should have been here; I inserted `0'.
(If you can't figure out why I needed to see a number,
look up `weird error' in the index to The TeXbook.)

! Undefined control sequence.
\@largefloatcheck ->\ifdim \ht \@currbox 
                                         >\textheight \@tempdima -\textheigh...
l.21 \end{table}
                
The control sequence at the end of the top line
of your error message was never \def'ed. If you have
misspelled it (e.g., `\hobx'), type `I' and the correct
spelling (e.g., `I\hbox'). Otherwise just continue,
and I'll forget about whatever was undefined.

! Missing number, treated as zero.
<to be read again> 
                   >
l.21 \end{table}
                
A number should have been here; I inserted `0'.
(If you can't figure out why I needed to see a number,
look up `weird error' in the index to The TeXbook.)

! Undefined control sequence.
<argument> \@currbox 
                     
l.21 \end{table}
                
The control sequence at the end of the top line
of your error message was never \def'ed. If you have
misspelled it (e.g., `\hobx'), type `I' and the correct
spelling (e.g., `I\hbox'). Otherwise just continue,
and I'll forget about whatever was undefined.

! Argument of \@xnext has an extra }.
<inserted text> 
                \par 
l.21 \end{table}
                
I've run across a `}' that doesn't seem to match anything.
For example, `\def\a#1{...}' and `\a}' would produce
this error. If you simply proceed now, the `\par' that
I've just inserted will cause me to report a runaway
argument that might be the root of the problem. But if
your `}' was spurious, just type `2' and it will go away.

Runaway argument?
\@currbox \@currlist \ifnum \count \@currbox >\z@ \advance \@pageht \@pagedp \ETC.
! Paragraph ended before \@xnext was complete.
<to be read again> 
                   \par 
l.21 \end{table}
                
I suspect you've forgotten a `}', causing me to apply this
control sequence to too much text. How can we recover?
My plan is to forget the whole thing and hope for the best.

! Extra \else.
\end@float ...pdima \penalty \@floatpenalty \else 
                                                  \vadjust {\penalty -\@Miv ...
l.21 \end{table}
                
I'm ignoring this; it doesn't match any \if.

! You can't use `\vadjust' in vertical mode.
\end@float ...nalty \@floatpenalty \else \vadjust 
                                                  {\penalty -\@Miv \vbox {}\...
l.21 \end{table}
                
Sorry, but I'm not programmed to handle this case;
I'll just pretend that you didn't ask for it.
If you're in the wrong mode, you might be able to
return to the right one by typing `I}' or `I$' or `I\par'.

! Argument of \@xnext has an extra }.
<inserted text> 
                \par 
l.21 \end{table}
                
I've run across a `}' that doesn't seem to match anything.
For example, `\def\a#1{...}' and `\a}' would produce
this error. If you simply proceed now, the `\par' that
I've just inserted will cause me to report a runaway
argument that might be the root of the problem. But if
your `}' was spurious, just type `2' and it will go away.

Runaway argument?
\@currbox \@currlist \ifnum \count \@currbox >\z@ \advance \@pageht \@pagedp \ETC.
! Paragraph ended before \@xnext was complete.
<to be read again> 
                   \par 
l.21 \end{table}
                
I suspect you've forgotten a `}', causing me to apply this
control sequence to too much text. How can we recover?
My plan is to forget the whole thing and hope for the best.

) (./results/large_model_informed_low_MNL/results_table.tex

! LaTeX Error: Too many unprocessed floats.

See the LaTeX manual or LaTeX Companion for explanation.
Type  H <return>  for immediate help.
 ...                                              
                                                  
l.1 \begin{table}[H]
                    
You've lost some text.  Try typing  <return>  to proceed.
If that doesn't work, type  X <return>  to quit.

! Undefined control sequence.
\@float@Hx ...ltovf \fi \global \setbox \@currbox 
                                                  \color@vbox \normalcolor \...
l.1 \begin{table}[H]
                    
The control sequence at the end of the top line
of your error message was never \def'ed. If you have
misspelled it (e.g., `\hobx'), type `I' and the correct
spelling (e.g., `I\hbox'). Otherwise just continue,
and I'll forget about whatever was undefined.

! Missing number, treated as zero.
<to be read again> 
                   \vbox 
l.1 \begin{table}[H]
                    
A number should have been here; I inserted `0'.
(If you can't figure out why I needed to see a number,
look up `weird error' in the index to The TeXbook.)

! Undefined control sequence.
\@largefloatcheck ->\ifdim \ht \@currbox 
                                         >\textheight \@tempdima -\textheigh...
l.21 \end{table}
                
The control sequence at the end of the top line
of your error message was never \def'ed. If you have
misspelled it (e.g., `\hobx'), type `I' and the correct
spelling (e.g., `I\hbox'). Otherwise just continue,
and I'll forget about whatever was undefined.

! Missing number, treated as zero.
<to be read again> 
                   >
l.21 \end{table}
                
A number should have been here; I inserted `0'.
(If you can't figure out why I needed to see a number,
look up `weird error' in the index to The TeXbook.)

! Undefined control sequence.
<argument> \@currbox 
                     
l.21 \end{table}
                
The control sequence at the end of the top line
of your error message was never \def'ed. If you have
misspelled it (e.g., `\hobx'), type `I' and the correct
spelling (e.g., `I\hbox'). Otherwise just continue,
and I'll forget about whatever was undefined.

! Missing number, treated as zero.
<to be read again> 
                   \@elt 
l.21 \end{table}
                
A number should have been here; I inserted `0'.
(If you can't figure out why I needed to see a number,
look up `weird error' in the index to The TeXbook.)

! Missing = inserted for \ifnum.
<to be read again> 
                   \@elt 
l.21 \end{table}
                
I was expecting to see `<', `=', or `>'. Didn't.

! Missing number, treated as zero.
<to be read again> 
                   \@elt 
l.21 \end{table}
                
A number should have been here; I inserted `0'.
(If you can't figure out why I needed to see a number,
look up `weird error' in the index to The TeXbook.)


! LaTeX Error: This may be a LaTeX bug.

See the LaTeX manual or LaTeX Companion for explanation.
Type  H <return>  for immediate help.
 ...                                              
                                                  
l.21 \end{table}
                
Call for help

! Undefined control sequence.
\@addmarginpar ...advance \@tempdima \ht \@marbox 
                                                  \ifdim \@tempdima >\z@ \@l...
l.21 \end{table}
                
The control sequence at the end of the top line
of your error message was never \def'ed. If you have
misspelled it (e.g., `\hobx'), type `I' and the correct
spelling (e.g., `I\hbox'). Otherwise just continue,
and I'll forget about whatever was undefined.

! Missing number, treated as zero.
<to be read again> 
                   \protect 
l.21 \end{table}
                
A number should have been here; I inserted `0'.
(If you can't figure out why I needed to see a number,
look up `weird error' in the index to The TeXbook.)


LaTeX Warning: Marginpar on page 10 moved.

! Undefined control sequence.
\@addmarginpar ...vance \@mparbottom \dp \@marbox 
                                                  \global \advance \@mparbot...
l.21 \end{table}
                
The control sequence at the end of the top line
of your error message was never \def'ed. If you have
misspelled it (e.g., `\hobx'), type `I' and the correct
spelling (e.g., `I\hbox'). Otherwise just continue,
and I'll forget about whatever was undefined.

! Missing number, treated as zero.
<to be read again> 
                   \global 
l.21 \end{table}
                
A number should have been here; I inserted `0'.
(If you can't figure out why I needed to see a number,
look up `weird error' in the index to The TeXbook.)

! Undefined control sequence.
\@addmarginpar ...dvance \@tempdima -\ht \@marbox 
                                                  \global \setbox \@marbox \...
l.21 \end{table}
                
The control sequence at the end of the top line
of your error message was never \def'ed. If you have
misspelled it (e.g., `\hobx'), type `I' and the correct
spelling (e.g., `I\hbox'). Otherwise just continue,
and I'll forget about whatever was undefined.

! Missing number, treated as zero.
<to be read again> 
                   \global 
l.21 \end{table}
                
A number should have been here; I inserted `0'.
(If you can't figure out why I needed to see a number,
look up `weird error' in the index to The TeXbook.)

! Undefined control sequence.
\@addmarginpar ...marbox \global \setbox \@marbox 
                                                  \vbox {\vskip \@tempdima \...
l.21 \end{table}
                
The control sequence at the end of the top line
of your error message was never \def'ed. If you have
misspelled it (e.g., `\hobx'), type `I' and the correct
spelling (e.g., `I\hbox'). Otherwise just continue,
and I'll forget about whatever was undefined.

! Missing number, treated as zero.
<to be read again> 
                   \vbox 
l.21 \end{table}
                
A number should have been here; I inserted `0'.
(If you can't figure out why I needed to see a number,
look up `weird error' in the index to The TeXbook.)

! Undefined control sequence.
\@addmarginpar ...\vskip \@tempdima \box \@marbox 
                                                  }\global \ht \@marbox \z@ ...
l.21 \end{table}
                
The control sequence at the end of the top line
of your error message was never \def'ed. If you have
misspelled it (e.g., `\hobx'), type `I' and the correct
spelling (e.g., `I\hbox'). Otherwise just continue,
and I'll forget about whatever was undefined.

! Missing number, treated as zero.
<to be read again> 
                   }
l.21 \end{table}
                
A number should have been here; I inserted `0'.
(If you can't figure out why I needed to see a number,
look up `weird error' in the index to The TeXbook.)

! Undefined control sequence.
\@addmarginpar ... \@marbox }\global \ht \@marbox 
                                                  \z@ \global \dp \@marbox \...
l.21 \end{table}
                
The control sequence at the end of the top line
of your error message was never \def'ed. If you have
misspelled it (e.g., `\hobx'), type `I' and the correct
spelling (e.g., `I\hbox'). Otherwise just continue,
and I'll forget about whatever was undefined.

! Missing number, treated as zero.
<to be read again> 
                   \global 
l.21 \end{table}
                
A number should have been here; I inserted `0'.
(If you can't figure out why I needed to see a number,
look up `weird error' in the index to The TeXbook.)

! Illegal unit of measure (pt inserted).
<to be read again> 
                   \global 
l.21 \end{table}
                
Dimensions can be in units of em, ex, in, pt, pc,
cm, mm, dd, cc, nd, nc, bp, or sp; but yours is a new one!
I'll assume that you meant to say pt, for printer's points.
To recover gracefully from this error, it's best to
delete the erroneous units; e.g., type `2' to delete
two letters. (See Chapter 27 of The TeXbook.)

! Undefined control sequence.
\@addmarginpar ...marbox \z@ \global \dp \@marbox 
                                                  \z@ \kern -\@pagedp \noint...
l.21 \end{table}
                
The control sequence at the end of the top line
of your error message was never \def'ed. If you have
misspelled it (e.g., `\hobx'), type `I' and the correct
spelling (e.g., `I\hbox'). Otherwise just continue,
and I'll forget about whatever was undefined.

! Missing number, treated as zero.
<to be read again> 
                   \kern 
l.21 \end{table}
                
A number should have been here; I inserted `0'.
(If you can't figure out why I needed to see a number,
look up `weird error' in the index to The TeXbook.)

! Illegal unit of measure (pt inserted).
<to be read again> 
                   \kern 
l.21 \end{table}
                
Dimensions can be in units of em, ex, in, pt, pc,
cm, mm, dd, cc, nd, nc, bp, or sp; but yours is a new one!
I'll assume that you meant to say pt, for printer's points.
To recover gracefully from this error, it's best to
delete the erroneous units; e.g., type `2' to delete
two letters. (See Chapter 27 of The TeXbook.)

! Undefined control sequence.
\@addmarginpar ...arginparwidth \fi \box \@marbox 
                                                  \hss }\nointerlineskip \hb...
l.21 \end{table}
                
The control sequence at the end of the top line
of your error message was never \def'ed. If you have
misspelled it (e.g., `\hobx'), type `I' and the correct
spelling (e.g., `I\hbox'). Otherwise just continue,
and I'll forget about whatever was undefined.

! Missing number, treated as zero.
<to be read again> 
                   \hss 
l.21 \end{table}
                
A number should have been here; I inserted `0'.
(If you can't figure out why I needed to see a number,
look up `weird error' in the index to The TeXbook.)


! LaTeX Error: Too many unprocessed floats.

See the LaTeX manual or LaTeX Companion for explanation.
Type  H <return>  for immediate help.
 ...                                              
                                                  
l.22 \begin{table}[H]
                     
You've lost some text.  Try typing  <return>  to proceed.
If that doesn't work, type  X <return>  to quit.

! Undefined control sequence.
\@float@Hx ...ltovf \fi \global \setbox \@currbox 
                                                  \color@vbox \normalcolor \...
l.22 \begin{table}[H]
                     
The control sequence at the end of the top line
of your error message was never \def'ed. If you have
misspelled it (e.g., `\hobx'), type `I' and the correct
spelling (e.g., `I\hbox'). Otherwise just continue,
and I'll forget about whatever was undefined.

! Missing number, treated as zero.
<to be read again> 
                   \vbox 
l.22 \begin{table}[H]
                     
A number should have been here; I inserted `0'.
(If you can't figure out why I needed to see a number,
look up `weird error' in the index to The TeXbook.)

! Undefined control sequence.
\@largefloatcheck ->\ifdim \ht \@currbox 
                                         >\textheight \@tempdima -\textheigh...
l.47 \end{table}
                
The control sequence at the end of the top line
of your error message was never \def'ed. If you have
misspelled it (e.g., `\hobx'), type `I' and the correct
spelling (e.g., `I\hbox'). Otherwise just continue,
and I'll forget about whatever was undefined.

! Missing number, treated as zero.
<to be read again> 
                   >
l.47 \end{table}
                
A number should have been here; I inserted `0'.
(If you can't figure out why I needed to see a number,
look up `weird error' in the index to The TeXbook.)

! Undefined control sequence.
<argument> \@currbox 
                     
l.47 \end{table}
                
The control sequence at the end of the top line
of your error message was never \def'ed. If you have
misspelled it (e.g., `\hobx'), type `I' and the correct
spelling (e.g., `I\hbox'). Otherwise just continue,
and I'll forget about whatever was undefined.

! Argument of \@xnext has an extra }.
<inserted text> 
                \par 
l.47 \end{table}
                
I've run across a `}' that doesn't seem to match anything.
For example, `\def\a#1{...}' and `\a}' would produce
this error. If you simply proceed now, the `\par' that
I've just inserted will cause me to report a runaway
argument that might be the root of the problem. But if
your `}' was spurious, just type `2' and it will go away.

Runaway argument?
\@currbox \@currlist \ifnum \count \@currbox >\z@ \advance \@pageht \@pagedp \ETC.
! Paragraph ended before \@xnext was complete.
<to be read again> 
                   \par 
l.47 \end{table}
                
I suspect you've forgotten a `}', causing me to apply this
control sequence to too much text. How can we recover?
My plan is to forget the whole thing and hope for the best.

! Extra \else.
\end@float ...pdima \penalty \@floatpenalty \else 
                                                  \vadjust {\penalty -\@Miv ...
l.47 \end{table}
                
I'm ignoring this; it doesn't match any \if.

! You can't use `\vadjust' in vertical mode.
\end@float ...nalty \@floatpenalty \else \vadjust 
                                                  {\penalty -\@Miv \vbox {}\...
l.47 \end{table}
                
Sorry, but I'm not programmed to handle this case;
I'll just pretend that you didn't ask for it.
If you're in the wrong mode, you might be able to
return to the right one by typing `I}' or `I$' or `I\par'.

! Argument of \@xnext has an extra }.
<inserted text> 
                \par 
l.47 \end{table}
                
I've run across a `}' that doesn't seem to match anything.
For example, `\def\a#1{...}' and `\a}' would produce
this error. If you simply proceed now, the `\par' that
I've just inserted will cause me to report a runaway
argument that might be the root of the problem. But if
your `}' was spurious, just type `2' and it will go away.

Runaway argument?
\@currbox \@currlist \ifnum \count \@currbox >\z@ \advance \@pageht \@pagedp \ETC.
! Paragraph ended before \@xnext was complete.
<to be read again> 
                   \par 
l.47 \end{table}
                
I suspect you've forgotten a `}', causing me to apply this
control sequence to too much text. How can we recover?
My plan is to forget the whole thing and hope for the best.


! LaTeX Error: Too many unprocessed floats.

See the LaTeX manual or LaTeX Companion for explanation.
Type  H <return>  for immediate help.
 ...                                              
                                                  
l.48 \begin{table}[H]
                     
You've lost some text.  Try typing  <return>  to proceed.
If that doesn't work, type  X <return>  to quit.

! Undefined control sequence.
\@float@Hx ...ltovf \fi \global \setbox \@currbox 
                                                  \color@vbox \normalcolor \...
l.48 \begin{table}[H]
                     
The control sequence at the end of the top line
of your error message was never \def'ed. If you have
misspelled it (e.g., `\hobx'), type `I' and the correct
spelling (e.g., `I\hbox'). Otherwise just continue,
and I'll forget about whatever was undefined.

! Missing number, treated as zero.
<to be read again> 
                   \vbox 
l.48 \begin{table}[H]
                     
A number should have been here; I inserted `0'.
(If you can't figure out why I needed to see a number,
look up `weird error' in the index to The TeXbook.)

! Undefined control sequence.
\@largefloatcheck ->\ifdim \ht \@currbox 
                                         >\textheight \@tempdima -\textheigh...
l.73 \end{table}
                
The control sequence at the end of the top line
of your error message was never \def'ed. If you have
misspelled it (e.g., `\hobx'), type `I' and the correct
spelling (e.g., `I\hbox'). Otherwise just continue,
and I'll forget about whatever was undefined.

! Missing number, treated as zero.
<to be read again> 
                   >
l.73 \end{table}
                
A number should have been here; I inserted `0'.
(If you can't figure out why I needed to see a number,
look up `weird error' in the index to The TeXbook.)

! Undefined control sequence.
<argument> \@currbox 
                     
l.73 \end{table}
                
The control sequence at the end of the top line
of your error message was never \def'ed. If you have
misspelled it (e.g., `\hobx'), type `I' and the correct
spelling (e.g., `I\hbox'). Otherwise just continue,
and I'll forget about whatever was undefined.

! Missing number, treated as zero.
<to be read again> 
                   \@elt 
l.73 \end{table}
                
A number should have been here; I inserted `0'.
(If you can't figure out why I needed to see a number,
look up `weird error' in the index to The TeXbook.)

! Missing = inserted for \ifnum.
<to be read again> 
                   \@elt 
l.73 \end{table}
                
I was expecting to see `<', `=', or `>'. Didn't.

! Missing number, treated as zero.
<to be read again> 
                   \@elt 
l.73 \end{table}
                
A number should have been here; I inserted `0'.
(If you can't figure out why I needed to see a number,
look up `weird error' in the index to The TeXbook.)


! LaTeX Error: This may be a LaTeX bug.

See the LaTeX manual or LaTeX Companion for explanation.
Type  H <return>  for immediate help.
 ...                                              
                                                  
l.73 \end{table}
                
Call for help

! Undefined control sequence.
\@addmarginpar ...advance \@tempdima \ht \@marbox 
                                                  \ifdim \@tempdima >\z@ \@l...
l.73 \end{table}
                
The control sequence at the end of the top line
of your error message was never \def'ed. If you have
misspelled it (e.g., `\hobx'), type `I' and the correct
spelling (e.g., `I\hbox'). Otherwise just continue,
and I'll forget about whatever was undefined.

! Missing number, treated as zero.
<to be read again> 
                   \protect 
l.73 \end{table}
                
A number should have been here; I inserted `0'.
(If you can't figure out why I needed to see a number,
look up `weird error' in the index to The TeXbook.)


LaTeX Warning: Marginpar on page 10 moved.

! Undefined control sequence.
\@addmarginpar ...vance \@mparbottom \dp \@marbox 
                                                  \global \advance \@mparbot...
l.73 \end{table}
                
The control sequence at the end of the top line
of your error message was never \def'ed. If you have
misspelled it (e.g., `\hobx'), type `I' and the correct
spelling (e.g., `I\hbox'). Otherwise just continue,
and I'll forget about whatever was undefined.

! Missing number, treated as zero.
<to be read again> 
                   \global 
l.73 \end{table}
                
A number should have been here; I inserted `0'.
(If you can't figure out why I needed to see a number,
look up `weird error' in the index to The TeXbook.)

! Undefined control sequence.
\@addmarginpar ...dvance \@tempdima -\ht \@marbox 
                                                  \global \setbox \@marbox \...
l.73 \end{table}
                
The control sequence at the end of the top line
of your error message was never \def'ed. If you have
misspelled it (e.g., `\hobx'), type `I' and the correct
spelling (e.g., `I\hbox'). Otherwise just continue,
and I'll forget about whatever was undefined.

! Missing number, treated as zero.
<to be read again> 
                   \global 
l.73 \end{table}
                
A number should have been here; I inserted `0'.
(If you can't figure out why I needed to see a number,
look up `weird error' in the index to The TeXbook.)

! Undefined control sequence.
\@addmarginpar ...marbox \global \setbox \@marbox 
                                                  \vbox {\vskip \@tempdima \...
l.73 \end{table}
                
The control sequence at the end of the top line
of your error message was never \def'ed. If you have
misspelled it (e.g., `\hobx'), type `I' and the correct
spelling (e.g., `I\hbox'). Otherwise just continue,
and I'll forget about whatever was undefined.

! Missing number, treated as zero.
<to be read again> 
                   \vbox 
l.73 \end{table}
                
A number should have been here; I inserted `0'.
(If you can't figure out why I needed to see a number,
look up `weird error' in the index to The TeXbook.)

! Undefined control sequence.
\@addmarginpar ...\vskip \@tempdima \box \@marbox 
                                                  }\global \ht \@marbox \z@ ...
l.73 \end{table}
                
The control sequence at the end of the top line
of your error message was never \def'ed. If you have
misspelled it (e.g., `\hobx'), type `I' and the correct
spelling (e.g., `I\hbox'). Otherwise just continue,
and I'll forget about whatever was undefined.

! Missing number, treated as zero.
<to be read again> 
                   }
l.73 \end{table}
                
A number should have been here; I inserted `0'.
(If you can't figure out why I needed to see a number,
look up `weird error' in the index to The TeXbook.)

! Undefined control sequence.
\@addmarginpar ... \@marbox }\global \ht \@marbox 
                                                  \z@ \global \dp \@marbox \...
l.73 \end{table}
                
The control sequence at the end of the top line
of your error message was never \def'ed. If you have
misspelled it (e.g., `\hobx'), type `I' and the correct
spelling (e.g., `I\hbox'). Otherwise just continue,
and I'll forget about whatever was undefined.

! Missing number, treated as zero.
<to be read again> 
                   \global 
l.73 \end{table}
                
A number should have been here; I inserted `0'.
(If you can't figure out why I needed to see a number,
look up `weird error' in the index to The TeXbook.)

! Illegal unit of measure (pt inserted).
<to be read again> 
                   \global 
l.73 \end{table}
                
Dimensions can be in units of em, ex, in, pt, pc,
cm, mm, dd, cc, nd, nc, bp, or sp; but yours is a new one!
I'll assume that you meant to say pt, for printer's points.
To recover gracefully from this error, it's best to
delete the erroneous units; e.g., type `2' to delete
two letters. (See Chapter 27 of The TeXbook.)

! Undefined control sequence.
\@addmarginpar ...marbox \z@ \global \dp \@marbox 
                                                  \z@ \kern -\@pagedp \noint...
l.73 \end{table}
                
The control sequence at the end of the top line
of your error message was never \def'ed. If you have
misspelled it (e.g., `\hobx'), type `I' and the correct
spelling (e.g., `I\hbox'). Otherwise just continue,
and I'll forget about whatever was undefined.

! Missing number, treated as zero.
<to be read again> 
                   \kern 
l.73 \end{table}
                
A number should have been here; I inserted `0'.
(If you can't figure out why I needed to see a number,
look up `weird error' in the index to The TeXbook.)

! Illegal unit of measure (pt inserted).
<to be read again> 
                   \kern 
l.73 \end{table}
                
Dimensions can be in units of em, ex, in, pt, pc,
cm, mm, dd, cc, nd, nc, bp, or sp; but yours is a new one!
I'll assume that you meant to say pt, for printer's points.
To recover gracefully from this error, it's best to
delete the erroneous units; e.g., type `2' to delete
two letters. (See Chapter 27 of The TeXbook.)

! Undefined control sequence.
\@addmarginpar ...arginparwidth \fi \box \@marbox 
                                                  \hss }\nointerlineskip \hb...
l.73 \end{table}
                
The control sequence at the end of the top line
of your error message was never \def'ed. If you have
misspelled it (e.g., `\hobx'), type `I' and the correct
spelling (e.g., `I\hbox'). Otherwise just continue,
and I'll forget about whatever was undefined.

! Missing number, treated as zero.
<to be read again> 
                   \hss 
l.73 \end{table}
                
A number should have been here; I inserted `0'.
(If you can't figure out why I needed to see a number,
look up `weird error' in the index to The TeXbook.)


! LaTeX Error: Too many unprocessed floats.

See the LaTeX manual or LaTeX Companion for explanation.
Type  H <return>  for immediate help.
 ...                                              
                                                  
l.74 \begin{table}[H]
                     
You've lost some text.  Try typing  <return>  to proceed.
If that doesn't work, type  X <return>  to quit.

! Undefined control sequence.
\@float@Hx ...ltovf \fi \global \setbox \@currbox 
                                                  \color@vbox \normalcolor \...
l.74 \begin{table}[H]
                     
The control sequence at the end of the top line
of your error message was never \def'ed. If you have
misspelled it (e.g., `\hobx'), type `I' and the correct
spelling (e.g., `I\hbox'). Otherwise just continue,
and I'll forget about whatever was undefined.

! Missing number, treated as zero.
<to be read again> 
                   \vbox 
l.74 \begin{table}[H]
                     
A number should have been here; I inserted `0'.
(If you can't figure out why I needed to see a number,
look up `weird error' in the index to The TeXbook.)

! Undefined control sequence.
\@largefloatcheck ->\ifdim \ht \@currbox 
                                         >\textheight \@tempdima -\textheigh...
l.99 \end{table}
                
The control sequence at the end of the top line
of your error message was never \def'ed. If you have
misspelled it (e.g., `\hobx'), type `I' and the correct
spelling (e.g., `I\hbox'). Otherwise just continue,
and I'll forget about whatever was undefined.

! Missing number, treated as zero.
<to be read again> 
                   >
l.99 \end{table}
                
A number should have been here; I inserted `0'.
(If you can't figure out why I needed to see a number,
look up `weird error' in the index to The TeXbook.)

! Undefined control sequence.
<argument> \@currbox 
                     
l.99 \end{table}
                
The control sequence at the end of the top line
of your error message was never \def'ed. If you have
misspelled it (e.g., `\hobx'), type `I' and the correct
spelling (e.g., `I\hbox'). Otherwise just continue,
and I'll forget about whatever was undefined.

! Argument of \@xnext has an extra }.
<inserted text> 
                \par 
l.99 \end{table}
                
I've run across a `}' that doesn't seem to match anything.
For example, `\def\a#1{...}' and `\a}' would produce
this error. If you simply proceed now, the `\par' that
I've just inserted will cause me to report a runaway
argument that might be the root of the problem. But if
your `}' was spurious, just type `2' and it will go away.

Runaway argument?
\@currbox \@currlist \ifnum \count \@currbox >\z@ \advance \@pageht \@pagedp \ETC.
! Paragraph ended before \@xnext was complete.
<to be read again> 
                   \par 
l.99 \end{table}
                
I suspect you've forgotten a `}', causing me to apply this
control sequence to too much text. How can we recover?
My plan is to forget the whole thing and hope for the best.

! Extra \else.
\end@float ...pdima \penalty \@floatpenalty \else 
                                                  \vadjust {\penalty -\@Miv ...
l.99 \end{table}
                
I'm ignoring this; it doesn't match any \if.

! You can't use `\vadjust' in vertical mode.
\end@float ...nalty \@floatpenalty \else \vadjust 
                                                  {\penalty -\@Miv \vbox {}\...
l.99 \end{table}
                
Sorry, but I'm not programmed to handle this case;
I'll just pretend that you didn't ask for it.
If you're in the wrong mode, you might be able to
return to the right one by typing `I}' or `I$' or `I\par'.

! Argument of \@xnext has an extra }.
<inserted text> 
                \par 
l.99 \end{table}
                
I've run across a `}' that doesn't seem to match anything.
For example, `\def\a#1{...}' and `\a}' would produce
this error. If you simply proceed now, the `\par' that
I've just inserted will cause me to report a runaway
argument that might be the root of the problem. But if
your `}' was spurious, just type `2' and it will go away.

Runaway argument?
\@currbox \@currlist \ifnum \count \@currbox >\z@ \advance \@pageht \@pagedp \ETC.
! Paragraph ended before \@xnext was complete.
<to be read again> 
                   \par 
l.99 \end{table}
                
I suspect you've forgotten a `}', causing me to apply this
control sequence to too much text. How can we recover?
My plan is to forget the whole thing and hope for the best.

) (./results/large_model_informed_high_MNL/results_table.tex

! LaTeX Error: Too many unprocessed floats.

See the LaTeX manual or LaTeX Companion for explanation.
Type  H <return>  for immediate help.
 ...                                              
                                                  
l.1 \begin{table}[H]
                    
You've lost some text.  Try typing  <return>  to proceed.
If that doesn't work, type  X <return>  to quit.

! Undefined control sequence.
\@float@Hx ...ltovf \fi \global \setbox \@currbox 
                                                  \color@vbox \normalcolor \...
l.1 \begin{table}[H]
                    
The control sequence at the end of the top line
of your error message was never \def'ed. If you have
misspelled it (e.g., `\hobx'), type `I' and the correct
spelling (e.g., `I\hbox'). Otherwise just continue,
and I'll forget about whatever was undefined.

! Missing number, treated as zero.
<to be read again> 
                   \vbox 
l.1 \begin{table}[H]
                    
A number should have been here; I inserted `0'.
(If you can't figure out why I needed to see a number,
look up `weird error' in the index to The TeXbook.)

! Undefined control sequence.
\@largefloatcheck ->\ifdim \ht \@currbox 
                                         >\textheight \@tempdima -\textheigh...
l.21 \end{table}
                
The control sequence at the end of the top line
of your error message was never \def'ed. If you have
misspelled it (e.g., `\hobx'), type `I' and the correct
spelling (e.g., `I\hbox'). Otherwise just continue,
and I'll forget about whatever was undefined.

! Missing number, treated as zero.
<to be read again> 
                   >
l.21 \end{table}
                
A number should have been here; I inserted `0'.
(If you can't figure out why I needed to see a number,
look up `weird error' in the index to The TeXbook.)

! Undefined control sequence.
<argument> \@currbox 
                     
l.21 \end{table}
                
The control sequence at the end of the top line
of your error message was never \def'ed. If you have
misspelled it (e.g., `\hobx'), type `I' and the correct
spelling (e.g., `I\hbox'). Otherwise just continue,
and I'll forget about whatever was undefined.

! Missing number, treated as zero.
<to be read again> 
                   \@elt 
l.21 \end{table}
                
A number should have been here; I inserted `0'.
(If you can't figure out why I needed to see a number,
look up `weird error' in the index to The TeXbook.)

! Missing = inserted for \ifnum.
<to be read again> 
                   \@elt 
l.21 \end{table}
                
I was expecting to see `<', `=', or `>'. Didn't.

! Missing number, treated as zero.
<to be read again> 
                   \@elt 
l.21 \end{table}
                
A number should have been here; I inserted `0'.
(If you can't figure out why I needed to see a number,
look up `weird error' in the index to The TeXbook.)


! LaTeX Error: This may be a LaTeX bug.

See the LaTeX manual or LaTeX Companion for explanation.
Type  H <return>  for immediate help.
 ...                                              
                                                  
l.21 \end{table}
                
Call for help

! Undefined control sequence.
\@addmarginpar ...advance \@tempdima \ht \@marbox 
                                                  \ifdim \@tempdima >\z@ \@l...
l.21 \end{table}
                
The control sequence at the end of the top line
of your error message was never \def'ed. If you have
misspelled it (e.g., `\hobx'), type `I' and the correct
spelling (e.g., `I\hbox'). Otherwise just continue,
and I'll forget about whatever was undefined.

! Missing number, treated as zero.
<to be read again> 
                   \protect 
l.21 \end{table}
                
A number should have been here; I inserted `0'.
(If you can't figure out why I needed to see a number,
look up `weird error' in the index to The TeXbook.)


LaTeX Warning: Marginpar on page 10 moved.

! Undefined control sequence.
\@addmarginpar ...vance \@mparbottom \dp \@marbox 
                                                  \global \advance \@mparbot...
l.21 \end{table}
                
The control sequence at the end of the top line
of your error message was never \def'ed. If you have
misspelled it (e.g., `\hobx'), type `I' and the correct
spelling (e.g., `I\hbox'). Otherwise just continue,
and I'll forget about whatever was undefined.

! Missing number, treated as zero.
<to be read again> 
                   \global 
l.21 \end{table}
                
A number should have been here; I inserted `0'.
(If you can't figure out why I needed to see a number,
look up `weird error' in the index to The TeXbook.)

! Undefined control sequence.
\@addmarginpar ...dvance \@tempdima -\ht \@marbox 
                                                  \global \setbox \@marbox \...
l.21 \end{table}
                
The control sequence at the end of the top line
of your error message was never \def'ed. If you have
misspelled it (e.g., `\hobx'), type `I' and the correct
spelling (e.g., `I\hbox'). Otherwise just continue,
and I'll forget about whatever was undefined.

! Missing number, treated as zero.
<to be read again> 
                   \global 
l.21 \end{table}
                
A number should have been here; I inserted `0'.
(If you can't figure out why I needed to see a number,
look up `weird error' in the index to The TeXbook.)

! Undefined control sequence.
\@addmarginpar ...marbox \global \setbox \@marbox 
                                                  \vbox {\vskip \@tempdima \...
l.21 \end{table}
                
The control sequence at the end of the top line
of your error message was never \def'ed. If you have
misspelled it (e.g., `\hobx'), type `I' and the correct
spelling (e.g., `I\hbox'). Otherwise just continue,
and I'll forget about whatever was undefined.

! Missing number, treated as zero.
<to be read again> 
                   \vbox 
l.21 \end{table}
                
A number should have been here; I inserted `0'.
(If you can't figure out why I needed to see a number,
look up `weird error' in the index to The TeXbook.)

! Undefined control sequence.
\@addmarginpar ...\vskip \@tempdima \box \@marbox 
                                                  }\global \ht \@marbox \z@ ...
l.21 \end{table}
                
The control sequence at the end of the top line
of your error message was never \def'ed. If you have
misspelled it (e.g., `\hobx'), type `I' and the correct
spelling (e.g., `I\hbox'). Otherwise just continue,
and I'll forget about whatever was undefined.

! Missing number, treated as zero.
<to be read again> 
                   }
l.21 \end{table}
                
A number should have been here; I inserted `0'.
(If you can't figure out why I needed to see a number,
look up `weird error' in the index to The TeXbook.)

! Undefined control sequence.
\@addmarginpar ... \@marbox }\global \ht \@marbox 
                                                  \z@ \global \dp \@marbox \...
l.21 \end{table}
                
The control sequence at the end of the top line
of your error message was never \def'ed. If you have
misspelled it (e.g., `\hobx'), type `I' and the correct
spelling (e.g., `I\hbox'). Otherwise just continue,
and I'll forget about whatever was undefined.

! Missing number, treated as zero.
<to be read again> 
                   \global 
l.21 \end{table}
                
A number should have been here; I inserted `0'.
(If you can't figure out why I needed to see a number,
look up `weird error' in the index to The TeXbook.)

! Illegal unit of measure (pt inserted).
<to be read again> 
                   \global 
l.21 \end{table}
                
Dimensions can be in units of em, ex, in, pt, pc,
cm, mm, dd, cc, nd, nc, bp, or sp; but yours is a new one!
I'll assume that you meant to say pt, for printer's points.
To recover gracefully from this error, it's best to
delete the erroneous units; e.g., type `2' to delete
two letters. (See Chapter 27 of The TeXbook.)

! Undefined control sequence.
\@addmarginpar ...marbox \z@ \global \dp \@marbox 
                                                  \z@ \kern -\@pagedp \noint...
l.21 \end{table}
                
The control sequence at the end of the top line
of your error message was never \def'ed. If you have
misspelled it (e.g., `\hobx'), type `I' and the correct
spelling (e.g., `I\hbox'). Otherwise just continue,
and I'll forget about whatever was undefined.

! Missing number, treated as zero.
<to be read again> 
                   \kern 
l.21 \end{table}
                
A number should have been here; I inserted `0'.
(If you can't figure out why I needed to see a number,
look up `weird error' in the index to The TeXbook.)

! Illegal unit of measure (pt inserted).
<to be read again> 
                   \kern 
l.21 \end{table}
                
Dimensions can be in units of em, ex, in, pt, pc,
cm, mm, dd, cc, nd, nc, bp, or sp; but yours is a new one!
I'll assume that you meant to say pt, for printer's points.
To recover gracefully from this error, it's best to
delete the erroneous units; e.g., type `2' to delete
two letters. (See Chapter 27 of The TeXbook.)

! Undefined control sequence.
\@addmarginpar ...arginparwidth \fi \box \@marbox 
                                                  \hss }\nointerlineskip \hb...
l.21 \end{table}
                
The control sequence at the end of the top line
of your error message was never \def'ed. If you have
misspelled it (e.g., `\hobx'), type `I' and the correct
spelling (e.g., `I\hbox'). Otherwise just continue,
and I'll forget about whatever was undefined.

! Missing number, treated as zero.
<to be read again> 
                   \hss 
l.21 \end{table}
                
A number should have been here; I inserted `0'.
(If you can't figure out why I needed to see a number,
look up `weird error' in the index to The TeXbook.)


! LaTeX Error: Too many unprocessed floats.

See the LaTeX manual or LaTeX Companion for explanation.
Type  H <return>  for immediate help.
 ...                                              
                                                  
l.22 \begin{table}[H]
                     
You've lost some text.  Try typing  <return>  to proceed.
If that doesn't work, type  X <return>  to quit.

! Undefined control sequence.
\@float@Hx ...ltovf \fi \global \setbox \@currbox 
                                                  \color@vbox \normalcolor \...
l.22 \begin{table}[H]
                     
The control sequence at the end of the top line
of your error message was never \def'ed. If you have
misspelled it (e.g., `\hobx'), type `I' and the correct
spelling (e.g., `I\hbox'). Otherwise just continue,
and I'll forget about whatever was undefined.

! Missing number, treated as zero.
<to be read again> 
                   \vbox 
l.22 \begin{table}[H]
                     
A number should have been here; I inserted `0'.
(If you can't figure out why I needed to see a number,
look up `weird error' in the index to The TeXbook.)

! Undefined control sequence.
\@largefloatcheck ->\ifdim \ht \@currbox 
                                         >\textheight \@tempdima -\textheigh...
l.47 \end{table}
                
The control sequence at the end of the top line
of your error message was never \def'ed. If you have
misspelled it (e.g., `\hobx'), type `I' and the correct
spelling (e.g., `I\hbox'). Otherwise just continue,
and I'll forget about whatever was undefined.

! Missing number, treated as zero.
<to be read again> 
                   >
l.47 \end{table}
                
A number should have been here; I inserted `0'.
(If you can't figure out why I needed to see a number,
look up `weird error' in the index to The TeXbook.)

! Undefined control sequence.
<argument> \@currbox 
                     
l.47 \end{table}
                
The control sequence at the end of the top line
of your error message was never \def'ed. If you have
misspelled it (e.g., `\hobx'), type `I' and the correct
spelling (e.g., `I\hbox'). Otherwise just continue,
and I'll forget about whatever was undefined.

! Argument of \@xnext has an extra }.
<inserted text> 
                \par 
l.47 \end{table}
                
I've run across a `}' that doesn't seem to match anything.
For example, `\def\a#1{...}' and `\a}' would produce
this error. If you simply proceed now, the `\par' that
I've just inserted will cause me to report a runaway
argument that might be the root of the problem. But if
your `}' was spurious, just type `2' and it will go away.

Runaway argument?
\@currbox \@currlist \ifnum \count \@currbox >\z@ \advance \@pageht \@pagedp \ETC.
! Paragraph ended before \@xnext was complete.
<to be read again> 
                   \par 
l.47 \end{table}
                
I suspect you've forgotten a `}', causing me to apply this
control sequence to too much text. How can we recover?
My plan is to forget the whole thing and hope for the best.

! Extra \else.
\end@float ...pdima \penalty \@floatpenalty \else 
                                                  \vadjust {\penalty -\@Miv ...
l.47 \end{table}
                
I'm ignoring this; it doesn't match any \if.

! You can't use `\vadjust' in vertical mode.
\end@float ...nalty \@floatpenalty \else \vadjust 
                                                  {\penalty -\@Miv \vbox {}\...
l.47 \end{table}
                
Sorry, but I'm not programmed to handle this case;
I'll just pretend that you didn't ask for it.
If you're in the wrong mode, you might be able to
return to the right one by typing `I}' or `I$' or `I\par'.

! Argument of \@xnext has an extra }.
<inserted text> 
                \par 
l.47 \end{table}
                
I've run across a `}' that doesn't seem to match anything.
For example, `\def\a#1{...}' and `\a}' would produce
this error. If you simply proceed now, the `\par' that
I've just inserted will cause me to report a runaway
argument that might be the root of the problem. But if
your `}' was spurious, just type `2' and it will go away.

Runaway argument?
\@currbox \@currlist \ifnum \count \@currbox >\z@ \advance \@pageht \@pagedp \ETC.
! Paragraph ended before \@xnext was complete.
<to be read again> 
                   \par 
l.47 \end{table}
                
I suspect you've forgotten a `}', causing me to apply this
control sequence to too much text. How can we recover?
My plan is to forget the whole thing and hope for the best.


! LaTeX Error: Too many unprocessed floats.

See the LaTeX manual or LaTeX Companion for explanation.
Type  H <return>  for immediate help.
 ...                                              
                                                  
l.48 \begin{table}[H]
                     
You've lost some text.  Try typing  <return>  to proceed.
If that doesn't work, type  X <return>  to quit.

! Undefined control sequence.
\@float@Hx ...ltovf \fi \global \setbox \@currbox 
                                                  \color@vbox \normalcolor \...
l.48 \begin{table}[H]
                     
The control sequence at the end of the top line
of your error message was never \def'ed. If you have
misspelled it (e.g., `\hobx'), type `I' and the correct
spelling (e.g., `I\hbox'). Otherwise just continue,
and I'll forget about whatever was undefined.

! Missing number, treated as zero.
<to be read again> 
                   \vbox 
l.48 \begin{table}[H]
                     
A number should have been here; I inserted `0'.
(If you can't figure out why I needed to see a number,
look up `weird error' in the index to The TeXbook.)

! Undefined control sequence.
\@largefloatcheck ->\ifdim \ht \@currbox 
                                         >\textheight \@tempdima -\textheigh...
l.73 \end{table}
                
The control sequence at the end of the top line
of your error message was never \def'ed. If you have
misspelled it (e.g., `\hobx'), type `I' and the correct
spelling (e.g., `I\hbox'). Otherwise just continue,
and I'll forget about whatever was undefined.

! Missing number, treated as zero.
<to be read again> 
                   >
l.73 \end{table}
                
A number should have been here; I inserted `0'.
(If you can't figure out why I needed to see a number,
look up `weird error' in the index to The TeXbook.)

! Undefined control sequence.
<argument> \@currbox 
                     
l.73 \end{table}
                
The control sequence at the end of the top line
of your error message was never \def'ed. If you have
misspelled it (e.g., `\hobx'), type `I' and the correct
spelling (e.g., `I\hbox'). Otherwise just continue,
and I'll forget about whatever was undefined.

! Missing number, treated as zero.
<to be read again> 
                   \@elt 
l.73 \end{table}
                
A number should have been here; I inserted `0'.
(If you can't figure out why I needed to see a number,
look up `weird error' in the index to The TeXbook.)

! Missing = inserted for \ifnum.
<to be read again> 
                   \@elt 
l.73 \end{table}
                
I was expecting to see `<', `=', or `>'. Didn't.

! Missing number, treated as zero.
<to be read again> 
                   \@elt 
l.73 \end{table}
                
A number should have been here; I inserted `0'.
(If you can't figure out why I needed to see a number,
look up `weird error' in the index to The TeXbook.)


! LaTeX Error: This may be a LaTeX bug.

See the LaTeX manual or LaTeX Companion for explanation.
Type  H <return>  for immediate help.
 ...                                              
                                                  
l.73 \end{table}
                
Call for help

! Undefined control sequence.
\@addmarginpar ...advance \@tempdima \ht \@marbox 
                                                  \ifdim \@tempdima >\z@ \@l...
l.73 \end{table}
                
The control sequence at the end of the top line
of your error message was never \def'ed. If you have
misspelled it (e.g., `\hobx'), type `I' and the correct
spelling (e.g., `I\hbox'). Otherwise just continue,
and I'll forget about whatever was undefined.

! Missing number, treated as zero.
<to be read again> 
                   \protect 
l.73 \end{table}
                
A number should have been here; I inserted `0'.
(If you can't figure out why I needed to see a number,
look up `weird error' in the index to The TeXbook.)


LaTeX Warning: Marginpar on page 10 moved.

! Undefined control sequence.
\@addmarginpar ...vance \@mparbottom \dp \@marbox 
                                                  \global \advance \@mparbot...
l.73 \end{table}
                
The control sequence at the end of the top line
of your error message was never \def'ed. If you have
misspelled it (e.g., `\hobx'), type `I' and the correct
spelling (e.g., `I\hbox'). Otherwise just continue,
and I'll forget about whatever was undefined.

! Missing number, treated as zero.
<to be read again> 
                   \global 
l.73 \end{table}
                
A number should have been here; I inserted `0'.
(If you can't figure out why I needed to see a number,
look up `weird error' in the index to The TeXbook.)

! Undefined control sequence.
\@addmarginpar ...dvance \@tempdima -\ht \@marbox 
                                                  \global \setbox \@marbox \...
l.73 \end{table}
                
The control sequence at the end of the top line
of your error message was never \def'ed. If you have
misspelled it (e.g., `\hobx'), type `I' and the correct
spelling (e.g., `I\hbox'). Otherwise just continue,
and I'll forget about whatever was undefined.

! Missing number, treated as zero.
<to be read again> 
                   \global 
l.73 \end{table}
                
A number should have been here; I inserted `0'.
(If you can't figure out why I needed to see a number,
look up `weird error' in the index to The TeXbook.)

! Undefined control sequence.
\@addmarginpar ...marbox \global \setbox \@marbox 
                                                  \vbox {\vskip \@tempdima \...
l.73 \end{table}
                
The control sequence at the end of the top line
of your error message was never \def'ed. If you have
misspelled it (e.g., `\hobx'), type `I' and the correct
spelling (e.g., `I\hbox'). Otherwise just continue,
and I'll forget about whatever was undefined.

! Missing number, treated as zero.
<to be read again> 
                   \vbox 
l.73 \end{table}
                
A number should have been here; I inserted `0'.
(If you can't figure out why I needed to see a number,
look up `weird error' in the index to The TeXbook.)

! Undefined control sequence.
\@addmarginpar ...\vskip \@tempdima \box \@marbox 
                                                  }\global \ht \@marbox \z@ ...
l.73 \end{table}
                
The control sequence at the end of the top line
of your error message was never \def'ed. If you have
misspelled it (e.g., `\hobx'), type `I' and the correct
spelling (e.g., `I\hbox'). Otherwise just continue,
and I'll forget about whatever was undefined.

! Missing number, treated as zero.
<to be read again> 
                   }
l.73 \end{table}
                
A number should have been here; I inserted `0'.
(If you can't figure out why I needed to see a number,
look up `weird error' in the index to The TeXbook.)

! Undefined control sequence.
\@addmarginpar ... \@marbox }\global \ht \@marbox 
                                                  \z@ \global \dp \@marbox \...
l.73 \end{table}
                
The control sequence at the end of the top line
of your error message was never \def'ed. If you have
misspelled it (e.g., `\hobx'), type `I' and the correct
spelling (e.g., `I\hbox'). Otherwise just continue,
and I'll forget about whatever was undefined.

! Missing number, treated as zero.
<to be read again> 
                   \global 
l.73 \end{table}
                
A number should have been here; I inserted `0'.
(If you can't figure out why I needed to see a number,
look up `weird error' in the index to The TeXbook.)

! Illegal unit of measure (pt inserted).
<to be read again> 
                   \global 
l.73 \end{table}
                
Dimensions can be in units of em, ex, in, pt, pc,
cm, mm, dd, cc, nd, nc, bp, or sp; but yours is a new one!
I'll assume that you meant to say pt, for printer's points.
To recover gracefully from this error, it's best to
delete the erroneous units; e.g., type `2' to delete
two letters. (See Chapter 27 of The TeXbook.)

! Undefined control sequence.
\@addmarginpar ...marbox \z@ \global \dp \@marbox 
                                                  \z@ \kern -\@pagedp \noint...
l.73 \end{table}
                
The control sequence at the end of the top line
of your error message was never \def'ed. If you have
misspelled it (e.g., `\hobx'), type `I' and the correct
spelling (e.g., `I\hbox'). Otherwise just continue,
and I'll forget about whatever was undefined.

! Missing number, treated as zero.
<to be read again> 
                   \kern 
l.73 \end{table}
                
A number should have been here; I inserted `0'.
(If you can't figure out why I needed to see a number,
look up `weird error' in the index to The TeXbook.)

! Illegal unit of measure (pt inserted).
<to be read again> 
                   \kern 
l.73 \end{table}
                
Dimensions can be in units of em, ex, in, pt, pc,
cm, mm, dd, cc, nd, nc, bp, or sp; but yours is a new one!
I'll assume that you meant to say pt, for printer's points.
To recover gracefully from this error, it's best to
delete the erroneous units; e.g., type `2' to delete
two letters. (See Chapter 27 of The TeXbook.)

! Undefined control sequence.
\@addmarginpar ...arginparwidth \fi \box \@marbox 
                                                  \hss }\nointerlineskip \hb...
l.73 \end{table}
                
The control sequence at the end of the top line
of your error message was never \def'ed. If you have
misspelled it (e.g., `\hobx'), type `I' and the correct
spelling (e.g., `I\hbox'). Otherwise just continue,
and I'll forget about whatever was undefined.

! Missing number, treated as zero.
<to be read again> 
                   \hss 
l.73 \end{table}
                
A number should have been here; I inserted `0'.
(If you can't figure out why I needed to see a number,
look up `weird error' in the index to The TeXbook.)


! LaTeX Error: Too many unprocessed floats.

See the LaTeX manual or LaTeX Companion for explanation.
Type  H <return>  for immediate help.
 ...                                              
                                                  
l.74 \begin{table}[H]
                     
You've lost some text.  Try typing  <return>  to proceed.
If that doesn't work, type  X <return>  to quit.

! Undefined control sequence.
\@float@Hx ...ltovf \fi \global \setbox \@currbox 
                                                  \color@vbox \normalcolor \...
l.74 \begin{table}[H]
                     
The control sequence at the end of the top line
of your error message was never \def'ed. If you have
misspelled it (e.g., `\hobx'), type `I' and the correct
spelling (e.g., `I\hbox'). Otherwise just continue,
and I'll forget about whatever was undefined.

! Missing number, treated as zero.
<to be read again> 
                   \vbox 
l.74 \begin{table}[H]
                     
A number should have been here; I inserted `0'.
(If you can't figure out why I needed to see a number,
look up `weird error' in the index to The TeXbook.)

! Undefined control sequence.
\@largefloatcheck ->\ifdim \ht \@currbox 
                                         >\textheight \@tempdima -\textheigh...
l.99 \end{table}
                
The control sequence at the end of the top line
of your error message was never \def'ed. If you have
misspelled it (e.g., `\hobx'), type `I' and the correct
spelling (e.g., `I\hbox'). Otherwise just continue,
and I'll forget about whatever was undefined.

! Missing number, treated as zero.
<to be read again> 
                   >
l.99 \end{table}
                
A number should have been here; I inserted `0'.
(If you can't figure out why I needed to see a number,
look up `weird error' in the index to The TeXbook.)

! Undefined control sequence.
<argument> \@currbox 
                     
l.99 \end{table}
                
The control sequence at the end of the top line
of your error message was never \def'ed. If you have
misspelled it (e.g., `\hobx'), type `I' and the correct
spelling (e.g., `I\hbox'). Otherwise just continue,
and I'll forget about whatever was undefined.

! Argument of \@xnext has an extra }.
<inserted text> 
                \par 
l.99 \end{table}
                
I've run across a `}' that doesn't seem to match anything.
For example, `\def\a#1{...}' and `\a}' would produce
this error. If you simply proceed now, the `\par' that
I've just inserted will cause me to report a runaway
argument that might be the root of the problem. But if
your `}' was spurious, just type `2' and it will go away.

Runaway argument?
\@currbox \@currlist \ifnum \count \@currbox >\z@ \advance \@pageht \@pagedp \ETC.
! Paragraph ended before \@xnext was complete.
<to be read again> 
                   \par 
l.99 \end{table}
                
I suspect you've forgotten a `}', causing me to apply this
control sequence to too much text. How can we recover?
My plan is to forget the whole thing and hope for the best.

! Extra \else.
\end@float ...pdima \penalty \@floatpenalty \else 
                                                  \vadjust {\penalty -\@Miv ...
l.99 \end{table}
                
I'm ignoring this; it doesn't match any \if.

! You can't use `\vadjust' in vertical mode.
\end@float ...nalty \@floatpenalty \else \vadjust 
                                                  {\penalty -\@Miv \vbox {}\...
l.99 \end{table}
                
Sorry, but I'm not programmed to handle this case;
I'll just pretend that you didn't ask for it.
If you're in the wrong mode, you might be able to
return to the right one by typing `I}' or `I$' or `I\par'.

! Argument of \@xnext has an extra }.
<inserted text> 
                \par 
l.99 \end{table}
                
I've run across a `}' that doesn't seem to match anything.
For example, `\def\a#1{...}' and `\a}' would produce
this error. If you simply proceed now, the `\par' that
I've just inserted will cause me to report a runaway
argument that might be the root of the problem. But if
your `}' was spurious, just type `2' and it will go away.

Runaway argument?
\@currbox \@currlist \ifnum \count \@currbox >\z@ \advance \@pageht \@pagedp \ETC.
! Paragraph ended before \@xnext was complete.
<to be read again> 
                   \par 
l.99 \end{table}
                
I suspect you've forgotten a `}', causing me to apply this
control sequence to too much text. How can we recover?
My plan is to forget the whole thing and hope for the best.

) (./results/large_classical_low_MMNL_2PT/results_table.tex

! LaTeX Error: Too many unprocessed floats.

See the LaTeX manual or LaTeX Companion for explanation.
Type  H <return>  for immediate help.
 ...                                              
                                                  
l.1 \begin{table}[H]
                    
You've lost some text.  Try typing  <return>  to proceed.
If that doesn't work, type  X <return>  to quit.

! Undefined control sequence.
\@float@Hx ...ltovf \fi \global \setbox \@currbox 
                                                  \color@vbox \normalcolor \...
l.1 \begin{table}[H]
                    
The control sequence at the end of the top line
of your error message was never \def'ed. If you have
misspelled it (e.g., `\hobx'), type `I' and the correct
spelling (e.g., `I\hbox'). Otherwise just continue,
and I'll forget about whatever was undefined.

! Missing number, treated as zero.
<to be read again> 
                   \vbox 
l.1 \begin{table}[H]
                    
A number should have been here; I inserted `0'.
(If you can't figure out why I needed to see a number,
look up `weird error' in the index to The TeXbook.)

! Undefined control sequence.
\@largefloatcheck ->\ifdim \ht \@currbox 
                                         >\textheight \@tempdima -\textheigh...
l.21 \end{table}
                
The control sequence at the end of the top line
of your error message was never \def'ed. If you have
misspelled it (e.g., `\hobx'), type `I' and the correct
spelling (e.g., `I\hbox'). Otherwise just continue,
and I'll forget about whatever was undefined.

! Missing number, treated as zero.
<to be read again> 
                   >
l.21 \end{table}
                
A number should have been here; I inserted `0'.
(If you can't figure out why I needed to see a number,
look up `weird error' in the index to The TeXbook.)

! Undefined control sequence.
<argument> \@currbox 
                     
l.21 \end{table}
                
The control sequence at the end of the top line
of your error message was never \def'ed. If you have
misspelled it (e.g., `\hobx'), type `I' and the correct
spelling (e.g., `I\hbox'). Otherwise just continue,
and I'll forget about whatever was undefined.

! Missing number, treated as zero.
<to be read again> 
                   \@elt 
l.21 \end{table}
                
A number should have been here; I inserted `0'.
(If you can't figure out why I needed to see a number,
look up `weird error' in the index to The TeXbook.)

! Missing = inserted for \ifnum.
<to be read again> 
                   \@elt 
l.21 \end{table}
                
I was expecting to see `<', `=', or `>'. Didn't.

! Missing number, treated as zero.
<to be read again> 
                   \@elt 
l.21 \end{table}
                
A number should have been here; I inserted `0'.
(If you can't figure out why I needed to see a number,
look up `weird error' in the index to The TeXbook.)


! LaTeX Error: This may be a LaTeX bug.

See the LaTeX manual or LaTeX Companion for explanation.
Type  H <return>  for immediate help.
 ...                                              
                                                  
l.21 \end{table}
                
Call for help

! Undefined control sequence.
\@addmarginpar ...advance \@tempdima \ht \@marbox 
                                                  \ifdim \@tempdima >\z@ \@l...
l.21 \end{table}
                
The control sequence at the end of the top line
of your error message was never \def'ed. If you have
misspelled it (e.g., `\hobx'), type `I' and the correct
spelling (e.g., `I\hbox'). Otherwise just continue,
and I'll forget about whatever was undefined.

! Missing number, treated as zero.
<to be read again> 
                   \protect 
l.21 \end{table}
                
A number should have been here; I inserted `0'.
(If you can't figure out why I needed to see a number,
look up `weird error' in the index to The TeXbook.)


LaTeX Warning: Marginpar on page 10 moved.

! Undefined control sequence.
\@addmarginpar ...vance \@mparbottom \dp \@marbox 
                                                  \global \advance \@mparbot...
l.21 \end{table}
                
The control sequence at the end of the top line
of your error message was never \def'ed. If you have
misspelled it (e.g., `\hobx'), type `I' and the correct
spelling (e.g., `I\hbox'). Otherwise just continue,
and I'll forget about whatever was undefined.

! Missing number, treated as zero.
<to be read again> 
                   \global 
l.21 \end{table}
                
A number should have been here; I inserted `0'.
(If you can't figure out why I needed to see a number,
look up `weird error' in the index to The TeXbook.)

! Undefined control sequence.
\@addmarginpar ...dvance \@tempdima -\ht \@marbox 
                                                  \global \setbox \@marbox \...
l.21 \end{table}
                
The control sequence at the end of the top line
of your error message was never \def'ed. If you have
misspelled it (e.g., `\hobx'), type `I' and the correct
spelling (e.g., `I\hbox'). Otherwise just continue,
and I'll forget about whatever was undefined.

! Missing number, treated as zero.
<to be read again> 
                   \global 
l.21 \end{table}
                
A number should have been here; I inserted `0'.
(If you can't figure out why I needed to see a number,
look up `weird error' in the index to The TeXbook.)

! Undefined control sequence.
\@addmarginpar ...marbox \global \setbox \@marbox 
                                                  \vbox {\vskip \@tempdima \...
l.21 \end{table}
                
The control sequence at the end of the top line
of your error message was never \def'ed. If you have
misspelled it (e.g., `\hobx'), type `I' and the correct
spelling (e.g., `I\hbox'). Otherwise just continue,
and I'll forget about whatever was undefined.

! Missing number, treated as zero.
<to be read again> 
                   \vbox 
l.21 \end{table}
                
A number should have been here; I inserted `0'.
(If you can't figure out why I needed to see a number,
look up `weird error' in the index to The TeXbook.)

! Undefined control sequence.
\@addmarginpar ...\vskip \@tempdima \box \@marbox 
                                                  }\global \ht \@marbox \z@ ...
l.21 \end{table}
                
The control sequence at the end of the top line
of your error message was never \def'ed. If you have
misspelled it (e.g., `\hobx'), type `I' and the correct
spelling (e.g., `I\hbox'). Otherwise just continue,
and I'll forget about whatever was undefined.

! Missing number, treated as zero.
<to be read again> 
                   }
l.21 \end{table}
                
A number should have been here; I inserted `0'.
(If you can't figure out why I needed to see a number,
look up `weird error' in the index to The TeXbook.)

! Undefined control sequence.
\@addmarginpar ... \@marbox }\global \ht \@marbox 
                                                  \z@ \global \dp \@marbox \...
l.21 \end{table}
                
The control sequence at the end of the top line
of your error message was never \def'ed. If you have
misspelled it (e.g., `\hobx'), type `I' and the correct
spelling (e.g., `I\hbox'). Otherwise just continue,
and I'll forget about whatever was undefined.

! Missing number, treated as zero.
<to be read again> 
                   \global 
l.21 \end{table}
                
A number should have been here; I inserted `0'.
(If you can't figure out why I needed to see a number,
look up `weird error' in the index to The TeXbook.)

! Illegal unit of measure (pt inserted).
<to be read again> 
                   \global 
l.21 \end{table}
                
Dimensions can be in units of em, ex, in, pt, pc,
cm, mm, dd, cc, nd, nc, bp, or sp; but yours is a new one!
I'll assume that you meant to say pt, for printer's points.
To recover gracefully from this error, it's best to
delete the erroneous units; e.g., type `2' to delete
two letters. (See Chapter 27 of The TeXbook.)

! Undefined control sequence.
\@addmarginpar ...marbox \z@ \global \dp \@marbox 
                                                  \z@ \kern -\@pagedp \noint...
l.21 \end{table}
                
The control sequence at the end of the top line
of your error message was never \def'ed. If you have
misspelled it (e.g., `\hobx'), type `I' and the correct
spelling (e.g., `I\hbox'). Otherwise just continue,
and I'll forget about whatever was undefined.

! Missing number, treated as zero.
<to be read again> 
                   \kern 
l.21 \end{table}
                
A number should have been here; I inserted `0'.
(If you can't figure out why I needed to see a number,
look up `weird error' in the index to The TeXbook.)

! Illegal unit of measure (pt inserted).
<to be read again> 
                   \kern 
l.21 \end{table}
                
Dimensions can be in units of em, ex, in, pt, pc,
cm, mm, dd, cc, nd, nc, bp, or sp; but yours is a new one!
I'll assume that you meant to say pt, for printer's points.
To recover gracefully from this error, it's best to
delete the erroneous units; e.g., type `2' to delete
two letters. (See Chapter 27 of The TeXbook.)

! Undefined control sequence.
\@addmarginpar ...arginparwidth \fi \box \@marbox 
                                                  \hss }\nointerlineskip \hb...
l.21 \end{table}
                
The control sequence at the end of the top line
of your error message was never \def'ed. If you have
misspelled it (e.g., `\hobx'), type `I' and the correct
spelling (e.g., `I\hbox'). Otherwise just continue,
and I'll forget about whatever was undefined.

! Missing number, treated as zero.
<to be read again> 
                   \hss 
l.21 \end{table}
                
A number should have been here; I inserted `0'.
(If you can't figure out why I needed to see a number,
look up `weird error' in the index to The TeXbook.)



[10
pdfTeX warning (ext4): destination with the same identifier (name{table.7}) has been already used, duplicate ignored
<argument> ...shipout:D \box_use:N \l_shipout_box 
                                                  \__shipout_drop_firstpage_...
l.21 \end{table}
                
pdfTeX warning (ext4): destination with the same identifier (name{table.8}) has been already used, duplicate ignored
<argument> ...shipout:D \box_use:N \l_shipout_box 
                                                  \__shipout_drop_firstpage_...
l.21 \end{table}
                
pdfTeX warning (ext4): destination with the same identifier (name{table.111}) has been already used, duplicate ignored
<argument> ...shipout:D \box_use:N \l_shipout_box 
                                                  \__shipout_drop_firstpage_...
l.21 \end{table}
                
pdfTeX warning (ext4): destination with the same identifier (name{table.114}) has been already used, duplicate ignored
<argument> ...shipout:D \box_use:N \l_shipout_box 
                                                  \__shipout_drop_firstpage_...
l.21 \end{table}
                ]) (./results/large_classical_high_MMNL_2PT/results_table.tex) (./results/large_model_informed_low_MMNL_2PT/results_table.tex

! LaTeX Error: Too many unprocessed floats.

See the LaTeX manual or LaTeX Companion for explanation.
Type  H <return>  for immediate help.
 ...                                              
                                                  
l.22 \begin{table}[H]
                     
You've lost some text.  Try typing  <return>  to proceed.
If that doesn't work, type  X <return>  to quit.

! Undefined control sequence.
\@float@Hx ...ltovf \fi \global \setbox \@currbox 
                                                  \color@vbox \normalcolor \...
l.22 \begin{table}[H]
                     
The control sequence at the end of the top line
of your error message was never \def'ed. If you have
misspelled it (e.g., `\hobx'), type `I' and the correct
spelling (e.g., `I\hbox'). Otherwise just continue,
and I'll forget about whatever was undefined.

! Missing number, treated as zero.
<to be read again> 
                   \vbox 
l.22 \begin{table}[H]
                     
A number should have been here; I inserted `0'.
(If you can't figure out why I needed to see a number,
look up `weird error' in the index to The TeXbook.)

! Undefined control sequence.
\@largefloatcheck ->\ifdim \ht \@currbox 
                                         >\textheight \@tempdima -\textheigh...
l.47 \end{table}
                
The control sequence at the end of the top line
of your error message was never \def'ed. If you have
misspelled it (e.g., `\hobx'), type `I' and the correct
spelling (e.g., `I\hbox'). Otherwise just continue,
and I'll forget about whatever was undefined.

! Missing number, treated as zero.
<to be read again> 
                   >
l.47 \end{table}
                
A number should have been here; I inserted `0'.
(If you can't figure out why I needed to see a number,
look up `weird error' in the index to The TeXbook.)

! Undefined control sequence.
<argument> \@currbox 
                     
l.47 \end{table}
                
The control sequence at the end of the top line
of your error message was never \def'ed. If you have
misspelled it (e.g., `\hobx'), type `I' and the correct
spelling (e.g., `I\hbox'). Otherwise just continue,
and I'll forget about whatever was undefined.

! Argument of \@xnext has an extra }.
<inserted text> 
                \par 
l.47 \end{table}
                
I've run across a `}' that doesn't seem to match anything.
For example, `\def\a#1{...}' and `\a}' would produce
this error. If you simply proceed now, the `\par' that
I've just inserted will cause me to report a runaway
argument that might be the root of the problem. But if
your `}' was spurious, just type `2' and it will go away.

Runaway argument?
\@currbox \@currlist \ifnum \count \@currbox >\z@ \advance \@pageht \@pagedp \ETC.
! Paragraph ended before \@xnext was complete.
<to be read again> 
                   \par 
l.47 \end{table}
                
I suspect you've forgotten a `}', causing me to apply this
control sequence to too much text. How can we recover?
My plan is to forget the whole thing and hope for the best.

! Extra \else.
\end@float ...pdima \penalty \@floatpenalty \else 
                                                  \vadjust {\penalty -\@Miv ...
l.47 \end{table}
                
I'm ignoring this; it doesn't match any \if.

! You can't use `\vadjust' in vertical mode.
\end@float ...nalty \@floatpenalty \else \vadjust 
                                                  {\penalty -\@Miv \vbox {}\...
l.47 \end{table}
                
Sorry, but I'm not programmed to handle this case;
I'll just pretend that you didn't ask for it.
If you're in the wrong mode, you might be able to
return to the right one by typing `I}' or `I$' or `I\par'.

! Argument of \@xnext has an extra }.
<inserted text> 
                \par 
l.47 \end{table}
                
I've run across a `}' that doesn't seem to match anything.
For example, `\def\a#1{...}' and `\a}' would produce
this error. If you simply proceed now, the `\par' that
I've just inserted will cause me to report a runaway
argument that might be the root of the problem. But if
your `}' was spurious, just type `2' and it will go away.

Runaway argument?
\@currbox \@currlist \ifnum \count \@currbox >\z@ \advance \@pageht \@pagedp \ETC.
! Paragraph ended before \@xnext was complete.
<to be read again> 
                   \par 
l.47 \end{table}
                
I suspect you've forgotten a `}', causing me to apply this
control sequence to too much text. How can we recover?
My plan is to forget the whole thing and hope for the best.


! LaTeX Error: Too many unprocessed floats.

See the LaTeX manual or LaTeX Companion for explanation.
Type  H <return>  for immediate help.
 ...                                              
                                                  
l.48 \begin{table}[H]
                     
You've lost some text.  Try typing  <return>  to proceed.
If that doesn't work, type  X <return>  to quit.

! Undefined control sequence.
\@float@Hx ...ltovf \fi \global \setbox \@currbox 
                                                  \color@vbox \normalcolor \...
l.48 \begin{table}[H]
                     
The control sequence at the end of the top line
of your error message was never \def'ed. If you have
misspelled it (e.g., `\hobx'), type `I' and the correct
spelling (e.g., `I\hbox'). Otherwise just continue,
and I'll forget about whatever was undefined.

! Missing number, treated as zero.
<to be read again> 
                   \vbox 
l.48 \begin{table}[H]
                     
A number should have been here; I inserted `0'.
(If you can't figure out why I needed to see a number,
look up `weird error' in the index to The TeXbook.)

! Undefined control sequence.
\@largefloatcheck ->\ifdim \ht \@currbox 
                                         >\textheight \@tempdima -\textheigh...
l.73 \end{table}
                
The control sequence at the end of the top line
of your error message was never \def'ed. If you have
misspelled it (e.g., `\hobx'), type `I' and the correct
spelling (e.g., `I\hbox'). Otherwise just continue,
and I'll forget about whatever was undefined.

! Missing number, treated as zero.
<to be read again> 
                   >
l.73 \end{table}
                
A number should have been here; I inserted `0'.
(If you can't figure out why I needed to see a number,
look up `weird error' in the index to The TeXbook.)

! Undefined control sequence.
<argument> \@currbox 
                     
l.73 \end{table}
                
The control sequence at the end of the top line
of your error message was never \def'ed. If you have
misspelled it (e.g., `\hobx'), type `I' and the correct
spelling (e.g., `I\hbox'). Otherwise just continue,
and I'll forget about whatever was undefined.

! Missing number, treated as zero.
<to be read again> 
                   \@elt 
l.73 \end{table}
                
A number should have been here; I inserted `0'.
(If you can't figure out why I needed to see a number,
look up `weird error' in the index to The TeXbook.)

! Missing = inserted for \ifnum.
<to be read again> 
                   \@elt 
l.73 \end{table}
                
I was expecting to see `<', `=', or `>'. Didn't.

! Missing number, treated as zero.
<to be read again> 
                   \@elt 
l.73 \end{table}
                
A number should have been here; I inserted `0'.
(If you can't figure out why I needed to see a number,
look up `weird error' in the index to The TeXbook.)


! LaTeX Error: This may be a LaTeX bug.

See the LaTeX manual or LaTeX Companion for explanation.
Type  H <return>  for immediate help.
 ...                                              
                                                  
l.73 \end{table}
                
Call for help

! Undefined control sequence.
\@addmarginpar ...advance \@tempdima \ht \@marbox 
                                                  \ifdim \@tempdima >\z@ \@l...
l.73 \end{table}
                
The control sequence at the end of the top line
of your error message was never \def'ed. If you have
misspelled it (e.g., `\hobx'), type `I' and the correct
spelling (e.g., `I\hbox'). Otherwise just continue,
and I'll forget about whatever was undefined.

! Bad register code (-5270816).
\@addmarginpar ...e \space moved}\else \@tempdima 
                                                  \z@ \fi \global \@mparbott...
l.73 \end{table}
                
A register number must be between 0 and 32767.
I changed this one to zero.

! Missing number, treated as zero.
<to be read again> 
                   \global 
l.73 \end{table}
                
A number should have been here; I inserted `0'.
(If you can't figure out why I needed to see a number,
look up `weird error' in the index to The TeXbook.)

! Illegal unit of measure (pt inserted).
<to be read again> 
                   \global 
l.73 \end{table}
                
Dimensions can be in units of em, ex, in, pt, pc,
cm, mm, dd, cc, nd, nc, bp, or sp; but yours is a new one!
I'll assume that you meant to say pt, for printer's points.
To recover gracefully from this error, it's best to
delete the erroneous units; e.g., type `2' to delete
two letters. (See Chapter 27 of The TeXbook.)

! Undefined control sequence.
\@addmarginpar ...vance \@mparbottom \dp \@marbox 
                                                  \global \advance \@mparbot...
l.73 \end{table}
                
The control sequence at the end of the top line
of your error message was never \def'ed. If you have
misspelled it (e.g., `\hobx'), type `I' and the correct
spelling (e.g., `I\hbox'). Otherwise just continue,
and I'll forget about whatever was undefined.

! Missing number, treated as zero.
<to be read again> 
                   \global 
l.73 \end{table}
                
A number should have been here; I inserted `0'.
(If you can't figure out why I needed to see a number,
look up `weird error' in the index to The TeXbook.)

! Undefined control sequence.
\@addmarginpar ...dvance \@tempdima -\ht \@marbox 
                                                  \global \setbox \@marbox \...
l.73 \end{table}
                
The control sequence at the end of the top line
of your error message was never \def'ed. If you have
misspelled it (e.g., `\hobx'), type `I' and the correct
spelling (e.g., `I\hbox'). Otherwise just continue,
and I'll forget about whatever was undefined.

! Missing number, treated as zero.
<to be read again> 
                   \global 
l.73 \end{table}
                
A number should have been here; I inserted `0'.
(If you can't figure out why I needed to see a number,
look up `weird error' in the index to The TeXbook.)

! Undefined control sequence.
\@addmarginpar ...marbox \global \setbox \@marbox 
                                                  \vbox {\vskip \@tempdima \...
l.73 \end{table}
                
The control sequence at the end of the top line
of your error message was never \def'ed. If you have
misspelled it (e.g., `\hobx'), type `I' and the correct
spelling (e.g., `I\hbox'). Otherwise just continue,
and I'll forget about whatever was undefined.

! Missing number, treated as zero.
<to be read again> 
                   \vbox 
l.73 \end{table}
                
A number should have been here; I inserted `0'.
(If you can't figure out why I needed to see a number,
look up `weird error' in the index to The TeXbook.)

! Undefined control sequence.
\@addmarginpar ...\vskip \@tempdima \box \@marbox 
                                                  }\global \ht \@marbox \z@ ...
l.73 \end{table}
                
The control sequence at the end of the top line
of your error message was never \def'ed. If you have
misspelled it (e.g., `\hobx'), type `I' and the correct
spelling (e.g., `I\hbox'). Otherwise just continue,
and I'll forget about whatever was undefined.

! Missing number, treated as zero.
<to be read again> 
                   }
l.73 \end{table}
                
A number should have been here; I inserted `0'.
(If you can't figure out why I needed to see a number,
look up `weird error' in the index to The TeXbook.)

! Undefined control sequence.
\@addmarginpar ... \@marbox }\global \ht \@marbox 
                                                  \z@ \global \dp \@marbox \...
l.73 \end{table}
                
The control sequence at the end of the top line
of your error message was never \def'ed. If you have
misspelled it (e.g., `\hobx'), type `I' and the correct
spelling (e.g., `I\hbox'). Otherwise just continue,
and I'll forget about whatever was undefined.

! Missing number, treated as zero.
<to be read again> 
                   \global 
l.73 \end{table}
                
A number should have been here; I inserted `0'.
(If you can't figure out why I needed to see a number,
look up `weird error' in the index to The TeXbook.)

! Illegal unit of measure (pt inserted).
<to be read again> 
                   \global 
l.73 \end{table}
                
Dimensions can be in units of em, ex, in, pt, pc,
cm, mm, dd, cc, nd, nc, bp, or sp; but yours is a new one!
I'll assume that you meant to say pt, for printer's points.
To recover gracefully from this error, it's best to
delete the erroneous units; e.g., type `2' to delete
two letters. (See Chapter 27 of The TeXbook.)

! Undefined control sequence.
\@addmarginpar ...marbox \z@ \global \dp \@marbox 
                                                  \z@ \kern -\@pagedp \noint...
l.73 \end{table}
                
The control sequence at the end of the top line
of your error message was never \def'ed. If you have
misspelled it (e.g., `\hobx'), type `I' and the correct
spelling (e.g., `I\hbox'). Otherwise just continue,
and I'll forget about whatever was undefined.

! Missing number, treated as zero.
<to be read again> 
                   \kern 
l.73 \end{table}
                
A number should have been here; I inserted `0'.
(If you can't figure out why I needed to see a number,
look up `weird error' in the index to The TeXbook.)

! Illegal unit of measure (pt inserted).
<to be read again> 
                   \kern 
l.73 \end{table}
                
Dimensions can be in units of em, ex, in, pt, pc,
cm, mm, dd, cc, nd, nc, bp, or sp; but yours is a new one!
I'll assume that you meant to say pt, for printer's points.
To recover gracefully from this error, it's best to
delete the erroneous units; e.g., type `2' to delete
two letters. (See Chapter 27 of The TeXbook.)

! Undefined control sequence.
\@addmarginpar ...arginparwidth \fi \box \@marbox 
                                                  \hss }\nointerlineskip \hb...
l.73 \end{table}
                
The control sequence at the end of the top line
of your error message was never \def'ed. If you have
misspelled it (e.g., `\hobx'), type `I' and the correct
spelling (e.g., `I\hbox'). Otherwise just continue,
and I'll forget about whatever was undefined.

! Missing number, treated as zero.
<to be read again> 
                   \hss 
l.73 \end{table}
                
A number should have been here; I inserted `0'.
(If you can't figure out why I needed to see a number,
look up `weird error' in the index to The TeXbook.)


! LaTeX Error: Too many unprocessed floats.

See the LaTeX manual or LaTeX Companion for explanation.
Type  H <return>  for immediate help.
 ...                                              
                                                  
l.74 \begin{table}[H]
                     
You've lost some text.  Try typing  <return>  to proceed.
If that doesn't work, type  X <return>  to quit.

! Undefined control sequence.
\@float@Hx ...ltovf \fi \global \setbox \@currbox 
                                                  \color@vbox \normalcolor \...
l.74 \begin{table}[H]
                     
The control sequence at the end of the top line
of your error message was never \def'ed. If you have
misspelled it (e.g., `\hobx'), type `I' and the correct
spelling (e.g., `I\hbox'). Otherwise just continue,
and I'll forget about whatever was undefined.

! Missing number, treated as zero.
<to be read again> 
                   \vbox 
l.74 \begin{table}[H]
                     
A number should have been here; I inserted `0'.
(If you can't figure out why I needed to see a number,
look up `weird error' in the index to The TeXbook.)

! Undefined control sequence.
\@largefloatcheck ->\ifdim \ht \@currbox 
                                         >\textheight \@tempdima -\textheigh...
l.99 \end{table}
                
The control sequence at the end of the top line
of your error message was never \def'ed. If you have
misspelled it (e.g., `\hobx'), type `I' and the correct
spelling (e.g., `I\hbox'). Otherwise just continue,
and I'll forget about whatever was undefined.

! Missing number, treated as zero.
<to be read again> 
                   >
l.99 \end{table}
                
A number should have been here; I inserted `0'.
(If you can't figure out why I needed to see a number,
look up `weird error' in the index to The TeXbook.)

! Undefined control sequence.
<argument> \@currbox 
                     
l.99 \end{table}
                
The control sequence at the end of the top line
of your error message was never \def'ed. If you have
misspelled it (e.g., `\hobx'), type `I' and the correct
spelling (e.g., `I\hbox'). Otherwise just continue,
and I'll forget about whatever was undefined.

! Argument of \@xnext has an extra }.
<inserted text> 
                \par 
l.99 \end{table}
                
I've run across a `}' that doesn't seem to match anything.
For example, `\def\a#1{...}' and `\a}' would produce
this error. If you simply proceed now, the `\par' that
I've just inserted will cause me to report a runaway
argument that might be the root of the problem. But if
your `}' was spurious, just type `2' and it will go away.

Runaway argument?
\@currbox \@currlist \ifnum \count \@currbox >\z@ \advance \@pageht \@pagedp \ETC.
! Paragraph ended before \@xnext was complete.
<to be read again> 
                   \par 
l.99 \end{table}
                
I suspect you've forgotten a `}', causing me to apply this
control sequence to too much text. How can we recover?
My plan is to forget the whole thing and hope for the best.

! Extra \else.
\end@float ...pdima \penalty \@floatpenalty \else 
                                                  \vadjust {\penalty -\@Miv ...
l.99 \end{table}
                
I'm ignoring this; it doesn't match any \if.

! You can't use `\vadjust' in vertical mode.
\end@float ...nalty \@floatpenalty \else \vadjust 
                                                  {\penalty -\@Miv \vbox {}\...
l.99 \end{table}
                
Sorry, but I'm not programmed to handle this case;
I'll just pretend that you didn't ask for it.
If you're in the wrong mode, you might be able to
return to the right one by typing `I}' or `I$' or `I\par'.

! Argument of \@xnext has an extra }.
<inserted text> 
                \par 
l.99 \end{table}
                
I've run across a `}' that doesn't seem to match anything.
For example, `\def\a#1{...}' and `\a}' would produce
this error. If you simply proceed now, the `\par' that
I've just inserted will cause me to report a runaway
argument that might be the root of the problem. But if
your `}' was spurious, just type `2' and it will go away.

Runaway argument?
\@currbox \@currlist \ifnum \count \@currbox >\z@ \advance \@pageht \@pagedp \ETC.
! Paragraph ended before \@xnext was complete.
<to be read again> 
                   \par 
l.99 \end{table}
                
I suspect you've forgotten a `}', causing me to apply this
control sequence to too much text. How can we recover?
My plan is to forget the whole thing and hope for the best.

) (./results/large_model_informed_high_MMNL_2PT/results_table.tex

! LaTeX Error: Too many unprocessed floats.

See the LaTeX manual or LaTeX Companion for explanation.
Type  H <return>  for immediate help.
 ...                                              
                                                  
l.1 \begin{table}[H]
                    
You've lost some text.  Try typing  <return>  to proceed.
If that doesn't work, type  X <return>  to quit.

! Undefined control sequence.
\@float@Hx ...ltovf \fi \global \setbox \@currbox 
                                                  \color@vbox \normalcolor \...
l.1 \begin{table}[H]
                    
The control sequence at the end of the top line
of your error message was never \def'ed. If you have
misspelled it (e.g., `\hobx'), type `I' and the correct
spelling (e.g., `I\hbox'). Otherwise just continue,
and I'll forget about whatever was undefined.

! Missing number, treated as zero.
<to be read again> 
                   \vbox 
l.1 \begin{table}[H]
                    
A number should have been here; I inserted `0'.
(If you can't figure out why I needed to see a number,
look up `weird error' in the index to The TeXbook.)

! Undefined control sequence.
\@largefloatcheck ->\ifdim \ht \@currbox 
                                         >\textheight \@tempdima -\textheigh...
l.21 \end{table}
                
The control sequence at the end of the top line
of your error message was never \def'ed. If you have
misspelled it (e.g., `\hobx'), type `I' and the correct
spelling (e.g., `I\hbox'). Otherwise just continue,
and I'll forget about whatever was undefined.

! Missing number, treated as zero.
<to be read again> 
                   >
l.21 \end{table}
                
A number should have been here; I inserted `0'.
(If you can't figure out why I needed to see a number,
look up `weird error' in the index to The TeXbook.)

! Undefined control sequence.
<argument> \@currbox 
                     
l.21 \end{table}
                
The control sequence at the end of the top line
of your error message was never \def'ed. If you have
misspelled it (e.g., `\hobx'), type `I' and the correct
spelling (e.g., `I\hbox'). Otherwise just continue,
and I'll forget about whatever was undefined.

! Missing number, treated as zero.
<to be read again> 
                   \@elt 
l.21 \end{table}
                
A number should have been here; I inserted `0'.
(If you can't figure out why I needed to see a number,
look up `weird error' in the index to The TeXbook.)

! Missing = inserted for \ifnum.
<to be read again> 
                   \@elt 
l.21 \end{table}
                
I was expecting to see `<', `=', or `>'. Didn't.

! Missing number, treated as zero.
<to be read again> 
                   \@elt 
l.21 \end{table}
                
A number should have been here; I inserted `0'.
(If you can't figure out why I needed to see a number,
look up `weird error' in the index to The TeXbook.)


! LaTeX Error: This may be a LaTeX bug.

See the LaTeX manual or LaTeX Companion for explanation.
Type  H <return>  for immediate help.
 ...                                              
                                                  
l.21 \end{table}
                
Call for help

! Undefined control sequence.
\@addmarginpar ...advance \@tempdima \ht \@marbox 
                                                  \ifdim \@tempdima >\z@ \@l...
l.21 \end{table}
                
The control sequence at the end of the top line
of your error message was never \def'ed. If you have
misspelled it (e.g., `\hobx'), type `I' and the correct
spelling (e.g., `I\hbox'). Otherwise just continue,
and I'll forget about whatever was undefined.

! Missing number, treated as zero.
<to be read again> 
                   \protect 
l.21 \end{table}
                
A number should have been here; I inserted `0'.
(If you can't figure out why I needed to see a number,
look up `weird error' in the index to The TeXbook.)


LaTeX Warning: Marginpar on page 11 moved.

! Undefined control sequence.
\@addmarginpar ...vance \@mparbottom \dp \@marbox 
                                                  \global \advance \@mparbot...
l.21 \end{table}
                
The control sequence at the end of the top line
of your error message was never \def'ed. If you have
misspelled it (e.g., `\hobx'), type `I' and the correct
spelling (e.g., `I\hbox'). Otherwise just continue,
and I'll forget about whatever was undefined.

! Missing number, treated as zero.
<to be read again> 
                   \global 
l.21 \end{table}
                
A number should have been here; I inserted `0'.
(If you can't figure out why I needed to see a number,
look up `weird error' in the index to The TeXbook.)

! Undefined control sequence.
\@addmarginpar ...dvance \@tempdima -\ht \@marbox 
                                                  \global \setbox \@marbox \...
l.21 \end{table}
                
The control sequence at the end of the top line
of your error message was never \def'ed. If you have
misspelled it (e.g., `\hobx'), type `I' and the correct
spelling (e.g., `I\hbox'). Otherwise just continue,
and I'll forget about whatever was undefined.

! Missing number, treated as zero.
<to be read again> 
                   \global 
l.21 \end{table}
                
A number should have been here; I inserted `0'.
(If you can't figure out why I needed to see a number,
look up `weird error' in the index to The TeXbook.)

! Undefined control sequence.
\@addmarginpar ...marbox \global \setbox \@marbox 
                                                  \vbox {\vskip \@tempdima \...
l.21 \end{table}
                
The control sequence at the end of the top line
of your error message was never \def'ed. If you have
misspelled it (e.g., `\hobx'), type `I' and the correct
spelling (e.g., `I\hbox'). Otherwise just continue,
and I'll forget about whatever was undefined.

! Missing number, treated as zero.
<to be read again> 
                   \vbox 
l.21 \end{table}
                
A number should have been here; I inserted `0'.
(If you can't figure out why I needed to see a number,
look up `weird error' in the index to The TeXbook.)

! Undefined control sequence.
\@addmarginpar ...\vskip \@tempdima \box \@marbox 
                                                  }\global \ht \@marbox \z@ ...
l.21 \end{table}
                
The control sequence at the end of the top line
of your error message was never \def'ed. If you have
misspelled it (e.g., `\hobx'), type `I' and the correct
spelling (e.g., `I\hbox'). Otherwise just continue,
and I'll forget about whatever was undefined.

! Missing number, treated as zero.
<to be read again> 
                   }
l.21 \end{table}
                
A number should have been here; I inserted `0'.
(If you can't figure out why I needed to see a number,
look up `weird error' in the index to The TeXbook.)

! Undefined control sequence.
\@addmarginpar ... \@marbox }\global \ht \@marbox 
                                                  \z@ \global \dp \@marbox \...
l.21 \end{table}
                
The control sequence at the end of the top line
of your error message was never \def'ed. If you have
misspelled it (e.g., `\hobx'), type `I' and the correct
spelling (e.g., `I\hbox'). Otherwise just continue,
and I'll forget about whatever was undefined.

! Missing number, treated as zero.
<to be read again> 
                   \global 
l.21 \end{table}
                
A number should have been here; I inserted `0'.
(If you can't figure out why I needed to see a number,
look up `weird error' in the index to The TeXbook.)

! Illegal unit of measure (pt inserted).
<to be read again> 
                   \global 
l.21 \end{table}
                
Dimensions can be in units of em, ex, in, pt, pc,
cm, mm, dd, cc, nd, nc, bp, or sp; but yours is a new one!
I'll assume that you meant to say pt, for printer's points.
To recover gracefully from this error, it's best to
delete the erroneous units; e.g., type `2' to delete
two letters. (See Chapter 27 of The TeXbook.)

! Undefined control sequence.
\@addmarginpar ...marbox \z@ \global \dp \@marbox 
                                                  \z@ \kern -\@pagedp \noint...
l.21 \end{table}
                
The control sequence at the end of the top line
of your error message was never \def'ed. If you have
misspelled it (e.g., `\hobx'), type `I' and the correct
spelling (e.g., `I\hbox'). Otherwise just continue,
and I'll forget about whatever was undefined.

! Missing number, treated as zero.
<to be read again> 
                   \kern 
l.21 \end{table}
                
A number should have been here; I inserted `0'.
(If you can't figure out why I needed to see a number,
look up `weird error' in the index to The TeXbook.)

! Illegal unit of measure (pt inserted).
<to be read again> 
                   \kern 
l.21 \end{table}
                
Dimensions can be in units of em, ex, in, pt, pc,
cm, mm, dd, cc, nd, nc, bp, or sp; but yours is a new one!
I'll assume that you meant to say pt, for printer's points.
To recover gracefully from this error, it's best to
delete the erroneous units; e.g., type `2' to delete
two letters. (See Chapter 27 of The TeXbook.)

! Undefined control sequence.
\@addmarginpar ...arginparwidth \fi \box \@marbox 
                                                  \hss }\nointerlineskip \hb...
l.21 \end{table}
                
The control sequence at the end of the top line
of your error message was never \def'ed. If you have
misspelled it (e.g., `\hobx'), type `I' and the correct
spelling (e.g., `I\hbox'). Otherwise just continue,
and I'll forget about whatever was undefined.

! Missing number, treated as zero.
<to be read again> 
                   \hss 
l.21 \end{table}
                
A number should have been here; I inserted `0'.
(If you can't figure out why I needed to see a number,
look up `weird error' in the index to The TeXbook.)

) (./results/large_classical_low_MMNL_5PT/results_table.tex

! LaTeX Error: Too many unprocessed floats.

See the LaTeX manual or LaTeX Companion for explanation.
Type  H <return>  for immediate help.
 ...                                              
                                                  
l.1 \begin{table}[H]
                    
You've lost some text.  Try typing  <return>  to proceed.
If that doesn't work, type  X <return>  to quit.

! Undefined control sequence.
\@float@Hx ...ltovf \fi \global \setbox \@currbox 
                                                  \color@vbox \normalcolor \...
l.1 \begin{table}[H]
                    
The control sequence at the end of the top line
of your error message was never \def'ed. If you have
misspelled it (e.g., `\hobx'), type `I' and the correct
spelling (e.g., `I\hbox'). Otherwise just continue,
and I'll forget about whatever was undefined.

! Missing number, treated as zero.
<to be read again> 
                   \vbox 
l.1 \begin{table}[H]
                    
A number should have been here; I inserted `0'.
(If you can't figure out why I needed to see a number,
look up `weird error' in the index to The TeXbook.)

! Undefined control sequence.
\@largefloatcheck ->\ifdim \ht \@currbox 
                                         >\textheight \@tempdima -\textheigh...
l.21 \end{table}
                
The control sequence at the end of the top line
of your error message was never \def'ed. If you have
misspelled it (e.g., `\hobx'), type `I' and the correct
spelling (e.g., `I\hbox'). Otherwise just continue,
and I'll forget about whatever was undefined.

! Missing number, treated as zero.
<to be read again> 
                   >
l.21 \end{table}
                
A number should have been here; I inserted `0'.
(If you can't figure out why I needed to see a number,
look up `weird error' in the index to The TeXbook.)

! Undefined control sequence.
<argument> \@currbox 
                     
l.21 \end{table}
                
The control sequence at the end of the top line
of your error message was never \def'ed. If you have
misspelled it (e.g., `\hobx'), type `I' and the correct
spelling (e.g., `I\hbox'). Otherwise just continue,
and I'll forget about whatever was undefined.

! Argument of \@xnext has an extra }.
<inserted text> 
                \par 
l.21 \end{table}
                
I've run across a `}' that doesn't seem to match anything.
For example, `\def\a#1{...}' and `\a}' would produce
this error. If you simply proceed now, the `\par' that
I've just inserted will cause me to report a runaway
argument that might be the root of the problem. But if
your `}' was spurious, just type `2' and it will go away.

Runaway argument?
\@currbox \@currlist \ifnum \count \@currbox >\z@ \advance \@pageht \@pagedp \ETC.
! Paragraph ended before \@xnext was complete.
<to be read again> 
                   \par 
l.21 \end{table}
                
I suspect you've forgotten a `}', causing me to apply this
control sequence to too much text. How can we recover?
My plan is to forget the whole thing and hope for the best.

! Extra \else.
\end@float ...pdima \penalty \@floatpenalty \else 
                                                  \vadjust {\penalty -\@Miv ...
l.21 \end{table}
                
I'm ignoring this; it doesn't match any \if.

! You can't use `\vadjust' in vertical mode.
\end@float ...nalty \@floatpenalty \else \vadjust 
                                                  {\penalty -\@Miv \vbox {}\...
l.21 \end{table}
                
Sorry, but I'm not programmed to handle this case;
I'll just pretend that you didn't ask for it.
If you're in the wrong mode, you might be able to
return to the right one by typing `I}' or `I$' or `I\par'.

! Argument of \@xnext has an extra }.
<inserted text> 
                \par 
l.21 \end{table}
                
I've run across a `}' that doesn't seem to match anything.
For example, `\def\a#1{...}' and `\a}' would produce
this error. If you simply proceed now, the `\par' that
I've just inserted will cause me to report a runaway
argument that might be the root of the problem. But if
your `}' was spurious, just type `2' and it will go away.

Runaway argument?
\@currbox \@currlist \ifnum \count \@currbox >\z@ \advance \@pageht \@pagedp \ETC.
! Paragraph ended before \@xnext was complete.
<to be read again> 
                   \par 
l.21 \end{table}
                
I suspect you've forgotten a `}', causing me to apply this
control sequence to too much text. How can we recover?
My plan is to forget the whole thing and hope for the best.

) (./results/large_classical_high_MMNL_5PT/results_table.tex

! LaTeX Error: Too many unprocessed floats.

See the LaTeX manual or LaTeX Companion for explanation.
Type  H <return>  for immediate help.
 ...                                              
                                                  
l.1 \begin{table}[H]
                    
You've lost some text.  Try typing  <return>  to proceed.
If that doesn't work, type  X <return>  to quit.

! Undefined control sequence.
\@float@Hx ...ltovf \fi \global \setbox \@currbox 
                                                  \color@vbox \normalcolor \...
l.1 \begin{table}[H]
                    
The control sequence at the end of the top line
of your error message was never \def'ed. If you have
misspelled it (e.g., `\hobx'), type `I' and the correct
spelling (e.g., `I\hbox'). Otherwise just continue,
and I'll forget about whatever was undefined.

! Missing number, treated as zero.
<to be read again> 
                   \vbox 
l.1 \begin{table}[H]
                    
A number should have been here; I inserted `0'.
(If you can't figure out why I needed to see a number,
look up `weird error' in the index to The TeXbook.)

! Undefined control sequence.
\@largefloatcheck ->\ifdim \ht \@currbox 
                                         >\textheight \@tempdima -\textheigh...
l.21 \end{table}
                
The control sequence at the end of the top line
of your error message was never \def'ed. If you have
misspelled it (e.g., `\hobx'), type `I' and the correct
spelling (e.g., `I\hbox'). Otherwise just continue,
and I'll forget about whatever was undefined.

! Missing number, treated as zero.
<to be read again> 
                   >
l.21 \end{table}
                
A number should have been here; I inserted `0'.
(If you can't figure out why I needed to see a number,
look up `weird error' in the index to The TeXbook.)

! Undefined control sequence.
<argument> \@currbox 
                     
l.21 \end{table}
                
The control sequence at the end of the top line
of your error message was never \def'ed. If you have
misspelled it (e.g., `\hobx'), type `I' and the correct
spelling (e.g., `I\hbox'). Otherwise just continue,
and I'll forget about whatever was undefined.

! Missing number, treated as zero.
<to be read again> 
                   \@elt 
l.21 \end{table}
                
A number should have been here; I inserted `0'.
(If you can't figure out why I needed to see a number,
look up `weird error' in the index to The TeXbook.)

! Missing = inserted for \ifnum.
<to be read again> 
                   \@elt 
l.21 \end{table}
                
I was expecting to see `<', `=', or `>'. Didn't.

! Missing number, treated as zero.
<to be read again> 
                   \@elt 
l.21 \end{table}
                
A number should have been here; I inserted `0'.
(If you can't figure out why I needed to see a number,
look up `weird error' in the index to The TeXbook.)


! LaTeX Error: This may be a LaTeX bug.

See the LaTeX manual or LaTeX Companion for explanation.
Type  H <return>  for immediate help.
 ...                                              
                                                  
l.21 \end{table}
                
Call for help

! Undefined control sequence.
\@addmarginpar ...advance \@tempdima \ht \@marbox 
                                                  \ifdim \@tempdima >\z@ \@l...
l.21 \end{table}
                
The control sequence at the end of the top line
of your error message was never \def'ed. If you have
misspelled it (e.g., `\hobx'), type `I' and the correct
spelling (e.g., `I\hbox'). Otherwise just continue,
and I'll forget about whatever was undefined.

! Missing number, treated as zero.
<to be read again> 
                   \protect 
l.21 \end{table}
                
A number should have been here; I inserted `0'.
(If you can't figure out why I needed to see a number,
look up `weird error' in the index to The TeXbook.)


LaTeX Warning: Marginpar on page 11 moved.

! Undefined control sequence.
\@addmarginpar ...vance \@mparbottom \dp \@marbox 
                                                  \global \advance \@mparbot...
l.21 \end{table}
                
The control sequence at the end of the top line
of your error message was never \def'ed. If you have
misspelled it (e.g., `\hobx'), type `I' and the correct
spelling (e.g., `I\hbox'). Otherwise just continue,
and I'll forget about whatever was undefined.

! Missing number, treated as zero.
<to be read again> 
                   \global 
l.21 \end{table}
                
A number should have been here; I inserted `0'.
(If you can't figure out why I needed to see a number,
look up `weird error' in the index to The TeXbook.)

! Undefined control sequence.
\@addmarginpar ...dvance \@tempdima -\ht \@marbox 
                                                  \global \setbox \@marbox \...
l.21 \end{table}
                
The control sequence at the end of the top line
of your error message was never \def'ed. If you have
misspelled it (e.g., `\hobx'), type `I' and the correct
spelling (e.g., `I\hbox'). Otherwise just continue,
and I'll forget about whatever was undefined.

! Missing number, treated as zero.
<to be read again> 
                   \global 
l.21 \end{table}
                
A number should have been here; I inserted `0'.
(If you can't figure out why I needed to see a number,
look up `weird error' in the index to The TeXbook.)

! Undefined control sequence.
\@addmarginpar ...marbox \global \setbox \@marbox 
                                                  \vbox {\vskip \@tempdima \...
l.21 \end{table}
                
The control sequence at the end of the top line
of your error message was never \def'ed. If you have
misspelled it (e.g., `\hobx'), type `I' and the correct
spelling (e.g., `I\hbox'). Otherwise just continue,
and I'll forget about whatever was undefined.

! Missing number, treated as zero.
<to be read again> 
                   \vbox 
l.21 \end{table}
                
A number should have been here; I inserted `0'.
(If you can't figure out why I needed to see a number,
look up `weird error' in the index to The TeXbook.)

! Undefined control sequence.
\@addmarginpar ...\vskip \@tempdima \box \@marbox 
                                                  }\global \ht \@marbox \z@ ...
l.21 \end{table}
                
The control sequence at the end of the top line
of your error message was never \def'ed. If you have
misspelled it (e.g., `\hobx'), type `I' and the correct
spelling (e.g., `I\hbox'). Otherwise just continue,
and I'll forget about whatever was undefined.

! Missing number, treated as zero.
<to be read again> 
                   }
l.21 \end{table}
                
A number should have been here; I inserted `0'.
(If you can't figure out why I needed to see a number,
look up `weird error' in the index to The TeXbook.)

! Undefined control sequence.
\@addmarginpar ... \@marbox }\global \ht \@marbox 
                                                  \z@ \global \dp \@marbox \...
l.21 \end{table}
                
The control sequence at the end of the top line
of your error message was never \def'ed. If you have
misspelled it (e.g., `\hobx'), type `I' and the correct
spelling (e.g., `I\hbox'). Otherwise just continue,
and I'll forget about whatever was undefined.

! Missing number, treated as zero.
<to be read again> 
                   \global 
l.21 \end{table}
                
A number should have been here; I inserted `0'.
(If you can't figure out why I needed to see a number,
look up `weird error' in the index to The TeXbook.)

! Illegal unit of measure (pt inserted).
<to be read again> 
                   \global 
l.21 \end{table}
                
Dimensions can be in units of em, ex, in, pt, pc,
cm, mm, dd, cc, nd, nc, bp, or sp; but yours is a new one!
I'll assume that you meant to say pt, for printer's points.
To recover gracefully from this error, it's best to
delete the erroneous units; e.g., type `2' to delete
two letters. (See Chapter 27 of The TeXbook.)

! Undefined control sequence.
\@addmarginpar ...marbox \z@ \global \dp \@marbox 
                                                  \z@ \kern -\@pagedp \noint...
l.21 \end{table}
                
The control sequence at the end of the top line
of your error message was never \def'ed. If you have
misspelled it (e.g., `\hobx'), type `I' and the correct
spelling (e.g., `I\hbox'). Otherwise just continue,
and I'll forget about whatever was undefined.

! Missing number, treated as zero.
<to be read again> 
                   \kern 
l.21 \end{table}
                
A number should have been here; I inserted `0'.
(If you can't figure out why I needed to see a number,
look up `weird error' in the index to The TeXbook.)

! Illegal unit of measure (pt inserted).
<to be read again> 
                   \kern 
l.21 \end{table}
                
Dimensions can be in units of em, ex, in, pt, pc,
cm, mm, dd, cc, nd, nc, bp, or sp; but yours is a new one!
I'll assume that you meant to say pt, for printer's points.
To recover gracefully from this error, it's best to
delete the erroneous units; e.g., type `2' to delete
two letters. (See Chapter 27 of The TeXbook.)

! Undefined control sequence.
\@addmarginpar ...arginparwidth \fi \box \@marbox 
                                                  \hss }\nointerlineskip \hb...
l.21 \end{table}
                
The control sequence at the end of the top line
of your error message was never \def'ed. If you have
misspelled it (e.g., `\hobx'), type `I' and the correct
spelling (e.g., `I\hbox'). Otherwise just continue,
and I'll forget about whatever was undefined.

! Missing number, treated as zero.
<to be read again> 
                   \hss 
l.21 \end{table}
                
A number should have been here; I inserted `0'.
(If you can't figure out why I needed to see a number,
look up `weird error' in the index to The TeXbook.)

) (./results/large_model_informed_low_MMNL_5PT/results_table.tex

! LaTeX Error: Too many unprocessed floats.

See the LaTeX manual or LaTeX Companion for explanation.
Type  H <return>  for immediate help.
 ...                                              
                                                  
l.1 \begin{table}[H]
                    
You've lost some text.  Try typing  <return>  to proceed.
If that doesn't work, type  X <return>  to quit.

! Undefined control sequence.
\@float@Hx ...ltovf \fi \global \setbox \@currbox 
                                                  \color@vbox \normalcolor \...
l.1 \begin{table}[H]
                    
The control sequence at the end of the top line
of your error message was never \def'ed. If you have
misspelled it (e.g., `\hobx'), type `I' and the correct
spelling (e.g., `I\hbox'). Otherwise just continue,
and I'll forget about whatever was undefined.

! Missing number, treated as zero.
<to be read again> 
                   \vbox 
l.1 \begin{table}[H]
                    
A number should have been here; I inserted `0'.
(If you can't figure out why I needed to see a number,
look up `weird error' in the index to The TeXbook.)

! Undefined control sequence.
\@largefloatcheck ->\ifdim \ht \@currbox 
                                         >\textheight \@tempdima -\textheigh...
l.21 \end{table}
                
The control sequence at the end of the top line
of your error message was never \def'ed. If you have
misspelled it (e.g., `\hobx'), type `I' and the correct
spelling (e.g., `I\hbox'). Otherwise just continue,
and I'll forget about whatever was undefined.

! Missing number, treated as zero.
<to be read again> 
                   >
l.21 \end{table}
                
A number should have been here; I inserted `0'.
(If you can't figure out why I needed to see a number,
look up `weird error' in the index to The TeXbook.)

! Undefined control sequence.
<argument> \@currbox 
                     
l.21 \end{table}
                
The control sequence at the end of the top line
of your error message was never \def'ed. If you have
misspelled it (e.g., `\hobx'), type `I' and the correct
spelling (e.g., `I\hbox'). Otherwise just continue,
and I'll forget about whatever was undefined.

! Argument of \@xnext has an extra }.
<inserted text> 
                \par 
l.21 \end{table}
                
I've run across a `}' that doesn't seem to match anything.
For example, `\def\a#1{...}' and `\a}' would produce
this error. If you simply proceed now, the `\par' that
I've just inserted will cause me to report a runaway
argument that might be the root of the problem. But if
your `}' was spurious, just type `2' and it will go away.

Runaway argument?
\@currbox \@currlist \ifnum \count \@currbox >\z@ \advance \@pageht \@pagedp \ETC.
! Paragraph ended before \@xnext was complete.
<to be read again> 
                   \par 
l.21 \end{table}
                
I suspect you've forgotten a `}', causing me to apply this
control sequence to too much text. How can we recover?
My plan is to forget the whole thing and hope for the best.

! Extra \else.
\end@float ...pdima \penalty \@floatpenalty \else 
                                                  \vadjust {\penalty -\@Miv ...
l.21 \end{table}
                
I'm ignoring this; it doesn't match any \if.

! You can't use `\vadjust' in vertical mode.
\end@float ...nalty \@floatpenalty \else \vadjust 
                                                  {\penalty -\@Miv \vbox {}\...
l.21 \end{table}
                
Sorry, but I'm not programmed to handle this case;
I'll just pretend that you didn't ask for it.
If you're in the wrong mode, you might be able to
return to the right one by typing `I}' or `I$' or `I\par'.

! Argument of \@xnext has an extra }.
<inserted text> 
                \par 
l.21 \end{table}
                
I've run across a `}' that doesn't seem to match anything.
For example, `\def\a#1{...}' and `\a}' would produce
this error. If you simply proceed now, the `\par' that
I've just inserted will cause me to report a runaway
argument that might be the root of the problem. But if
your `}' was spurious, just type `2' and it will go away.

Runaway argument?
\@currbox \@currlist \ifnum \count \@currbox >\z@ \advance \@pageht \@pagedp \ETC.
! Paragraph ended before \@xnext was complete.
<to be read again> 
                   \par 
l.21 \end{table}
                
I suspect you've forgotten a `}', causing me to apply this
control sequence to too much text. How can we recover?
My plan is to forget the whole thing and hope for the best.


! LaTeX Error: Too many unprocessed floats.

See the LaTeX manual or LaTeX Companion for explanation.
Type  H <return>  for immediate help.
 ...                                              
                                                  
l.22 \begin{table}[H]
                     
You've lost some text.  Try typing  <return>  to proceed.
If that doesn't work, type  X <return>  to quit.

! Undefined control sequence.
\@float@Hx ...ltovf \fi \global \setbox \@currbox 
                                                  \color@vbox \normalcolor \...
l.22 \begin{table}[H]
                     
The control sequence at the end of the top line
of your error message was never \def'ed. If you have
misspelled it (e.g., `\hobx'), type `I' and the correct
spelling (e.g., `I\hbox'). Otherwise just continue,
and I'll forget about whatever was undefined.

! Missing number, treated as zero.
<to be read again> 
                   \vbox 
l.22 \begin{table}[H]
                     
A number should have been here; I inserted `0'.
(If you can't figure out why I needed to see a number,
look up `weird error' in the index to The TeXbook.)

! Undefined control sequence.
\@largefloatcheck ->\ifdim \ht \@currbox 
                                         >\textheight \@tempdima -\textheigh...
l.47 \end{table}
                
The control sequence at the end of the top line
of your error message was never \def'ed. If you have
misspelled it (e.g., `\hobx'), type `I' and the correct
spelling (e.g., `I\hbox'). Otherwise just continue,
and I'll forget about whatever was undefined.

! Missing number, treated as zero.
<to be read again> 
                   >
l.47 \end{table}
                
A number should have been here; I inserted `0'.
(If you can't figure out why I needed to see a number,
look up `weird error' in the index to The TeXbook.)

! Undefined control sequence.
<argument> \@currbox 
                     
l.47 \end{table}
                
The control sequence at the end of the top line
of your error message was never \def'ed. If you have
misspelled it (e.g., `\hobx'), type `I' and the correct
spelling (e.g., `I\hbox'). Otherwise just continue,
and I'll forget about whatever was undefined.

! Missing number, treated as zero.
<to be read again> 
                   \@elt 
l.47 \end{table}
                
A number should have been here; I inserted `0'.
(If you can't figure out why I needed to see a number,
look up `weird error' in the index to The TeXbook.)

! Missing = inserted for \ifnum.
<to be read again> 
                   \@elt 
l.47 \end{table}
                
I was expecting to see `<', `=', or `>'. Didn't.

! Missing number, treated as zero.
<to be read again> 
                   \@elt 
l.47 \end{table}
                
A number should have been here; I inserted `0'.
(If you can't figure out why I needed to see a number,
look up `weird error' in the index to The TeXbook.)


! LaTeX Error: This may be a LaTeX bug.

See the LaTeX manual or LaTeX Companion for explanation.
Type  H <return>  for immediate help.
 ...                                              
                                                  
l.47 \end{table}
                
Call for help

! Undefined control sequence.
\@addmarginpar ...advance \@tempdima \ht \@marbox 
                                                  \ifdim \@tempdima >\z@ \@l...
l.47 \end{table}
                
The control sequence at the end of the top line
of your error message was never \def'ed. If you have
misspelled it (e.g., `\hobx'), type `I' and the correct
spelling (e.g., `I\hbox'). Otherwise just continue,
and I'll forget about whatever was undefined.

! Missing number, treated as zero.
<to be read again> 
                   \protect 
l.47 \end{table}
                
A number should have been here; I inserted `0'.
(If you can't figure out why I needed to see a number,
look up `weird error' in the index to The TeXbook.)


LaTeX Warning: Marginpar on page 11 moved.

! Undefined control sequence.
\@addmarginpar ...vance \@mparbottom \dp \@marbox 
                                                  \global \advance \@mparbot...
l.47 \end{table}
                
The control sequence at the end of the top line
of your error message was never \def'ed. If you have
misspelled it (e.g., `\hobx'), type `I' and the correct
spelling (e.g., `I\hbox'). Otherwise just continue,
and I'll forget about whatever was undefined.

! Missing number, treated as zero.
<to be read again> 
                   \global 
l.47 \end{table}
                
A number should have been here; I inserted `0'.
(If you can't figure out why I needed to see a number,
look up `weird error' in the index to The TeXbook.)

! Undefined control sequence.
\@addmarginpar ...dvance \@tempdima -\ht \@marbox 
                                                  \global \setbox \@marbox \...
l.47 \end{table}
                
The control sequence at the end of the top line
of your error message was never \def'ed. If you have
misspelled it (e.g., `\hobx'), type `I' and the correct
spelling (e.g., `I\hbox'). Otherwise just continue,
and I'll forget about whatever was undefined.

! Missing number, treated as zero.
<to be read again> 
                   \global 
l.47 \end{table}
                
A number should have been here; I inserted `0'.
(If you can't figure out why I needed to see a number,
look up `weird error' in the index to The TeXbook.)

! Undefined control sequence.
\@addmarginpar ...marbox \global \setbox \@marbox 
                                                  \vbox {\vskip \@tempdima \...
l.47 \end{table}
                
The control sequence at the end of the top line
of your error message was never \def'ed. If you have
misspelled it (e.g., `\hobx'), type `I' and the correct
spelling (e.g., `I\hbox'). Otherwise just continue,
and I'll forget about whatever was undefined.

! Missing number, treated as zero.
<to be read again> 
                   \vbox 
l.47 \end{table}
                
A number should have been here; I inserted `0'.
(If you can't figure out why I needed to see a number,
look up `weird error' in the index to The TeXbook.)

! Undefined control sequence.
\@addmarginpar ...\vskip \@tempdima \box \@marbox 
                                                  }\global \ht \@marbox \z@ ...
l.47 \end{table}
                
The control sequence at the end of the top line
of your error message was never \def'ed. If you have
misspelled it (e.g., `\hobx'), type `I' and the correct
spelling (e.g., `I\hbox'). Otherwise just continue,
and I'll forget about whatever was undefined.

! Missing number, treated as zero.
<to be read again> 
                   }
l.47 \end{table}
                
A number should have been here; I inserted `0'.
(If you can't figure out why I needed to see a number,
look up `weird error' in the index to The TeXbook.)

! Undefined control sequence.
\@addmarginpar ... \@marbox }\global \ht \@marbox 
                                                  \z@ \global \dp \@marbox \...
l.47 \end{table}
                
The control sequence at the end of the top line
of your error message was never \def'ed. If you have
misspelled it (e.g., `\hobx'), type `I' and the correct
spelling (e.g., `I\hbox'). Otherwise just continue,
and I'll forget about whatever was undefined.

! Missing number, treated as zero.
<to be read again> 
                   \global 
l.47 \end{table}
                
A number should have been here; I inserted `0'.
(If you can't figure out why I needed to see a number,
look up `weird error' in the index to The TeXbook.)

! Illegal unit of measure (pt inserted).
<to be read again> 
                   \global 
l.47 \end{table}
                
Dimensions can be in units of em, ex, in, pt, pc,
cm, mm, dd, cc, nd, nc, bp, or sp; but yours is a new one!
I'll assume that you meant to say pt, for printer's points.
To recover gracefully from this error, it's best to
delete the erroneous units; e.g., type `2' to delete
two letters. (See Chapter 27 of The TeXbook.)

! Undefined control sequence.
\@addmarginpar ...marbox \z@ \global \dp \@marbox 
                                                  \z@ \kern -\@pagedp \noint...
l.47 \end{table}
                
The control sequence at the end of the top line
of your error message was never \def'ed. If you have
misspelled it (e.g., `\hobx'), type `I' and the correct
spelling (e.g., `I\hbox'). Otherwise just continue,
and I'll forget about whatever was undefined.

! Missing number, treated as zero.
<to be read again> 
                   \kern 
l.47 \end{table}
                
A number should have been here; I inserted `0'.
(If you can't figure out why I needed to see a number,
look up `weird error' in the index to The TeXbook.)

! Illegal unit of measure (pt inserted).
<to be read again> 
                   \kern 
l.47 \end{table}
                
Dimensions can be in units of em, ex, in, pt, pc,
cm, mm, dd, cc, nd, nc, bp, or sp; but yours is a new one!
I'll assume that you meant to say pt, for printer's points.
To recover gracefully from this error, it's best to
delete the erroneous units; e.g., type `2' to delete
two letters. (See Chapter 27 of The TeXbook.)

! Undefined control sequence.
\@addmarginpar ...arginparwidth \fi \box \@marbox 
                                                  \hss }\nointerlineskip \hb...
l.47 \end{table}
                
The control sequence at the end of the top line
of your error message was never \def'ed. If you have
misspelled it (e.g., `\hobx'), type `I' and the correct
spelling (e.g., `I\hbox'). Otherwise just continue,
and I'll forget about whatever was undefined.

! Missing number, treated as zero.
<to be read again> 
                   \hss 
l.47 \end{table}
                
A number should have been here; I inserted `0'.
(If you can't figure out why I needed to see a number,
look up `weird error' in the index to The TeXbook.)


! LaTeX Error: Too many unprocessed floats.

See the LaTeX manual or LaTeX Companion for explanation.
Type  H <return>  for immediate help.
 ...                                              
                                                  
l.48 \begin{table}[H]
                     
You've lost some text.  Try typing  <return>  to proceed.
If that doesn't work, type  X <return>  to quit.

! Undefined control sequence.
\@float@Hx ...ltovf \fi \global \setbox \@currbox 
                                                  \color@vbox \normalcolor \...
l.48 \begin{table}[H]
                     
The control sequence at the end of the top line
of your error message was never \def'ed. If you have
misspelled it (e.g., `\hobx'), type `I' and the correct
spelling (e.g., `I\hbox'). Otherwise just continue,
and I'll forget about whatever was undefined.

! Missing number, treated as zero.
<to be read again> 
                   \vbox 
l.48 \begin{table}[H]
                     
A number should have been here; I inserted `0'.
(If you can't figure out why I needed to see a number,
look up `weird error' in the index to The TeXbook.)

! Undefined control sequence.
\@largefloatcheck ->\ifdim \ht \@currbox 
                                         >\textheight \@tempdima -\textheigh...
l.73 \end{table}
                
The control sequence at the end of the top line
of your error message was never \def'ed. If you have
misspelled it (e.g., `\hobx'), type `I' and the correct
spelling (e.g., `I\hbox'). Otherwise just continue,
and I'll forget about whatever was undefined.

! Missing number, treated as zero.
<to be read again> 
                   >
l.73 \end{table}
                
A number should have been here; I inserted `0'.
(If you can't figure out why I needed to see a number,
look up `weird error' in the index to The TeXbook.)

! Undefined control sequence.
<argument> \@currbox 
                     
l.73 \end{table}
                
The control sequence at the end of the top line
of your error message was never \def'ed. If you have
misspelled it (e.g., `\hobx'), type `I' and the correct
spelling (e.g., `I\hbox'). Otherwise just continue,
and I'll forget about whatever was undefined.

! Argument of \@xnext has an extra }.
<inserted text> 
                \par 
l.73 \end{table}
                
I've run across a `}' that doesn't seem to match anything.
For example, `\def\a#1{...}' and `\a}' would produce
this error. If you simply proceed now, the `\par' that
I've just inserted will cause me to report a runaway
argument that might be the root of the problem. But if
your `}' was spurious, just type `2' and it will go away.

Runaway argument?
\@currbox \@currlist \ifnum \count \@currbox >\z@ \advance \@pageht \@pagedp \ETC.
! Paragraph ended before \@xnext was complete.
<to be read again> 
                   \par 
l.73 \end{table}
                
I suspect you've forgotten a `}', causing me to apply this
control sequence to too much text. How can we recover?
My plan is to forget the whole thing and hope for the best.

! Extra \else.
\end@float ...pdima \penalty \@floatpenalty \else 
                                                  \vadjust {\penalty -\@Miv ...
l.73 \end{table}
                
I'm ignoring this; it doesn't match any \if.

! You can't use `\vadjust' in vertical mode.
\end@float ...nalty \@floatpenalty \else \vadjust 
                                                  {\penalty -\@Miv \vbox {}\...
l.73 \end{table}
                
Sorry, but I'm not programmed to handle this case;
I'll just pretend that you didn't ask for it.
If you're in the wrong mode, you might be able to
return to the right one by typing `I}' or `I$' or `I\par'.

! Argument of \@xnext has an extra }.
<inserted text> 
                \par 
l.73 \end{table}
                
I've run across a `}' that doesn't seem to match anything.
For example, `\def\a#1{...}' and `\a}' would produce
this error. If you simply proceed now, the `\par' that
I've just inserted will cause me to report a runaway
argument that might be the root of the problem. But if
your `}' was spurious, just type `2' and it will go away.

Runaway argument?
\@currbox \@currlist \ifnum \count \@currbox >\z@ \advance \@pageht \@pagedp \ETC.
! Paragraph ended before \@xnext was complete.
<to be read again> 
                   \par 
l.73 \end{table}
                
I suspect you've forgotten a `}', causing me to apply this
control sequence to too much text. How can we recover?
My plan is to forget the whole thing and hope for the best.


! LaTeX Error: Too many unprocessed floats.

See the LaTeX manual or LaTeX Companion for explanation.
Type  H <return>  for immediate help.
 ...                                              
                                                  
l.74 \begin{table}[H]
                     
You've lost some text.  Try typing  <return>  to proceed.
If that doesn't work, type  X <return>  to quit.

! Undefined control sequence.
\@float@Hx ...ltovf \fi \global \setbox \@currbox 
                                                  \color@vbox \normalcolor \...
l.74 \begin{table}[H]
                     
The control sequence at the end of the top line
of your error message was never \def'ed. If you have
misspelled it (e.g., `\hobx'), type `I' and the correct
spelling (e.g., `I\hbox'). Otherwise just continue,
and I'll forget about whatever was undefined.

! Missing number, treated as zero.
<to be read again> 
                   \vbox 
l.74 \begin{table}[H]
                     
A number should have been here; I inserted `0'.
(If you can't figure out why I needed to see a number,
look up `weird error' in the index to The TeXbook.)

! Undefined control sequence.
\@largefloatcheck ->\ifdim \ht \@currbox 
                                         >\textheight \@tempdima -\textheigh...
l.99 \end{table}
                
The control sequence at the end of the top line
of your error message was never \def'ed. If you have
misspelled it (e.g., `\hobx'), type `I' and the correct
spelling (e.g., `I\hbox'). Otherwise just continue,
and I'll forget about whatever was undefined.

! Missing number, treated as zero.
<to be read again> 
                   >
l.99 \end{table}
                
A number should have been here; I inserted `0'.
(If you can't figure out why I needed to see a number,
look up `weird error' in the index to The TeXbook.)

! Undefined control sequence.
<argument> \@currbox 
                     
l.99 \end{table}
                
The control sequence at the end of the top line
of your error message was never \def'ed. If you have
misspelled it (e.g., `\hobx'), type `I' and the correct
spelling (e.g., `I\hbox'). Otherwise just continue,
and I'll forget about whatever was undefined.

! Missing number, treated as zero.
<to be read again> 
                   \@elt 
l.99 \end{table}
                
A number should have been here; I inserted `0'.
(If you can't figure out why I needed to see a number,
look up `weird error' in the index to The TeXbook.)

! Missing = inserted for \ifnum.
<to be read again> 
                   \@elt 
l.99 \end{table}
                
I was expecting to see `<', `=', or `>'. Didn't.

! Missing number, treated as zero.
<to be read again> 
                   \@elt 
l.99 \end{table}
                
A number should have been here; I inserted `0'.
(If you can't figure out why I needed to see a number,
look up `weird error' in the index to The TeXbook.)


! LaTeX Error: This may be a LaTeX bug.

See the LaTeX manual or LaTeX Companion for explanation.
Type  H <return>  for immediate help.
 ...                                              
                                                  
l.99 \end{table}
                
Call for help

! Undefined control sequence.
\@addmarginpar ...advance \@tempdima \ht \@marbox 
                                                  \ifdim \@tempdima >\z@ \@l...
l.99 \end{table}
                
The control sequence at the end of the top line
of your error message was never \def'ed. If you have
misspelled it (e.g., `\hobx'), type `I' and the correct
spelling (e.g., `I\hbox'). Otherwise just continue,
and I'll forget about whatever was undefined.

! Missing number, treated as zero.
<to be read again> 
                   \protect 
l.99 \end{table}
                
A number should have been here; I inserted `0'.
(If you can't figure out why I needed to see a number,
look up `weird error' in the index to The TeXbook.)


LaTeX Warning: Marginpar on page 11 moved.

! Undefined control sequence.
\@addmarginpar ...vance \@mparbottom \dp \@marbox 
                                                  \global \advance \@mparbot...
l.99 \end{table}
                
The control sequence at the end of the top line
of your error message was never \def'ed. If you have
misspelled it (e.g., `\hobx'), type `I' and the correct
spelling (e.g., `I\hbox'). Otherwise just continue,
and I'll forget about whatever was undefined.

! Missing number, treated as zero.
<to be read again> 
                   \global 
l.99 \end{table}
                
A number should have been here; I inserted `0'.
(If you can't figure out why I needed to see a number,
look up `weird error' in the index to The TeXbook.)

! Undefined control sequence.
\@addmarginpar ...dvance \@tempdima -\ht \@marbox 
                                                  \global \setbox \@marbox \...
l.99 \end{table}
                
The control sequence at the end of the top line
of your error message was never \def'ed. If you have
misspelled it (e.g., `\hobx'), type `I' and the correct
spelling (e.g., `I\hbox'). Otherwise just continue,
and I'll forget about whatever was undefined.

! Missing number, treated as zero.
<to be read again> 
                   \global 
l.99 \end{table}
                
A number should have been here; I inserted `0'.
(If you can't figure out why I needed to see a number,
look up `weird error' in the index to The TeXbook.)

! Undefined control sequence.
\@addmarginpar ...marbox \global \setbox \@marbox 
                                                  \vbox {\vskip \@tempdima \...
l.99 \end{table}
                
The control sequence at the end of the top line
of your error message was never \def'ed. If you have
misspelled it (e.g., `\hobx'), type `I' and the correct
spelling (e.g., `I\hbox'). Otherwise just continue,
and I'll forget about whatever was undefined.

! Missing number, treated as zero.
<to be read again> 
                   \vbox 
l.99 \end{table}
                
A number should have been here; I inserted `0'.
(If you can't figure out why I needed to see a number,
look up `weird error' in the index to The TeXbook.)

! Undefined control sequence.
\@addmarginpar ...\vskip \@tempdima \box \@marbox 
                                                  }\global \ht \@marbox \z@ ...
l.99 \end{table}
                
The control sequence at the end of the top line
of your error message was never \def'ed. If you have
misspelled it (e.g., `\hobx'), type `I' and the correct
spelling (e.g., `I\hbox'). Otherwise just continue,
and I'll forget about whatever was undefined.

! Missing number, treated as zero.
<to be read again> 
                   }
l.99 \end{table}
                
A number should have been here; I inserted `0'.
(If you can't figure out why I needed to see a number,
look up `weird error' in the index to The TeXbook.)

! Undefined control sequence.
\@addmarginpar ... \@marbox }\global \ht \@marbox 
                                                  \z@ \global \dp \@marbox \...
l.99 \end{table}
                
The control sequence at the end of the top line
of your error message was never \def'ed. If you have
misspelled it (e.g., `\hobx'), type `I' and the correct
spelling (e.g., `I\hbox'). Otherwise just continue,
and I'll forget about whatever was undefined.

! Missing number, treated as zero.
<to be read again> 
                   \global 
l.99 \end{table}
                
A number should have been here; I inserted `0'.
(If you can't figure out why I needed to see a number,
look up `weird error' in the index to The TeXbook.)

! Illegal unit of measure (pt inserted).
<to be read again> 
                   \global 
l.99 \end{table}
                
Dimensions can be in units of em, ex, in, pt, pc,
cm, mm, dd, cc, nd, nc, bp, or sp; but yours is a new one!
I'll assume that you meant to say pt, for printer's points.
To recover gracefully from this error, it's best to
delete the erroneous units; e.g., type `2' to delete
two letters. (See Chapter 27 of The TeXbook.)

! Undefined control sequence.
\@addmarginpar ...marbox \z@ \global \dp \@marbox 
                                                  \z@ \kern -\@pagedp \noint...
l.99 \end{table}
                
The control sequence at the end of the top line
of your error message was never \def'ed. If you have
misspelled it (e.g., `\hobx'), type `I' and the correct
spelling (e.g., `I\hbox'). Otherwise just continue,
and I'll forget about whatever was undefined.

! Missing number, treated as zero.
<to be read again> 
                   \kern 
l.99 \end{table}
                
A number should have been here; I inserted `0'.
(If you can't figure out why I needed to see a number,
look up `weird error' in the index to The TeXbook.)

! Illegal unit of measure (pt inserted).
<to be read again> 
                   \kern 
l.99 \end{table}
                
Dimensions can be in units of em, ex, in, pt, pc,
cm, mm, dd, cc, nd, nc, bp, or sp; but yours is a new one!
I'll assume that you meant to say pt, for printer's points.
To recover gracefully from this error, it's best to
delete the erroneous units; e.g., type `2' to delete
two letters. (See Chapter 27 of The TeXbook.)

! Undefined control sequence.
\@addmarginpar ...arginparwidth \fi \box \@marbox 
                                                  \hss }\nointerlineskip \hb...
l.99 \end{table}
                
The control sequence at the end of the top line
of your error message was never \def'ed. If you have
misspelled it (e.g., `\hobx'), type `I' and the correct
spelling (e.g., `I\hbox'). Otherwise just continue,
and I'll forget about whatever was undefined.

! Missing number, treated as zero.
<to be read again> 
                   \hss 
l.99 \end{table}
                
A number should have been here; I inserted `0'.
(If you can't figure out why I needed to see a number,
look up `weird error' in the index to The TeXbook.)

)

[11
pdfTeX warning (ext4): destination with the same identifier (name{table.9}) has been already used, duplicate ignored
<argument> ...shipout:D \box_use:N \l_shipout_box 
                                                  \__shipout_drop_firstpage_...
l.243 \paragraph
                {High Price Sensitivity}
pdfTeX warning (ext4): destination with the same identifier (name{table.117}) has been already used, duplicate ignored
<argument> ...shipout:D \box_use:N \l_shipout_box 
                                                  \__shipout_drop_firstpage_...
l.243 \paragraph
                {High Price Sensitivity}
pdfTeX warning (ext4): destination with the same identifier (name{table.119}) has been already used, duplicate ignored
<argument> ...shipout:D \box_use:N \l_shipout_box 
                                                  \__shipout_drop_firstpage_...
l.243 \paragraph
                {High Price Sensitivity}
pdfTeX warning (ext4): destination with the same identifier (name{table.121}) has been already used, duplicate ignored
<argument> ...shipout:D \box_use:N \l_shipout_box 
                                                  \__shipout_drop_firstpage_...
l.243 \paragraph
                {High Price Sensitivity}] (./results/large_model_informed_high_MMNL_5PT/results_table.tex

! LaTeX Error: Too many unprocessed floats.

See the LaTeX manual or LaTeX Companion for explanation.
Type  H <return>  for immediate help.
 ...                                              
                                                  
l.48 \begin{table}[H]
                     
You've lost some text.  Try typing  <return>  to proceed.
If that doesn't work, type  X <return>  to quit.

! Undefined control sequence.
\@float@Hx ...ltovf \fi \global \setbox \@currbox 
                                                  \color@vbox \normalcolor \...
l.48 \begin{table}[H]
                     
The control sequence at the end of the top line
of your error message was never \def'ed. If you have
misspelled it (e.g., `\hobx'), type `I' and the correct
spelling (e.g., `I\hbox'). Otherwise just continue,
and I'll forget about whatever was undefined.

! Missing number, treated as zero.
<to be read again> 
                   \vbox 
l.48 \begin{table}[H]
                     
A number should have been here; I inserted `0'.
(If you can't figure out why I needed to see a number,
look up `weird error' in the index to The TeXbook.)

! Undefined control sequence.
\@largefloatcheck ->\ifdim \ht \@currbox 
                                         >\textheight \@tempdima -\textheigh...
l.73 \end{table}
                
The control sequence at the end of the top line
of your error message was never \def'ed. If you have
misspelled it (e.g., `\hobx'), type `I' and the correct
spelling (e.g., `I\hbox'). Otherwise just continue,
and I'll forget about whatever was undefined.

! Missing number, treated as zero.
<to be read again> 
                   >
l.73 \end{table}
                
A number should have been here; I inserted `0'.
(If you can't figure out why I needed to see a number,
look up `weird error' in the index to The TeXbook.)

! Undefined control sequence.
<argument> \@currbox 
                     
l.73 \end{table}
                
The control sequence at the end of the top line
of your error message was never \def'ed. If you have
misspelled it (e.g., `\hobx'), type `I' and the correct
spelling (e.g., `I\hbox'). Otherwise just continue,
and I'll forget about whatever was undefined.

! Argument of \@xnext has an extra }.
<inserted text> 
                \par 
l.73 \end{table}
                
I've run across a `}' that doesn't seem to match anything.
For example, `\def\a#1{...}' and `\a}' would produce
this error. If you simply proceed now, the `\par' that
I've just inserted will cause me to report a runaway
argument that might be the root of the problem. But if
your `}' was spurious, just type `2' and it will go away.

Runaway argument?
\@currbox \@currlist \ifnum \count \@currbox >\z@ \advance \@pageht \@pagedp \ETC.
! Paragraph ended before \@xnext was complete.
<to be read again> 
                   \par 
l.73 \end{table}
                
I suspect you've forgotten a `}', causing me to apply this
control sequence to too much text. How can we recover?
My plan is to forget the whole thing and hope for the best.

! Extra \else.
\end@float ...pdima \penalty \@floatpenalty \else 
                                                  \vadjust {\penalty -\@Miv ...
l.73 \end{table}
                
I'm ignoring this; it doesn't match any \if.

! You can't use `\vadjust' in vertical mode.
\end@float ...nalty \@floatpenalty \else \vadjust 
                                                  {\penalty -\@Miv \vbox {}\...
l.73 \end{table}
                
Sorry, but I'm not programmed to handle this case;
I'll just pretend that you didn't ask for it.
If you're in the wrong mode, you might be able to
return to the right one by typing `I}' or `I$' or `I\par'.

! Argument of \@xnext has an extra }.
<inserted text> 
                \par 
l.73 \end{table}
                
I've run across a `}' that doesn't seem to match anything.
For example, `\def\a#1{...}' and `\a}' would produce
this error. If you simply proceed now, the `\par' that
I've just inserted will cause me to report a runaway
argument that might be the root of the problem. But if
your `}' was spurious, just type `2' and it will go away.

Runaway argument?
\@currbox \@currlist \ifnum \count \@currbox >\z@ \advance \@pageht \@pagedp \ETC.
! Paragraph ended before \@xnext was complete.
<to be read again> 
                   \par 
l.73 \end{table}
                
I suspect you've forgotten a `}', causing me to apply this
control sequence to too much text. How can we recover?
My plan is to forget the whole thing and hope for the best.


! LaTeX Error: Too many unprocessed floats.

See the LaTeX manual or LaTeX Companion for explanation.
Type  H <return>  for immediate help.
 ...                                              
                                                  
l.74 \begin{table}[H]
                     
You've lost some text.  Try typing  <return>  to proceed.
If that doesn't work, type  X <return>  to quit.

! Undefined control sequence.
\@float@Hx ...ltovf \fi \global \setbox \@currbox 
                                                  \color@vbox \normalcolor \...
l.74 \begin{table}[H]
                     
The control sequence at the end of the top line
of your error message was never \def'ed. If you have
misspelled it (e.g., `\hobx'), type `I' and the correct
spelling (e.g., `I\hbox'). Otherwise just continue,
and I'll forget about whatever was undefined.

! Missing number, treated as zero.
<to be read again> 
                   \vbox 
l.74 \begin{table}[H]
                     
A number should have been here; I inserted `0'.
(If you can't figure out why I needed to see a number,
look up `weird error' in the index to The TeXbook.)

! Undefined control sequence.
\@largefloatcheck ->\ifdim \ht \@currbox 
                                         >\textheight \@tempdima -\textheigh...
l.99 \end{table}
                
The control sequence at the end of the top line
of your error message was never \def'ed. If you have
misspelled it (e.g., `\hobx'), type `I' and the correct
spelling (e.g., `I\hbox'). Otherwise just continue,
and I'll forget about whatever was undefined.

! Missing number, treated as zero.
<to be read again> 
                   >
l.99 \end{table}
                
A number should have been here; I inserted `0'.
(If you can't figure out why I needed to see a number,
look up `weird error' in the index to The TeXbook.)

! Undefined control sequence.
<argument> \@currbox 
                     
l.99 \end{table}
                
The control sequence at the end of the top line
of your error message was never \def'ed. If you have
misspelled it (e.g., `\hobx'), type `I' and the correct
spelling (e.g., `I\hbox'). Otherwise just continue,
and I'll forget about whatever was undefined.

! Missing number, treated as zero.
<to be read again> 
                   \@elt 
l.99 \end{table}
                
A number should have been here; I inserted `0'.
(If you can't figure out why I needed to see a number,
look up `weird error' in the index to The TeXbook.)

! Missing = inserted for \ifnum.
<to be read again> 
                   \@elt 
l.99 \end{table}
                
I was expecting to see `<', `=', or `>'. Didn't.

! Missing number, treated as zero.
<to be read again> 
                   \@elt 
l.99 \end{table}
                
A number should have been here; I inserted `0'.
(If you can't figure out why I needed to see a number,
look up `weird error' in the index to The TeXbook.)


! LaTeX Error: This may be a LaTeX bug.

See the LaTeX manual or LaTeX Companion for explanation.
Type  H <return>  for immediate help.
 ...                                              
                                                  
l.99 \end{table}
                
Call for help

! Undefined control sequence.
\@addmarginpar ...advance \@tempdima \ht \@marbox 
                                                  \ifdim \@tempdima >\z@ \@l...
l.99 \end{table}
                
The control sequence at the end of the top line
of your error message was never \def'ed. If you have
misspelled it (e.g., `\hobx'), type `I' and the correct
spelling (e.g., `I\hbox'). Otherwise just continue,
and I'll forget about whatever was undefined.

! Bad register code (-1458863).
\@addmarginpar ...e \space moved}\else \@tempdima 
                                                  \z@ \fi \global \@mparbott...
l.99 \end{table}
                
A register number must be between 0 and 32767.
I changed this one to zero.

! Missing number, treated as zero.
<to be read again> 
                   \global 
l.99 \end{table}
                
A number should have been here; I inserted `0'.
(If you can't figure out why I needed to see a number,
look up `weird error' in the index to The TeXbook.)

! Illegal unit of measure (pt inserted).
<to be read again> 
                   \global 
l.99 \end{table}
                
Dimensions can be in units of em, ex, in, pt, pc,
cm, mm, dd, cc, nd, nc, bp, or sp; but yours is a new one!
I'll assume that you meant to say pt, for printer's points.
To recover gracefully from this error, it's best to
delete the erroneous units; e.g., type `2' to delete
two letters. (See Chapter 27 of The TeXbook.)

! Undefined control sequence.
\@addmarginpar ...vance \@mparbottom \dp \@marbox 
                                                  \global \advance \@mparbot...
l.99 \end{table}
                
The control sequence at the end of the top line
of your error message was never \def'ed. If you have
misspelled it (e.g., `\hobx'), type `I' and the correct
spelling (e.g., `I\hbox'). Otherwise just continue,
and I'll forget about whatever was undefined.

! Missing number, treated as zero.
<to be read again> 
                   \global 
l.99 \end{table}
                
A number should have been here; I inserted `0'.
(If you can't figure out why I needed to see a number,
look up `weird error' in the index to The TeXbook.)

! Undefined control sequence.
\@addmarginpar ...dvance \@tempdima -\ht \@marbox 
                                                  \global \setbox \@marbox \...
l.99 \end{table}
                
The control sequence at the end of the top line
of your error message was never \def'ed. If you have
misspelled it (e.g., `\hobx'), type `I' and the correct
spelling (e.g., `I\hbox'). Otherwise just continue,
and I'll forget about whatever was undefined.

! Missing number, treated as zero.
<to be read again> 
                   \global 
l.99 \end{table}
                
A number should have been here; I inserted `0'.
(If you can't figure out why I needed to see a number,
look up `weird error' in the index to The TeXbook.)

! Undefined control sequence.
\@addmarginpar ...marbox \global \setbox \@marbox 
                                                  \vbox {\vskip \@tempdima \...
l.99 \end{table}
                
The control sequence at the end of the top line
of your error message was never \def'ed. If you have
misspelled it (e.g., `\hobx'), type `I' and the correct
spelling (e.g., `I\hbox'). Otherwise just continue,
and I'll forget about whatever was undefined.

! Missing number, treated as zero.
<to be read again> 
                   \vbox 
l.99 \end{table}
                
A number should have been here; I inserted `0'.
(If you can't figure out why I needed to see a number,
look up `weird error' in the index to The TeXbook.)

! Undefined control sequence.
\@addmarginpar ...\vskip \@tempdima \box \@marbox 
                                                  }\global \ht \@marbox \z@ ...
l.99 \end{table}
                
The control sequence at the end of the top line
of your error message was never \def'ed. If you have
misspelled it (e.g., `\hobx'), type `I' and the correct
spelling (e.g., `I\hbox'). Otherwise just continue,
and I'll forget about whatever was undefined.

! Missing number, treated as zero.
<to be read again> 
                   }
l.99 \end{table}
                
A number should have been here; I inserted `0'.
(If you can't figure out why I needed to see a number,
look up `weird error' in the index to The TeXbook.)

! Undefined control sequence.
\@addmarginpar ... \@marbox }\global \ht \@marbox 
                                                  \z@ \global \dp \@marbox \...
l.99 \end{table}
                
The control sequence at the end of the top line
of your error message was never \def'ed. If you have
misspelled it (e.g., `\hobx'), type `I' and the correct
spelling (e.g., `I\hbox'). Otherwise just continue,
and I'll forget about whatever was undefined.

! Missing number, treated as zero.
<to be read again> 
                   \global 
l.99 \end{table}
                
A number should have been here; I inserted `0'.
(If you can't figure out why I needed to see a number,
look up `weird error' in the index to The TeXbook.)

! Illegal unit of measure (pt inserted).
<to be read again> 
                   \global 
l.99 \end{table}
                
Dimensions can be in units of em, ex, in, pt, pc,
cm, mm, dd, cc, nd, nc, bp, or sp; but yours is a new one!
I'll assume that you meant to say pt, for printer's points.
To recover gracefully from this error, it's best to
delete the erroneous units; e.g., type `2' to delete
two letters. (See Chapter 27 of The TeXbook.)

! Undefined control sequence.
\@addmarginpar ...marbox \z@ \global \dp \@marbox 
                                                  \z@ \kern -\@pagedp \noint...
l.99 \end{table}
                
The control sequence at the end of the top line
of your error message was never \def'ed. If you have
misspelled it (e.g., `\hobx'), type `I' and the correct
spelling (e.g., `I\hbox'). Otherwise just continue,
and I'll forget about whatever was undefined.

! Missing number, treated as zero.
<to be read again> 
                   \kern 
l.99 \end{table}
                
A number should have been here; I inserted `0'.
(If you can't figure out why I needed to see a number,
look up `weird error' in the index to The TeXbook.)

! Illegal unit of measure (pt inserted).
<to be read again> 
                   \kern 
l.99 \end{table}
                
Dimensions can be in units of em, ex, in, pt, pc,
cm, mm, dd, cc, nd, nc, bp, or sp; but yours is a new one!
I'll assume that you meant to say pt, for printer's points.
To recover gracefully from this error, it's best to
delete the erroneous units; e.g., type `2' to delete
two letters. (See Chapter 27 of The TeXbook.)

! Undefined control sequence.
\@addmarginpar ...arginparwidth \fi \box \@marbox 
                                                  \hss }\nointerlineskip \hb...
l.99 \end{table}
                
The control sequence at the end of the top line
of your error message was never \def'ed. If you have
misspelled it (e.g., `\hobx'), type `I' and the correct
spelling (e.g., `I\hbox'). Otherwise just continue,
and I'll forget about whatever was undefined.

! Missing number, treated as zero.
<to be read again> 
                   \hss 
l.99 \end{table}
                
A number should have been here; I inserted `0'.
(If you can't figure out why I needed to see a number,
look up `weird error' in the index to The TeXbook.)

) (./results/large_classical_low_Probit/results_table.tex

! LaTeX Error: Too many unprocessed floats.

See the LaTeX manual or LaTeX Companion for explanation.
Type  H <return>  for immediate help.
 ...                                              
                                                  
l.1 \begin{table}[H]
                    
You've lost some text.  Try typing  <return>  to proceed.
If that doesn't work, type  X <return>  to quit.

! Undefined control sequence.
\@float@Hx ...ltovf \fi \global \setbox \@currbox 
                                                  \color@vbox \normalcolor \...
l.1 \begin{table}[H]
                    
The control sequence at the end of the top line
of your error message was never \def'ed. If you have
misspelled it (e.g., `\hobx'), type `I' and the correct
spelling (e.g., `I\hbox'). Otherwise just continue,
and I'll forget about whatever was undefined.

! Missing number, treated as zero.
<to be read again> 
                   \vbox 
l.1 \begin{table}[H]
                    
A number should have been here; I inserted `0'.
(If you can't figure out why I needed to see a number,
look up `weird error' in the index to The TeXbook.)

! Undefined control sequence.
\@largefloatcheck ->\ifdim \ht \@currbox 
                                         >\textheight \@tempdima -\textheigh...
l.21 \end{table}
                
The control sequence at the end of the top line
of your error message was never \def'ed. If you have
misspelled it (e.g., `\hobx'), type `I' and the correct
spelling (e.g., `I\hbox'). Otherwise just continue,
and I'll forget about whatever was undefined.

! Missing number, treated as zero.
<to be read again> 
                   >
l.21 \end{table}
                
A number should have been here; I inserted `0'.
(If you can't figure out why I needed to see a number,
look up `weird error' in the index to The TeXbook.)

! Undefined control sequence.
<argument> \@currbox 
                     
l.21 \end{table}
                
The control sequence at the end of the top line
of your error message was never \def'ed. If you have
misspelled it (e.g., `\hobx'), type `I' and the correct
spelling (e.g., `I\hbox'). Otherwise just continue,
and I'll forget about whatever was undefined.

! Argument of \@xnext has an extra }.
<inserted text> 
                \par 
l.21 \end{table}
                
I've run across a `}' that doesn't seem to match anything.
For example, `\def\a#1{...}' and `\a}' would produce
this error. If you simply proceed now, the `\par' that
I've just inserted will cause me to report a runaway
argument that might be the root of the problem. But if
your `}' was spurious, just type `2' and it will go away.

Runaway argument?
\@currbox \@currlist \ifnum \count \@currbox >\z@ \advance \@pageht \@pagedp \ETC.
! Paragraph ended before \@xnext was complete.
<to be read again> 
                   \par 
l.21 \end{table}
                
I suspect you've forgotten a `}', causing me to apply this
control sequence to too much text. How can we recover?
My plan is to forget the whole thing and hope for the best.

! Extra \else.
\end@float ...pdima \penalty \@floatpenalty \else 
                                                  \vadjust {\penalty -\@Miv ...
l.21 \end{table}
                
I'm ignoring this; it doesn't match any \if.

! You can't use `\vadjust' in vertical mode.
\end@float ...nalty \@floatpenalty \else \vadjust 
                                                  {\penalty -\@Miv \vbox {}\...
l.21 \end{table}
                
Sorry, but I'm not programmed to handle this case;
I'll just pretend that you didn't ask for it.
If you're in the wrong mode, you might be able to
return to the right one by typing `I}' or `I$' or `I\par'.

! Argument of \@xnext has an extra }.
<inserted text> 
                \par 
l.21 \end{table}
                
I've run across a `}' that doesn't seem to match anything.
For example, `\def\a#1{...}' and `\a}' would produce
this error. If you simply proceed now, the `\par' that
I've just inserted will cause me to report a runaway
argument that might be the root of the problem. But if
your `}' was spurious, just type `2' and it will go away.

Runaway argument?
\@currbox \@currlist \ifnum \count \@currbox >\z@ \advance \@pageht \@pagedp \ETC.
! Paragraph ended before \@xnext was complete.
<to be read again> 
                   \par 
l.21 \end{table}
                
I suspect you've forgotten a `}', causing me to apply this
control sequence to too much text. How can we recover?
My plan is to forget the whole thing and hope for the best.

) (./results/large_classical_high_Probit/results_table.tex

! LaTeX Error: Too many unprocessed floats.

See the LaTeX manual or LaTeX Companion for explanation.
Type  H <return>  for immediate help.
 ...                                              
                                                  
l.1 \begin{table}[H]
                    
You've lost some text.  Try typing  <return>  to proceed.
If that doesn't work, type  X <return>  to quit.

! Undefined control sequence.
\@float@Hx ...ltovf \fi \global \setbox \@currbox 
                                                  \color@vbox \normalcolor \...
l.1 \begin{table}[H]
                    
The control sequence at the end of the top line
of your error message was never \def'ed. If you have
misspelled it (e.g., `\hobx'), type `I' and the correct
spelling (e.g., `I\hbox'). Otherwise just continue,
and I'll forget about whatever was undefined.

! Missing number, treated as zero.
<to be read again> 
                   \vbox 
l.1 \begin{table}[H]
                    
A number should have been here; I inserted `0'.
(If you can't figure out why I needed to see a number,
look up `weird error' in the index to The TeXbook.)

! Undefined control sequence.
\@largefloatcheck ->\ifdim \ht \@currbox 
                                         >\textheight \@tempdima -\textheigh...
l.21 \end{table}
                
The control sequence at the end of the top line
of your error message was never \def'ed. If you have
misspelled it (e.g., `\hobx'), type `I' and the correct
spelling (e.g., `I\hbox'). Otherwise just continue,
and I'll forget about whatever was undefined.

! Missing number, treated as zero.
<to be read again> 
                   >
l.21 \end{table}
                
A number should have been here; I inserted `0'.
(If you can't figure out why I needed to see a number,
look up `weird error' in the index to The TeXbook.)

! Undefined control sequence.
<argument> \@currbox 
                     
l.21 \end{table}
                
The control sequence at the end of the top line
of your error message was never \def'ed. If you have
misspelled it (e.g., `\hobx'), type `I' and the correct
spelling (e.g., `I\hbox'). Otherwise just continue,
and I'll forget about whatever was undefined.

! Missing number, treated as zero.
<to be read again> 
                   \@elt 
l.21 \end{table}
                
A number should have been here; I inserted `0'.
(If you can't figure out why I needed to see a number,
look up `weird error' in the index to The TeXbook.)

! Missing = inserted for \ifnum.
<to be read again> 
                   \@elt 
l.21 \end{table}
                
I was expecting to see `<', `=', or `>'. Didn't.

! Missing number, treated as zero.
<to be read again> 
                   \@elt 
l.21 \end{table}
                
A number should have been here; I inserted `0'.
(If you can't figure out why I needed to see a number,
look up `weird error' in the index to The TeXbook.)


! LaTeX Error: This may be a LaTeX bug.

See the LaTeX manual or LaTeX Companion for explanation.
Type  H <return>  for immediate help.
 ...                                              
                                                  
l.21 \end{table}
                
Call for help

! Undefined control sequence.
\@addmarginpar ...advance \@tempdima \ht \@marbox 
                                                  \ifdim \@tempdima >\z@ \@l...
l.21 \end{table}
                
The control sequence at the end of the top line
of your error message was never \def'ed. If you have
misspelled it (e.g., `\hobx'), type `I' and the correct
spelling (e.g., `I\hbox'). Otherwise just continue,
and I'll forget about whatever was undefined.

! Missing number, treated as zero.
<to be read again> 
                   \protect 
l.21 \end{table}
                
A number should have been here; I inserted `0'.
(If you can't figure out why I needed to see a number,
look up `weird error' in the index to The TeXbook.)


LaTeX Warning: Marginpar on page 12 moved.

! Undefined control sequence.
\@addmarginpar ...vance \@mparbottom \dp \@marbox 
                                                  \global \advance \@mparbot...
l.21 \end{table}
                
The control sequence at the end of the top line
of your error message was never \def'ed. If you have
misspelled it (e.g., `\hobx'), type `I' and the correct
spelling (e.g., `I\hbox'). Otherwise just continue,
and I'll forget about whatever was undefined.

! Missing number, treated as zero.
<to be read again> 
                   \global 
l.21 \end{table}
                
A number should have been here; I inserted `0'.
(If you can't figure out why I needed to see a number,
look up `weird error' in the index to The TeXbook.)

! Undefined control sequence.
\@addmarginpar ...dvance \@tempdima -\ht \@marbox 
                                                  \global \setbox \@marbox \...
l.21 \end{table}
                
The control sequence at the end of the top line
of your error message was never \def'ed. If you have
misspelled it (e.g., `\hobx'), type `I' and the correct
spelling (e.g., `I\hbox'). Otherwise just continue,
and I'll forget about whatever was undefined.

! Missing number, treated as zero.
<to be read again> 
                   \global 
l.21 \end{table}
                
A number should have been here; I inserted `0'.
(If you can't figure out why I needed to see a number,
look up `weird error' in the index to The TeXbook.)

! Undefined control sequence.
\@addmarginpar ...marbox \global \setbox \@marbox 
                                                  \vbox {\vskip \@tempdima \...
l.21 \end{table}
                
The control sequence at the end of the top line
of your error message was never \def'ed. If you have
misspelled it (e.g., `\hobx'), type `I' and the correct
spelling (e.g., `I\hbox'). Otherwise just continue,
and I'll forget about whatever was undefined.

! Missing number, treated as zero.
<to be read again> 
                   \vbox 
l.21 \end{table}
                
A number should have been here; I inserted `0'.
(If you can't figure out why I needed to see a number,
look up `weird error' in the index to The TeXbook.)

! Undefined control sequence.
\@addmarginpar ...\vskip \@tempdima \box \@marbox 
                                                  }\global \ht \@marbox \z@ ...
l.21 \end{table}
                
The control sequence at the end of the top line
of your error message was never \def'ed. If you have
misspelled it (e.g., `\hobx'), type `I' and the correct
spelling (e.g., `I\hbox'). Otherwise just continue,
and I'll forget about whatever was undefined.

! Missing number, treated as zero.
<to be read again> 
                   }
l.21 \end{table}
                
A number should have been here; I inserted `0'.
(If you can't figure out why I needed to see a number,
look up `weird error' in the index to The TeXbook.)

! Undefined control sequence.
\@addmarginpar ... \@marbox }\global \ht \@marbox 
                                                  \z@ \global \dp \@marbox \...
l.21 \end{table}
                
The control sequence at the end of the top line
of your error message was never \def'ed. If you have
misspelled it (e.g., `\hobx'), type `I' and the correct
spelling (e.g., `I\hbox'). Otherwise just continue,
and I'll forget about whatever was undefined.

! Missing number, treated as zero.
<to be read again> 
                   \global 
l.21 \end{table}
                
A number should have been here; I inserted `0'.
(If you can't figure out why I needed to see a number,
look up `weird error' in the index to The TeXbook.)

! Illegal unit of measure (pt inserted).
<to be read again> 
                   \global 
l.21 \end{table}
                
Dimensions can be in units of em, ex, in, pt, pc,
cm, mm, dd, cc, nd, nc, bp, or sp; but yours is a new one!
I'll assume that you meant to say pt, for printer's points.
To recover gracefully from this error, it's best to
delete the erroneous units; e.g., type `2' to delete
two letters. (See Chapter 27 of The TeXbook.)

! Undefined control sequence.
\@addmarginpar ...marbox \z@ \global \dp \@marbox 
                                                  \z@ \kern -\@pagedp \noint...
l.21 \end{table}
                
The control sequence at the end of the top line
of your error message was never \def'ed. If you have
misspelled it (e.g., `\hobx'), type `I' and the correct
spelling (e.g., `I\hbox'). Otherwise just continue,
and I'll forget about whatever was undefined.

! Missing number, treated as zero.
<to be read again> 
                   \kern 
l.21 \end{table}
                
A number should have been here; I inserted `0'.
(If you can't figure out why I needed to see a number,
look up `weird error' in the index to The TeXbook.)

! Illegal unit of measure (pt inserted).
<to be read again> 
                   \kern 
l.21 \end{table}
                
Dimensions can be in units of em, ex, in, pt, pc,
cm, mm, dd, cc, nd, nc, bp, or sp; but yours is a new one!
I'll assume that you meant to say pt, for printer's points.
To recover gracefully from this error, it's best to
delete the erroneous units; e.g., type `2' to delete
two letters. (See Chapter 27 of The TeXbook.)

! Undefined control sequence.
\@addmarginpar ...arginparwidth \fi \box \@marbox 
                                                  \hss }\nointerlineskip \hb...
l.21 \end{table}
                
The control sequence at the end of the top line
of your error message was never \def'ed. If you have
misspelled it (e.g., `\hobx'), type `I' and the correct
spelling (e.g., `I\hbox'). Otherwise just continue,
and I'll forget about whatever was undefined.

! Missing number, treated as zero.
<to be read again> 
                   \hss 
l.21 \end{table}
                
A number should have been here; I inserted `0'.
(If you can't figure out why I needed to see a number,
look up `weird error' in the index to The TeXbook.)

) (./results/large_model_informed_low_Probit/results_table.tex

! LaTeX Error: Too many unprocessed floats.

See the LaTeX manual or LaTeX Companion for explanation.
Type  H <return>  for immediate help.
 ...                                              
                                                  
l.1 \begin{table}[H]
                    
You've lost some text.  Try typing  <return>  to proceed.
If that doesn't work, type  X <return>  to quit.

! Undefined control sequence.
\@float@Hx ...ltovf \fi \global \setbox \@currbox 
                                                  \color@vbox \normalcolor \...
l.1 \begin{table}[H]
                    
The control sequence at the end of the top line
of your error message was never \def'ed. If you have
misspelled it (e.g., `\hobx'), type `I' and the correct
spelling (e.g., `I\hbox'). Otherwise just continue,
and I'll forget about whatever was undefined.

! Missing number, treated as zero.
<to be read again> 
                   \vbox 
l.1 \begin{table}[H]
                    
A number should have been here; I inserted `0'.
(If you can't figure out why I needed to see a number,
look up `weird error' in the index to The TeXbook.)

! Undefined control sequence.
\@largefloatcheck ->\ifdim \ht \@currbox 
                                         >\textheight \@tempdima -\textheigh...
l.21 \end{table}
                
The control sequence at the end of the top line
of your error message was never \def'ed. If you have
misspelled it (e.g., `\hobx'), type `I' and the correct
spelling (e.g., `I\hbox'). Otherwise just continue,
and I'll forget about whatever was undefined.

! Missing number, treated as zero.
<to be read again> 
                   >
l.21 \end{table}
                
A number should have been here; I inserted `0'.
(If you can't figure out why I needed to see a number,
look up `weird error' in the index to The TeXbook.)

! Undefined control sequence.
<argument> \@currbox 
                     
l.21 \end{table}
                
The control sequence at the end of the top line
of your error message was never \def'ed. If you have
misspelled it (e.g., `\hobx'), type `I' and the correct
spelling (e.g., `I\hbox'). Otherwise just continue,
and I'll forget about whatever was undefined.

! Argument of \@xnext has an extra }.
<inserted text> 
                \par 
l.21 \end{table}
                
I've run across a `}' that doesn't seem to match anything.
For example, `\def\a#1{...}' and `\a}' would produce
this error. If you simply proceed now, the `\par' that
I've just inserted will cause me to report a runaway
argument that might be the root of the problem. But if
your `}' was spurious, just type `2' and it will go away.

Runaway argument?
\@currbox \@currlist \ifnum \count \@currbox >\z@ \advance \@pageht \@pagedp \ETC.
! Paragraph ended before \@xnext was complete.
<to be read again> 
                   \par 
l.21 \end{table}
                
I suspect you've forgotten a `}', causing me to apply this
control sequence to too much text. How can we recover?
My plan is to forget the whole thing and hope for the best.

! Extra \else.
\end@float ...pdima \penalty \@floatpenalty \else 
                                                  \vadjust {\penalty -\@Miv ...
l.21 \end{table}
                
I'm ignoring this; it doesn't match any \if.

! You can't use `\vadjust' in vertical mode.
\end@float ...nalty \@floatpenalty \else \vadjust 
                                                  {\penalty -\@Miv \vbox {}\...
l.21 \end{table}
                
Sorry, but I'm not programmed to handle this case;
I'll just pretend that you didn't ask for it.
If you're in the wrong mode, you might be able to
return to the right one by typing `I}' or `I$' or `I\par'.

! Argument of \@xnext has an extra }.
<inserted text> 
                \par 
l.21 \end{table}
                
I've run across a `}' that doesn't seem to match anything.
For example, `\def\a#1{...}' and `\a}' would produce
this error. If you simply proceed now, the `\par' that
I've just inserted will cause me to report a runaway
argument that might be the root of the problem. But if
your `}' was spurious, just type `2' and it will go away.

Runaway argument?
\@currbox \@currlist \ifnum \count \@currbox >\z@ \advance \@pageht \@pagedp \ETC.
! Paragraph ended before \@xnext was complete.
<to be read again> 
                   \par 
l.21 \end{table}
                
I suspect you've forgotten a `}', causing me to apply this
control sequence to too much text. How can we recover?
My plan is to forget the whole thing and hope for the best.

) (./results/large_model_informed_high_Probit/results_table.tex

! LaTeX Error: Too many unprocessed floats.

See the LaTeX manual or LaTeX Companion for explanation.
Type  H <return>  for immediate help.
 ...                                              
                                                  
l.1 \begin{table}[H]
                    
You've lost some text.  Try typing  <return>  to proceed.
If that doesn't work, type  X <return>  to quit.

! Undefined control sequence.
\@float@Hx ...ltovf \fi \global \setbox \@currbox 
                                                  \color@vbox \normalcolor \...
l.1 \begin{table}[H]
                    
The control sequence at the end of the top line
of your error message was never \def'ed. If you have
misspelled it (e.g., `\hobx'), type `I' and the correct
spelling (e.g., `I\hbox'). Otherwise just continue,
and I'll forget about whatever was undefined.

! Missing number, treated as zero.
<to be read again> 
                   \vbox 
l.1 \begin{table}[H]
                    
A number should have been here; I inserted `0'.
(If you can't figure out why I needed to see a number,
look up `weird error' in the index to The TeXbook.)

! Undefined control sequence.
\@largefloatcheck ->\ifdim \ht \@currbox 
                                         >\textheight \@tempdima -\textheigh...
l.21 \end{table}
                
The control sequence at the end of the top line
of your error message was never \def'ed. If you have
misspelled it (e.g., `\hobx'), type `I' and the correct
spelling (e.g., `I\hbox'). Otherwise just continue,
and I'll forget about whatever was undefined.

! Missing number, treated as zero.
<to be read again> 
                   >
l.21 \end{table}
                
A number should have been here; I inserted `0'.
(If you can't figure out why I needed to see a number,
look up `weird error' in the index to The TeXbook.)

! Undefined control sequence.
<argument> \@currbox 
                     
l.21 \end{table}
                
The control sequence at the end of the top line
of your error message was never \def'ed. If you have
misspelled it (e.g., `\hobx'), type `I' and the correct
spelling (e.g., `I\hbox'). Otherwise just continue,
and I'll forget about whatever was undefined.

! Missing number, treated as zero.
<to be read again> 
                   \@elt 
l.21 \end{table}
                
A number should have been here; I inserted `0'.
(If you can't figure out why I needed to see a number,
look up `weird error' in the index to The TeXbook.)

! Missing = inserted for \ifnum.
<to be read again> 
                   \@elt 
l.21 \end{table}
                
I was expecting to see `<', `=', or `>'. Didn't.

! Missing number, treated as zero.
<to be read again> 
                   \@elt 
l.21 \end{table}
                
A number should have been here; I inserted `0'.
(If you can't figure out why I needed to see a number,
look up `weird error' in the index to The TeXbook.)


! LaTeX Error: This may be a LaTeX bug.

See the LaTeX manual or LaTeX Companion for explanation.
Type  H <return>  for immediate help.
 ...                                              
                                                  
l.21 \end{table}
                
Call for help

! Undefined control sequence.
\@addmarginpar ...advance \@tempdima \ht \@marbox 
                                                  \ifdim \@tempdima >\z@ \@l...
l.21 \end{table}
                
The control sequence at the end of the top line
of your error message was never \def'ed. If you have
misspelled it (e.g., `\hobx'), type `I' and the correct
spelling (e.g., `I\hbox'). Otherwise just continue,
and I'll forget about whatever was undefined.

! Missing number, treated as zero.
<to be read again> 
                   \protect 
l.21 \end{table}
                
A number should have been here; I inserted `0'.
(If you can't figure out why I needed to see a number,
look up `weird error' in the index to The TeXbook.)


LaTeX Warning: Marginpar on page 12 moved.

! Undefined control sequence.
\@addmarginpar ...vance \@mparbottom \dp \@marbox 
                                                  \global \advance \@mparbot...
l.21 \end{table}
                
The control sequence at the end of the top line
of your error message was never \def'ed. If you have
misspelled it (e.g., `\hobx'), type `I' and the correct
spelling (e.g., `I\hbox'). Otherwise just continue,
and I'll forget about whatever was undefined.

! Missing number, treated as zero.
<to be read again> 
                   \global 
l.21 \end{table}
                
A number should have been here; I inserted `0'.
(If you can't figure out why I needed to see a number,
look up `weird error' in the index to The TeXbook.)

! Undefined control sequence.
\@addmarginpar ...dvance \@tempdima -\ht \@marbox 
                                                  \global \setbox \@marbox \...
l.21 \end{table}
                
The control sequence at the end of the top line
of your error message was never \def'ed. If you have
misspelled it (e.g., `\hobx'), type `I' and the correct
spelling (e.g., `I\hbox'). Otherwise just continue,
and I'll forget about whatever was undefined.

! Missing number, treated as zero.
<to be read again> 
                   \global 
l.21 \end{table}
                
A number should have been here; I inserted `0'.
(If you can't figure out why I needed to see a number,
look up `weird error' in the index to The TeXbook.)

! Undefined control sequence.
\@addmarginpar ...marbox \global \setbox \@marbox 
                                                  \vbox {\vskip \@tempdima \...
l.21 \end{table}
                
The control sequence at the end of the top line
of your error message was never \def'ed. If you have
misspelled it (e.g., `\hobx'), type `I' and the correct
spelling (e.g., `I\hbox'). Otherwise just continue,
and I'll forget about whatever was undefined.

! Missing number, treated as zero.
<to be read again> 
                   \vbox 
l.21 \end{table}
                
A number should have been here; I inserted `0'.
(If you can't figure out why I needed to see a number,
look up `weird error' in the index to The TeXbook.)

! Undefined control sequence.
\@addmarginpar ...\vskip \@tempdima \box \@marbox 
                                                  }\global \ht \@marbox \z@ ...
l.21 \end{table}
                
The control sequence at the end of the top line
of your error message was never \def'ed. If you have
misspelled it (e.g., `\hobx'), type `I' and the correct
spelling (e.g., `I\hbox'). Otherwise just continue,
and I'll forget about whatever was undefined.

! Missing number, treated as zero.
<to be read again> 
                   }
l.21 \end{table}
                
A number should have been here; I inserted `0'.
(If you can't figure out why I needed to see a number,
look up `weird error' in the index to The TeXbook.)

! Undefined control sequence.
\@addmarginpar ... \@marbox }\global \ht \@marbox 
                                                  \z@ \global \dp \@marbox \...
l.21 \end{table}
                
The control sequence at the end of the top line
of your error message was never \def'ed. If you have
misspelled it (e.g., `\hobx'), type `I' and the correct
spelling (e.g., `I\hbox'). Otherwise just continue,
and I'll forget about whatever was undefined.

! Missing number, treated as zero.
<to be read again> 
                   \global 
l.21 \end{table}
                
A number should have been here; I inserted `0'.
(If you can't figure out why I needed to see a number,
look up `weird error' in the index to The TeXbook.)

! Illegal unit of measure (pt inserted).
<to be read again> 
                   \global 
l.21 \end{table}
                
Dimensions can be in units of em, ex, in, pt, pc,
cm, mm, dd, cc, nd, nc, bp, or sp; but yours is a new one!
I'll assume that you meant to say pt, for printer's points.
To recover gracefully from this error, it's best to
delete the erroneous units; e.g., type `2' to delete
two letters. (See Chapter 27 of The TeXbook.)

! Undefined control sequence.
\@addmarginpar ...marbox \z@ \global \dp \@marbox 
                                                  \z@ \kern -\@pagedp \noint...
l.21 \end{table}
                
The control sequence at the end of the top line
of your error message was never \def'ed. If you have
misspelled it (e.g., `\hobx'), type `I' and the correct
spelling (e.g., `I\hbox'). Otherwise just continue,
and I'll forget about whatever was undefined.

! Missing number, treated as zero.
<to be read again> 
                   \kern 
l.21 \end{table}
                
A number should have been here; I inserted `0'.
(If you can't figure out why I needed to see a number,
look up `weird error' in the index to The TeXbook.)

! Illegal unit of measure (pt inserted).
<to be read again> 
                   \kern 
l.21 \end{table}
                
Dimensions can be in units of em, ex, in, pt, pc,
cm, mm, dd, cc, nd, nc, bp, or sp; but yours is a new one!
I'll assume that you meant to say pt, for printer's points.
To recover gracefully from this error, it's best to
delete the erroneous units; e.g., type `2' to delete
two letters. (See Chapter 27 of The TeXbook.)

! Undefined control sequence.
\@addmarginpar ...arginparwidth \fi \box \@marbox 
                                                  \hss }\nointerlineskip \hb...
l.21 \end{table}
                
The control sequence at the end of the top line
of your error message was never \def'ed. If you have
misspelled it (e.g., `\hobx'), type `I' and the correct
spelling (e.g., `I\hbox'). Otherwise just continue,
and I'll forget about whatever was undefined.

! Missing number, treated as zero.
<to be read again> 
                   \hss 
l.21 \end{table}
                
A number should have been here; I inserted `0'.
(If you can't figure out why I needed to see a number,
look up `weird error' in the index to The TeXbook.)

) (./results/large_classical_low_MNLrefPrice/results_table.tex

! LaTeX Error: Too many unprocessed floats.

See the LaTeX manual or LaTeX Companion for explanation.
Type  H <return>  for immediate help.
 ...                                              
                                                  
l.1 \begin{table}[H]
                    
You've lost some text.  Try typing  <return>  to proceed.
If that doesn't work, type  X <return>  to quit.

! Undefined control sequence.
\@float@Hx ...ltovf \fi \global \setbox \@currbox 
                                                  \color@vbox \normalcolor \...
l.1 \begin{table}[H]
                    
The control sequence at the end of the top line
of your error message was never \def'ed. If you have
misspelled it (e.g., `\hobx'), type `I' and the correct
spelling (e.g., `I\hbox'). Otherwise just continue,
and I'll forget about whatever was undefined.

! Missing number, treated as zero.
<to be read again> 
                   \vbox 
l.1 \begin{table}[H]
                    
A number should have been here; I inserted `0'.
(If you can't figure out why I needed to see a number,
look up `weird error' in the index to The TeXbook.)

! Undefined control sequence.
\@largefloatcheck ->\ifdim \ht \@currbox 
                                         >\textheight \@tempdima -\textheigh...
l.21 \end{table}
                
The control sequence at the end of the top line
of your error message was never \def'ed. If you have
misspelled it (e.g., `\hobx'), type `I' and the correct
spelling (e.g., `I\hbox'). Otherwise just continue,
and I'll forget about whatever was undefined.

! Missing number, treated as zero.
<to be read again> 
                   >
l.21 \end{table}
                
A number should have been here; I inserted `0'.
(If you can't figure out why I needed to see a number,
look up `weird error' in the index to The TeXbook.)

! Undefined control sequence.
<argument> \@currbox 
                     
l.21 \end{table}
                
The control sequence at the end of the top line
of your error message was never \def'ed. If you have
misspelled it (e.g., `\hobx'), type `I' and the correct
spelling (e.g., `I\hbox'). Otherwise just continue,
and I'll forget about whatever was undefined.



[12
pdfTeX warning (ext4): destination with the same identifier (name{table.10}) has been already used, duplicate ignored
<argument> ...shipout:D \box_use:N \l_shipout_box 
                                                  \__shipout_drop_firstpage_...
l.21 \end{table}
                
pdfTeX warning (ext4): destination with the same identifier (name{table.11}) has been already used, duplicate ignored
<argument> ...shipout:D \box_use:N \l_shipout_box 
                                                  \__shipout_drop_firstpage_...
l.21 \end{table}
                
pdfTeX warning (ext4): destination with the same identifier (name{table.124}) has been already used, duplicate ignored
<argument> ...shipout:D \box_use:N \l_shipout_box 
                                                  \__shipout_drop_firstpage_...
l.21 \end{table}
                ]
! Argument of \@xnext has an extra }.
<inserted text> 
                \par 
l.21 \end{table}
                
I've run across a `}' that doesn't seem to match anything.
For example, `\def\a#1{...}' and `\a}' would produce
this error. If you simply proceed now, the `\par' that
I've just inserted will cause me to report a runaway
argument that might be the root of the problem. But if
your `}' was spurious, just type `2' and it will go away.

Runaway argument?
\@currbox \@currlist \ifnum \count \@currbox >\z@ \advance \@pageht \@pagedp \ETC.
! Paragraph ended before \@xnext was complete.
<to be read again> 
                   \par 
l.21 \end{table}
                
I suspect you've forgotten a `}', causing me to apply this
control sequence to too much text. How can we recover?
My plan is to forget the whole thing and hope for the best.

! Extra \else.
\end@float ...pdima \penalty \@floatpenalty \else 
                                                  \vadjust {\penalty -\@Miv ...
l.21 \end{table}
                
I'm ignoring this; it doesn't match any \if.

! You can't use `\vadjust' in vertical mode.
\end@float ...nalty \@floatpenalty \else \vadjust 
                                                  {\penalty -\@Miv \vbox {}\...
l.21 \end{table}
                
Sorry, but I'm not programmed to handle this case;
I'll just pretend that you didn't ask for it.
If you're in the wrong mode, you might be able to
return to the right one by typing `I}' or `I$' or `I\par'.

! Argument of \@xnext has an extra }.
<inserted text> 
                \par 
l.21 \end{table}
                
I've run across a `}' that doesn't seem to match anything.
For example, `\def\a#1{...}' and `\a}' would produce
this error. If you simply proceed now, the `\par' that
I've just inserted will cause me to report a runaway
argument that might be the root of the problem. But if
your `}' was spurious, just type `2' and it will go away.

Runaway argument?
\@currbox \@currlist \ifnum \count \@currbox >\z@ \advance \@pageht \@pagedp \ETC.
! Paragraph ended before \@xnext was complete.
<to be read again> 
                   \par 
l.21 \end{table}
                
I suspect you've forgotten a `}', causing me to apply this
control sequence to too much text. How can we recover?
My plan is to forget the whole thing and hope for the best.

) (./results/large_classical_high_MNLrefPrice/results_table.tex
! Missing number, treated as zero.
<to be read again> 
                   \@elt 
l.21 \end{table}
                
A number should have been here; I inserted `0'.
(If you can't figure out why I needed to see a number,
look up `weird error' in the index to The TeXbook.)

! Missing = inserted for \ifnum.
<to be read again> 
                   \@elt 
l.21 \end{table}
                
I was expecting to see `<', `=', or `>'. Didn't.

! Missing number, treated as zero.
<to be read again> 
                   \@elt 
l.21 \end{table}
                
A number should have been here; I inserted `0'.
(If you can't figure out why I needed to see a number,
look up `weird error' in the index to The TeXbook.)

! Use of \@xnext doesn't match its definition.
\@currlist ->\bx@M 
                   
l.21 \end{table}
                
If you say, e.g., `\def\a1{...}', then you must always
put `1' after `\a', since control sequence names are
made up of letters only. The macro here has not been
followed by the required stuff, so I'm ignoring it.

! Undefined control sequence.
\@next ...mpty #4\else \expandafter \@xnext #2\@@ 
                                                  #1#2#3\fi 
l.21 \end{table}
                
The control sequence at the end of the top line
of your error message was never \def'ed. If you have
misspelled it (e.g., `\hobx'), type `I' and the correct
spelling (e.g., `I\hbox'). Otherwise just continue,
and I'll forget about whatever was undefined.

! Undefined control sequence.
<argument> \@marbox 
                    
l.21 \end{table}
                
The control sequence at the end of the top line
of your error message was never \def'ed. If you have
misspelled it (e.g., `\hobx'), type `I' and the correct
spelling (e.g., `I\hbox'). Otherwise just continue,
and I'll forget about whatever was undefined.

! Undefined control sequence.
<argument> \@marbox 
                    
l.21 \end{table}
                
The control sequence at the end of the top line
of your error message was never \def'ed. If you have
misspelled it (e.g., `\hobx'), type `I' and the correct
spelling (e.g., `I\hbox'). Otherwise just continue,
and I'll forget about whatever was undefined.

! Undefined control sequence.
\@addmarginpar ...advance \@tempdima \ht \@marbox 
                                                  \ifdim \@tempdima >\z@ \@l...
l.21 \end{table}
                
The control sequence at the end of the top line
of your error message was never \def'ed. If you have
misspelled it (e.g., `\hobx'), type `I' and the correct
spelling (e.g., `I\hbox'). Otherwise just continue,
and I'll forget about whatever was undefined.

! Bad register code (-3056189).
\@addmarginpar ...e \space moved}\else \@tempdima 
                                                  \z@ \fi \global \@mparbott...
l.21 \end{table}
                
A register number must be between 0 and 32767.
I changed this one to zero.

! Missing number, treated as zero.
<to be read again> 
                   \global 
l.21 \end{table}
                
A number should have been here; I inserted `0'.
(If you can't figure out why I needed to see a number,
look up `weird error' in the index to The TeXbook.)

! Illegal unit of measure (pt inserted).
<to be read again> 
                   \global 
l.21 \end{table}
                
Dimensions can be in units of em, ex, in, pt, pc,
cm, mm, dd, cc, nd, nc, bp, or sp; but yours is a new one!
I'll assume that you meant to say pt, for printer's points.
To recover gracefully from this error, it's best to
delete the erroneous units; e.g., type `2' to delete
two letters. (See Chapter 27 of The TeXbook.)

! Undefined control sequence.
\@addmarginpar ...vance \@mparbottom \dp \@marbox 
                                                  \global \advance \@mparbot...
l.21 \end{table}
                
The control sequence at the end of the top line
of your error message was never \def'ed. If you have
misspelled it (e.g., `\hobx'), type `I' and the correct
spelling (e.g., `I\hbox'). Otherwise just continue,
and I'll forget about whatever was undefined.

! Missing number, treated as zero.
<to be read again> 
                   \global 
l.21 \end{table}
                
A number should have been here; I inserted `0'.
(If you can't figure out why I needed to see a number,
look up `weird error' in the index to The TeXbook.)

! Undefined control sequence.
\@addmarginpar ...dvance \@tempdima -\ht \@marbox 
                                                  \global \setbox \@marbox \...
l.21 \end{table}
                
The control sequence at the end of the top line
of your error message was never \def'ed. If you have
misspelled it (e.g., `\hobx'), type `I' and the correct
spelling (e.g., `I\hbox'). Otherwise just continue,
and I'll forget about whatever was undefined.

! Missing number, treated as zero.
<to be read again> 
                   \global 
l.21 \end{table}
                
A number should have been here; I inserted `0'.
(If you can't figure out why I needed to see a number,
look up `weird error' in the index to The TeXbook.)

! Undefined control sequence.
\@addmarginpar ...marbox \global \setbox \@marbox 
                                                  \vbox {\vskip \@tempdima \...
l.21 \end{table}
                
The control sequence at the end of the top line
of your error message was never \def'ed. If you have
misspelled it (e.g., `\hobx'), type `I' and the correct
spelling (e.g., `I\hbox'). Otherwise just continue,
and I'll forget about whatever was undefined.

! Missing number, treated as zero.
<to be read again> 
                   \vbox 
l.21 \end{table}
                
A number should have been here; I inserted `0'.
(If you can't figure out why I needed to see a number,
look up `weird error' in the index to The TeXbook.)

! Undefined control sequence.
\@addmarginpar ...\vskip \@tempdima \box \@marbox 
                                                  }\global \ht \@marbox \z@ ...
l.21 \end{table}
                
The control sequence at the end of the top line
of your error message was never \def'ed. If you have
misspelled it (e.g., `\hobx'), type `I' and the correct
spelling (e.g., `I\hbox'). Otherwise just continue,
and I'll forget about whatever was undefined.

! Missing number, treated as zero.
<to be read again> 
                   }
l.21 \end{table}
                
A number should have been here; I inserted `0'.
(If you can't figure out why I needed to see a number,
look up `weird error' in the index to The TeXbook.)

! Undefined control sequence.
\@addmarginpar ... \@marbox }\global \ht \@marbox 
                                                  \z@ \global \dp \@marbox \...
l.21 \end{table}
                
The control sequence at the end of the top line
of your error message was never \def'ed. If you have
misspelled it (e.g., `\hobx'), type `I' and the correct
spelling (e.g., `I\hbox'). Otherwise just continue,
and I'll forget about whatever was undefined.

! Missing number, treated as zero.
<to be read again> 
                   \global 
l.21 \end{table}
                
A number should have been here; I inserted `0'.
(If you can't figure out why I needed to see a number,
look up `weird error' in the index to The TeXbook.)

! Illegal unit of measure (pt inserted).
<to be read again> 
                   \global 
l.21 \end{table}
                
Dimensions can be in units of em, ex, in, pt, pc,
cm, mm, dd, cc, nd, nc, bp, or sp; but yours is a new one!
I'll assume that you meant to say pt, for printer's points.
To recover gracefully from this error, it's best to
delete the erroneous units; e.g., type `2' to delete
two letters. (See Chapter 27 of The TeXbook.)

! Undefined control sequence.
\@addmarginpar ...marbox \z@ \global \dp \@marbox 
                                                  \z@ \kern -\@pagedp \noint...
l.21 \end{table}
                
The control sequence at the end of the top line
of your error message was never \def'ed. If you have
misspelled it (e.g., `\hobx'), type `I' and the correct
spelling (e.g., `I\hbox'). Otherwise just continue,
and I'll forget about whatever was undefined.

! Missing number, treated as zero.
<to be read again> 
                   \kern 
l.21 \end{table}
                
A number should have been here; I inserted `0'.
(If you can't figure out why I needed to see a number,
look up `weird error' in the index to The TeXbook.)

! Illegal unit of measure (pt inserted).
<to be read again> 
                   \kern 
l.21 \end{table}
                
Dimensions can be in units of em, ex, in, pt, pc,
cm, mm, dd, cc, nd, nc, bp, or sp; but yours is a new one!
I'll assume that you meant to say pt, for printer's points.
To recover gracefully from this error, it's best to
delete the erroneous units; e.g., type `2' to delete
two letters. (See Chapter 27 of The TeXbook.)

! You can't use `\prevdepth' in horizontal mode.
\nointerlineskip ->\prevdepth 
                              -\@m \p@ 
l.21 \end{table}
                
Sorry, but I'm not programmed to handle this case;
I'll just pretend that you didn't ask for it.
If you're in the wrong mode, you might be able to
return to the right one by typing `I}' or `I$' or `I\par'.

! Missing $ inserted.
<inserted text> 
                $
l.21 \end{table}
                
I've inserted a begin-math/end-math symbol since I think
you left one out. Proceed, with fingers crossed.

! Missing number, treated as zero.
<to be read again> 
                   \hbox 
l.21 \end{table}
                
A number should have been here; I inserted `0'.
(If you can't figure out why I needed to see a number,
look up `weird error' in the index to The TeXbook.)

! Illegal unit of measure (pt inserted).
<to be read again> 
                   \hbox 
l.21 \end{table}
                
Dimensions can be in units of em, ex, in, pt, pc,
cm, mm, dd, cc, nd, nc, bp, or sp; but yours is a new one!
I'll assume that you meant to say pt, for printer's points.
To recover gracefully from this error, it's best to
delete the erroneous units; e.g., type `2' to delete
two letters. (See Chapter 27 of The TeXbook.)

! Undefined control sequence.
\@addmarginpar ...arginparwidth \fi \box \@marbox 
                                                  \hss }\nointerlineskip \hb...
l.21 \end{table}
                
The control sequence at the end of the top line
of your error message was never \def'ed. If you have
misspelled it (e.g., `\hobx'), type `I' and the correct
spelling (e.g., `I\hbox'). Otherwise just continue,
and I'll forget about whatever was undefined.

! Missing number, treated as zero.
<to be read again> 
                   \hss 
l.21 \end{table}
                
A number should have been here; I inserted `0'.
(If you can't figure out why I needed to see a number,
look up `weird error' in the index to The TeXbook.)

! You can't use `\prevdepth' in math mode.
\nointerlineskip ->\prevdepth 
                              -\@m \p@ 
l.21 \end{table}
                
Sorry, but I'm not programmed to handle this case;
I'll just pretend that you didn't ask for it.
If you're in the wrong mode, you might be able to
return to the right one by typing `I}' or `I$' or `I\par'.

! Missing number, treated as zero.
<to be read again> 
                   \hbox 
l.21 \end{table}
                
A number should have been here; I inserted `0'.
(If you can't figure out why I needed to see a number,
look up `weird error' in the index to The TeXbook.)

! Illegal unit of measure (pt inserted).
<to be read again> 
                   \hbox 
l.21 \end{table}
                
Dimensions can be in units of em, ex, in, pt, pc,
cm, mm, dd, cc, nd, nc, bp, or sp; but yours is a new one!
I'll assume that you meant to say pt, for printer's points.
To recover gracefully from this error, it's best to
delete the erroneous units; e.g., type `2' to delete
two letters. (See Chapter 27 of The TeXbook.)

! Extra }, or forgotten $.
<output> ...i \else \global \vsize \maxdimen \fi }
                                                  
l.21 \end{table}
                
I've deleted a group-closing symbol because it seems to be
spurious, as in `$x}$'. But perhaps the } is legitimate and
you forgot something else, as in `\hbox{$x}'. In such cases
the way to recover is to insert both the forgotten and the
deleted material, e.g., by typing `I$}'.

! Emergency stop.
<output> ...i \else \global \vsize \maxdimen \fi }
                                                  
l.21 \end{table}
                
Unbalanced output routine

 
Here is how much of TeX's memory you used:
 17088 strings out of 467886
 269417 string characters out of 5434056
 1177919 words of memory out of 5000000
 45015 multiletter control sequences out of 15000+600000
 742009 words of font info for 192 fonts, out of 8000000 for 9000
 1141 hyphenation exceptions out of 8191
 90i,16n,93p,1157b,570s stack positions out of 10000i,1000n,20000p,200000b,200000s
!  ==> Fatal error occurred, no output PDF file produced!
